predictor,phi_left,phi_right,unsafe,conservative
nonbacktracking,0.15,0.1775,0.014084507042253521,0.0
nonbacktracking,0.1775,0.21999999999999997,0.028169014084507043,0.0
nonbacktracking,0.21999999999999997,0.22499999999999998,0.04225352112676056,0.0
nonbacktracking,0.22499999999999998,0.23749999999999993,0.056338028169014086,0.0
nonbacktracking,0.23749999999999993,0.25,0.07042253521126761,0.0
nonbacktracking,0.25,0.25749999999999995,0.08450704225352113,0.0
nonbacktracking,0.25749999999999995,0.26749999999999996,0.09859154929577464,0.0
nonbacktracking,0.26749999999999996,0.275,0.11267605633802817,0.0
nonbacktracking,0.275,0.27749999999999997,0.1267605633802817,0.0
nonbacktracking,0.27749999999999997,0.2825,0.15492957746478872,0.0
nonbacktracking,0.2825,0.28500000000000003,0.19718309859154928,0.0
nonbacktracking,0.28500000000000003,0.29000000000000004,0.22535211267605634,0.0
nonbacktracking,0.29000000000000004,0.2925,0.2535211267605634,0.0
nonbacktracking,0.2925,0.29500000000000004,0.28169014084507044,0.0
nonbacktracking,0.29500000000000004,0.2975,0.323943661971831,0.0
nonbacktracking,0.2975,0.29999999999999993,0.352112676056338,0.0
nonbacktracking,0.29999999999999993,0.3025,0.38028169014084506,0.0
nonbacktracking,0.3025,0.30499999999999994,0.4225352112676056,0.0
nonbacktracking,0.30499999999999994,0.3125,0.43661971830985913,0.0
nonbacktracking,0.3125,0.31499999999999995,0.4507042253521127,0.0
nonbacktracking,0.31499999999999995,0.3175,0.4647887323943662,0.0
nonbacktracking,0.3175,0.32499999999999996,0.49295774647887325,0.0
nonbacktracking,0.32499999999999996,0.3275,0.5633802816901409,0.0
nonbacktracking,0.3275,0.32999999999999996,0.5915492957746479,0.0
nonbacktracking,0.32999999999999996,0.33499999999999996,0.6056338028169014,0.0
nonbacktracking,0.33499999999999996,0.3375,0.6197183098591549,0.0
nonbacktracking,0.3375,0.33999999999999997,0.6338028169014085,0.0
nonbacktracking,0.33999999999999997,0.3425,0.647887323943662,0.0
nonbacktracking,0.3425,0.345,0.676056338028169,0.0
nonbacktracking,0.345,0.34750000000000003,0.6901408450704225,0.0
nonbacktracking,0.34750000000000003,0.35,0.7183098591549296,0.0
nonbacktracking,0.35,0.35250000000000004,0.7323943661971831,0.0
nonbacktracking,0.35250000000000004,0.355,0.7605633802816901,0.0
nonbacktracking,0.355,0.35750000000000004,0.7746478873239436,0.0
nonbacktracking,0.35750000000000004,0.365,0.7887323943661971,0.0
nonbacktracking,0.365,0.37249999999999994,0.8028169014084507,0.0
nonbacktracking,0.37249999999999994,0.375,0.8169014084507042,0.0
nonbacktracking,0.375,0.37749999999999995,0.8309859154929577,0.0
nonbacktracking,0.37749999999999995,0.38,0.8450704225352113,0.0
nonbacktracking,0.38,0.38249999999999995,0.8591549295774648,0.0
nonbacktracking,0.38249999999999995,0.385,0.8732394366197183,0.0
nonbacktracking,0.385,0.39,0.8873239436619719,0.0
nonbacktracking,0.39,0.395,0.9014084507042254,0.0
nonbacktracking,0.395,0.39749999999999996,0.9154929577464789,0.0
nonbacktracking,0.39749999999999996,0.4,0.9295774647887324,0.0
nonbacktracking,0.4,0.41000000000000003,0.9436619718309859,0.0
nonbacktracking,0.41000000000000003,0.41500000000000004,0.9577464788732394,0.0
nonbacktracking,0.41500000000000004,0.42000000000000004,0.971830985915493,0.0
nonbacktracking,0.42000000000000004,0.44499999999999995,0.9859154929577465,0.0
nonbacktracking,0.44499999999999995,0.55,1.0,0.0
CEBH,0.15,0.1775,0.014084507042253521,0.0
CEBH,0.1775,0.21999999999999997,0.028169014084507043,0.0
CEBH,0.21999999999999997,0.22499999999999998,0.04225352112676056,0.0
CEBH,0.22499999999999998,0.23749999999999993,0.056338028169014086,0.0
CEBH,0.23749999999999993,0.25,0.07042253521126761,0.0
CEBH,0.25,0.25749999999999995,0.08450704225352113,0.0
CEBH,0.25749999999999995,0.26749999999999996,0.09859154929577464,0.0
CEBH,0.26749999999999996,0.275,0.11267605633802817,0.0
CEBH,0.275,0.27749999999999997,0.1267605633802817,0.0
CEBH,0.27749999999999997,0.2825,0.15492957746478872,0.0
CEBH,0.2825,0.28500000000000003,0.19718309859154928,0.0
CEBH,0.28500000000000003,0.29000000000000004,0.22535211267605634,0.0
CEBH,0.29000000000000004,0.2925,0.2535211267605634,0.0
CEBH,0.2925,0.29500000000000004,0.28169014084507044,0.0
CEBH,0.29500000000000004,0.2975,0.323943661971831,0.0
CEBH,0.2975,0.29999999999999993,0.352112676056338,0.0
CEBH,0.29999999999999993,0.3025,0.38028169014084506,0.0
CEBH,0.3025,0.30499999999999994,0.4225352112676056,0.0
CEBH,0.30499999999999994,0.3125,0.43661971830985913,0.0
CEBH,0.3125,0.31499999999999995,0.4507042253521127,0.0
CEBH,0.31499999999999995,0.3175,0.4647887323943662,0.0
CEBH,0.3175,0.32499999999999996,0.49295774647887325,0.0
CEBH,0.32499999999999996,0.3275,0.5633802816901409,0.0
CEBH,0.3275,0.32999999999999996,0.5915492957746479,0.0
CEBH,0.32999999999999996,0.33499999999999996,0.6056338028169014,0.0
CEBH,0.33499999999999996,0.3375,0.6197183098591549,0.0
CEBH,0.3375,0.33999999999999997,0.6338028169014085,0.0
CEBH,0.33999999999999997,0.3425,0.647887323943662,0.0
CEBH,0.3425,0.345,0.676056338028169,0.0
CEBH,0.345,0.34750000000000003,0.6901408450704225,0.0
CEBH,0.34750000000000003,0.35,0.7183098591549296,0.0
CEBH,0.35,0.35250000000000004,0.7323943661971831,0.0
CEBH,0.35250000000000004,0.355,0.7605633802816901,0.0
CEBH,0.355,0.35750000000000004,0.7746478873239436,0.0
CEBH,0.35750000000000004,0.365,0.7887323943661971,0.0
CEBH,0.365,0.37249999999999994,0.8028169014084507,0.0
CEBH,0.37249999999999994,0.375,0.8169014084507042,0.0
CEBH,0.375,0.37749999999999995,0.8309859154929577,0.0
CEBH,0.37749999999999995,0.38,0.8450704225352113,0.0
CEBH,0.38,0.38249999999999995,0.8591549295774648,0.0
CEBH,0.38249999999999995,0.385,0.8732394366197183,0.0
CEBH,0.385,0.39,0.8873239436619719,0.0
CEBH,0.39,0.395,0.9014084507042254,0.0
CEBH,0.395,0.39749999999999996,0.9154929577464789,0.0
CEBH,0.39749999999999996,0.4,0.9295774647887324,0.0
CEBH,0.4,0.41000000000000003,0.9436619718309859,0.0
CEBH,0.41000000000000003,0.41500000000000004,0.9577464788732394,0.0
CEBH,0.41500000000000004,0.42000000000000004,0.971830985915493,0.0
CEBH,0.42000000000000004,0.42554786060261196,0.9859154929577465,0.0
CEBH,0.42554786060261196,0.4310948175304117,0.971830985915493,0.0
CEBH,0.4310948175304117,0.44499999999999995,0.9577464788732394,0.0
CEBH,0.44499999999999995,0.4566907863000482,0.971830985915493,0.0
CEBH,0.4566907863000482,0.4800152834075354,0.9577464788732394,0.0
CEBH,0.4800152834075354,0.487674278422746,0.9436619718309859,0.0
CEBH,0.487674278422746,0.4904347744059466,0.9295774647887324,0.0
CEBH,0.4904347744059466,0.4924011640769924,0.9154929577464789,0.0
CEBH,0.4924011640769924,0.49341447587646226,0.9014084507042254,0.0
CEBH,0.49341447587646226,0.49405028531365014,0.8873239436619719,0.0
CEBH,0.49405028531365014,0.4955494075900643,0.8732394366197183,0.0
CEBH,0.4955494075900643,0.4969213271629147,0.8591549295774648,0.0
CEBH,0.4969213271629147,0.498872368860675,0.8450704225352113,0.0
CEBH,0.498872368860675,0.501551080498449,0.8309859154929577,0.0
CEBH,0.501551080498449,0.5030983884482725,0.8169014084507042,0.0
CEBH,0.5030983884482725,0.5044838513923537,0.8028169014084507,0.0
CEBH,0.5044838513923537,0.5046630980630208,0.7887323943661971,0.0
CEBH,0.5046630980630208,0.5063600979093936,0.7746478873239436,0.0
CEBH,0.5063600979093936,0.5088802010611562,0.7605633802816901,0.0
CEBH,0.5088802010611562,0.5091388324763428,0.7464788732394366,0.0
CEBH,0.5091388324763428,0.5094187185016548,0.7323943661971831,0.0
CEBH,0.5094187185016548,0.5110331976658657,0.7183098591549296,0.0
CEBH,0.5110331976658657,0.5118441377985057,0.704225352112676,0.0
CEBH,0.5118441377985057,0.512375954879703,0.6901408450704225,0.0
CEBH,0.512375954879703,0.5127036751881591,0.676056338028169,0.0
CEBH,0.5127036751881591,0.5174962845727742,0.6619718309859155,0.0
CEBH,0.5174962845727742,0.517725810542052,0.647887323943662,0.0
CEBH,0.517725810542052,0.5188223411225158,0.6338028169014085,0.0
CEBH,0.5188223411225158,0.519806770158938,0.6197183098591549,0.0
CEBH,0.519806770158938,0.5199203187250996,0.6056338028169014,0.0
CEBH,0.5199203187250996,0.520651622133001,0.5915492957746479,0.0
CEBH,0.520651622133001,0.5231987994904814,0.5774647887323944,0.0
CEBH,0.5231987994904814,0.5294670289211082,0.5633802816901409,0.0
CEBH,0.5294670289211082,0.5295443592892564,0.5492957746478874,0.0
CEBH,0.5295443592892564,0.5310354620774781,0.5352112676056338,0.0
CEBH,0.5310354620774781,0.5313912743513862,0.5211267605633803,0.0
CEBH,0.5313912743513862,0.5331795684974292,0.5070422535211268,0.0
CEBH,0.5331795684974292,0.533319142897687,0.49295774647887325,0.0
CEBH,0.533319142897687,0.5334371144921578,0.4788732394366197,0.0
CEBH,0.5334371144921578,0.5348224633863661,0.4647887323943662,0.0
CEBH,0.5348224633863661,0.5351227591582228,0.4507042253521127,0.0
CEBH,0.5351227591582228,0.5370018730220242,0.43661971830985913,0.0
CEBH,0.5370018730220242,0.5386966149952546,0.4225352112676056,0.0
CEBH,0.5386966149952546,0.5399622404027692,0.4084507042253521,0.0
CEBH,0.5399622404027692,0.5401172715801975,0.39436619718309857,0.0
CEBH,0.5401172715801975,0.5456594220795259,0.38028169014084506,0.0
CEBH,0.5456594220795259,0.545749404902766,0.36619718309859156,0.0
CEBH,0.545749404902766,0.546025947956002,0.352112676056338,0.0
CEBH,0.546025947956002,0.5474532431356944,0.3380281690140845,0.0
CEBH,0.5474532431356944,0.5483346100630051,0.323943661971831,0.0
CEBH,0.5483346100630051,0.5496750232126277,0.30985915492957744,0.0
CEBH,0.5496750232126277,0.55,0.29577464788732394,0.0
junction,0.15,0.1775,0.014084507042253521,0.0
junction,0.1775,0.21999999999999997,0.028169014084507043,0.0
junction,0.21999999999999997,0.22499999999999998,0.04225352112676056,0.0
junction,0.22499999999999998,0.23749999999999993,0.056338028169014086,0.0
junction,0.23749999999999993,0.25,0.07042253521126761,0.0
junction,0.25,0.25749999999999995,0.08450704225352113,0.0
junction,0.25749999999999995,0.26749999999999996,0.09859154929577464,0.0
junction,0.26749999999999996,0.275,0.11267605633802817,0.0
junction,0.275,0.27749999999999997,0.1267605633802817,0.0
junction,0.27749999999999997,0.2825,0.15492957746478872,0.0
junction,0.2825,0.28500000000000003,0.19718309859154928,0.0
junction,0.28500000000000003,0.29000000000000004,0.22535211267605634,0.0
junction,0.29000000000000004,0.2925,0.2535211267605634,0.0
junction,0.2925,0.29500000000000004,0.28169014084507044,0.0
junction,0.29500000000000004,0.2975,0.323943661971831,0.0
junction,0.2975,0.29999999999999993,0.352112676056338,0.0
junction,0.29999999999999993,0.3025,0.38028169014084506,0.0
junction,0.3025,0.30499999999999994,0.4225352112676056,0.0
junction,0.30499999999999994,0.3125,0.43661971830985913,0.0
junction,0.3125,0.31499999999999995,0.4507042253521127,0.0
junction,0.31499999999999995,0.3175,0.4647887323943662,0.0
junction,0.3175,0.32499999999999996,0.49295774647887325,0.0
junction,0.32499999999999996,0.3275,0.5633802816901409,0.0
junction,0.3275,0.32999999999999996,0.5915492957746479,0.0
junction,0.32999999999999996,0.33499999999999996,0.6056338028169014,0.0
junction,0.33499999999999996,0.3375,0.6197183098591549,0.0
junction,0.3375,0.33999999999999997,0.6338028169014085,0.0
junction,0.33999999999999997,0.3425,0.647887323943662,0.0
junction,0.3425,0.345,0.676056338028169,0.0
junction,0.345,0.34750000000000003,0.6901408450704225,0.0
junction,0.34750000000000003,0.35,0.7183098591549296,0.0
junction,0.35,0.35250000000000004,0.7323943661971831,0.0
junction,0.35250000000000004,0.355,0.7605633802816901,0.0
junction,0.355,0.35573235070614173,0.7746478873239436,0.0
junction,0.35573235070614173,0.35750000000000004,0.7605633802816901,0.0
junction,0.35750000000000004,0.35945421887280027,0.7746478873239436,0.0
junction,0.35945421887280027,0.3601933938145021,0.7605633802816901,0.0
junction,0.3601933938145021,0.3640737209714524,0.7464788732394366,0.0
junction,0.3640737209714524,0.36450970121884085,0.7323943661971831,0.0
junction,0.36450970121884085,0.36454413661049445,0.7183098591549296,0.0
junction,0.36454413661049445,0.365,0.704225352112676,0.0
junction,0.365,0.36562553929522157,0.7183098591549296,0.0
junction,0.36562553929522157,0.3659403131908554,0.704225352112676,0.0
junction,0.3659403131908554,0.36609370862286406,0.6901408450704225,0.0
junction,0.36609370862286406,0.3664646463571538,0.676056338028169,0.0
junction,0.3664646463571538,0.3669277812140991,0.6619718309859155,0.0
junction,0.3669277812140991,0.36732447197175,0.647887323943662,0.0
junction,0.36732447197175,0.36795759974739617,0.6338028169014085,0.0
junction,0.36795759974739617,0.3680213173026091,0.6197183098591549,0.0
junction,0.3680213173026091,0.3681322471610923,0.6056338028169014,0.0
junction,0.3681322471610923,0.3682206961629175,0.5915492957746479,0.0
junction,0.3682206961629175,0.36867263135247086,0.5774647887323944,0.0
junction,0.36867263135247086,0.36933140835502465,0.5633802816901409,0.0
junction,0.36933140835502465,0.36967374525111896,0.5492957746478874,0.0
junction,0.36967374525111896,0.37006599848026966,0.5352112676056338,0.0
junction,0.37006599848026966,0.37046186900517686,0.5211267605633803,0.0
junction,0.37046186900517686,0.37249999999999994,0.5070422535211268,0.0
junction,0.37249999999999994,0.3732465733875592,0.5211267605633803,0.0
junction,0.3732465733875592,0.3735567699811737,0.5070422535211268,0.0
junction,0.3735567699811737,0.3740898206892541,0.49295774647887325,0.0
junction,0.3740898206892541,0.3747213956444335,0.4788732394366197,0.0
junction,0.3747213956444335,0.375,0.4647887323943662,0.0
junction,0.375,0.3751357866328602,0.4788732394366197,0.0
junction,0.3751357866328602,0.3753165833771649,0.4647887323943662,0.0
junction,0.3753165833771649,0.3753687677475839,0.4507042253521127,0.0
junction,0.3753687677475839,0.37586896865613884,0.43661971830985913,0.0
junction,0.37586896865613884,0.37593903197424194,0.4225352112676056,0.0
junction,0.37593903197424194,0.37606273334048523,0.4084507042253521,0.0
junction,0.37606273334048523,0.37662148417302777,0.39436619718309857,0.0
junction,0.37662148417302777,0.37669157683943866,0.38028169014084506,0.0
junction,0.37669157683943866,0.3770041006205245,0.36619718309859156,0.0
junction,0.3770041006205245,0.3774738628835461,0.352112676056338,0.0
junction,0.3774738628835461,0.37749999999999995,0.3380281690140845,0.0
junction,0.37749999999999995,0.3780879629643564,0.352112676056338,0.0
junction,0.3780879629643564,0.37833368148551494,0.3380281690140845,0.0
junction,0.37833368148551494,0.3783523553586128,0.323943661971831,0.0
junction,0.3783523553586128,0.3785023906027708,0.30985915492957744,0.0
junction,0.3785023906027708,0.38,0.29577464788732394,0.0
junction,0.38,0.38006212095660674,0.30985915492957744,0.0
junction,0.38006212095660674,0.38089793940203975,0.29577464788732394,0.0
junction,0.38089793940203975,0.38099543279432646,0.28169014084507044,0.0
junction,0.38099543279432646,0.38148203839618233,0.2676056338028169,0.0
junction,0.38148203839618233,0.3817838006406832,0.2535211267605634,0.0
junction,0.3817838006406832,0.3822254104925461,0.23943661971830985,0.0
junction,0.3822254104925461,0.38249999999999995,0.22535211267605634,0.0
junction,0.38249999999999995,0.3832419001166534,0.23943661971830985,0.0
junction,0.3832419001166534,0.38398689544109177,0.22535211267605634,0.0
junction,0.38398689544109177,0.385,0.2112676056338028,0.0
junction,0.385,0.38699373161545614,0.22535211267605634,0.0
junction,0.38699373161545614,0.38742954710903177,0.2112676056338028,0.0
junction,0.38742954710903177,0.38799739616021756,0.19718309859154928,0.0
junction,0.38799739616021756,0.3881767920779178,0.18309859154929578,0.0
junction,0.3881767920779178,0.3885848365017378,0.16901408450704225,0.0
junction,0.3885848365017378,0.388860127701675,0.15492957746478872,0.0
junction,0.388860127701675,0.3895638387285578,0.14084507042253522,0.0
junction,0.3895638387285578,0.39,0.1267605633802817,0.0
junction,0.39,0.3906485374923774,0.14084507042253522,0.0
junction,0.3906485374923774,0.3914517138826884,0.1267605633802817,0.0
junction,0.3914517138826884,0.3916022299528801,0.11267605633802817,0.0
junction,0.3916022299528801,0.3916370151830446,0.09859154929577464,0.0
junction,0.3916370151830446,0.395,0.08450704225352113,0.0
junction,0.395,0.3961670933840491,0.09859154929577464,0.0
junction,0.3961670933840491,0.39749999999999996,0.08450704225352113,0.0
junction,0.39749999999999996,0.39788269495982354,0.09859154929577464,0.0
junction,0.39788269495982354,0.4,0.09859154929577464,0.014084507042253521
junction,0.4,0.40348102709630607,0.11267605633802817,0.014084507042253521
junction,0.40348102709630607,0.4035541236387463,0.09859154929577464,0.014084507042253521
junction,0.4035541236387463,0.40377886570021115,0.08450704225352113,0.014084507042253521
junction,0.40377886570021115,0.4052309003493205,0.07042253521126761,0.014084507042253521
junction,0.4052309003493205,0.40638251762961963,0.056338028169014086,0.014084507042253521
junction,0.40638251762961963,0.4066841143833929,0.04225352112676056,0.014084507042253521
junction,0.4066841143833929,0.41000000000000003,0.028169014084507043,0.014084507042253521
junction,0.41000000000000003,0.41383942369444426,0.028169014084507043,0.0
junction,0.41383942369444426,0.41500000000000004,0.028169014084507043,0.014084507042253521
junction,0.41500000000000004,0.42000000000000004,0.04225352112676056,0.014084507042253521
junction,0.42000000000000004,0.4215866633057437,0.04225352112676056,0.0
junction,0.4215866633057437,0.42865913302086966,0.028169014084507043,0.0
junction,0.42865913302086966,0.4313459735509687,0.014084507042253521,0.0
junction,0.4313459735509687,0.43644469811097053,0.0,0.0
junction,0.43644469811097053,0.44499999999999995,0.0,0.014084507042253521
junction,0.44499999999999995,0.55,0.0,0.0
2D,0.15,0.1775,0.0,0.014084507042253521
2D,0.1775,0.18457222005185214,0.0,0.0
2D,0.18457222005185214,0.20756777770578594,0.0,0.014084507042253521
2D,0.20756777770578594,0.21999999999999997,0.0,0.028169014084507043
2D,0.21999999999999997,0.22117864428961853,0.0,0.014084507042253521
2D,0.22117864428961853,0.22499999999999998,0.0,0.028169014084507043
2D,0.22499999999999998,0.227612536340692,0.014084507042253521,0.028169014084507043
2D,0.227612536340692,0.2334632133852853,0.0,0.028169014084507043
2D,0.2334632133852853,0.23749999999999993,0.0,0.04225352112676056
2D,0.23749999999999993,0.24849617948301084,0.014084507042253521,0.04225352112676056
2D,0.24849617948301084,0.24864116323351215,0.014084507042253521,0.056338028169014086
2D,0.24864116323351215,0.25,0.014084507042253521,0.07042253521126761
2D,0.25,0.25192784818614633,0.028169014084507043,0.07042253521126761
2D,0.25192784818614633,0.25222935244603717,0.014084507042253521,0.07042253521126761
2D,0.25222935244603717,0.25227051257064903,0.014084507042253521,0.08450704225352113
2D,0.25227051257064903,0.252876304023845,0.014084507042253521,0.09859154929577464
2D,0.252876304023845,0.2537974683544304,0.0,0.09859154929577464
2D,0.2537974683544304,0.2546141384165821,0.0,0.11267605633802817
2D,0.2546141384165821,0.25749999999999995,0.0,0.1267605633802817
2D,0.25749999999999995,0.2580177594928369,0.0,0.11267605633802817
2D,0.2580177594928369,0.25838935693416165,0.0,0.1267605633802817
2D,0.25838935693416165,0.2632575757575758,0.0,0.14084507042253522
2D,0.2632575757575758,0.26490497919069356,0.0,0.15492957746478872
2D,0.26490497919069356,0.26749999999999996,0.0,0.16901408450704225
2D,0.26749999999999996,0.2691707668306732,0.0,0.15492957746478872
2D,0.2691707668306732,0.2703190258632522,0.0,0.16901408450704225
2D,0.2703190258632522,0.27375153082051984,0.0,0.18309859154929578
2D,0.27375153082051984,0.275,0.0,0.19718309859154928
2D,0.275,0.2758645928636779,0.0,0.18309859154929578
2D,0.2758645928636779,0.27614622170796066,0.0,0.19718309859154928
2D,0.27614622170796066,0.27749999999999997,0.0,0.2112676056338028
2D,0.27749999999999997,0.2776796351834354,0.0,0.18309859154929578
2D,0.2776796351834354,0.2796099391596065,0.0,0.19718309859154928
2D,0.2796099391596065,0.2823240589198036,0.0,0.2112676056338028
2D,0.2823240589198036,0.2825,0.0,0.22535211267605634
2D,0.2825,0.2836874858930126,0.0,0.18309859154929578
2D,0.2836874858930126,0.28500000000000003,0.0,0.19718309859154928
2D,0.28500000000000003,0.29000000000000004,0.0,0.16901408450704225
2D,0.29000000000000004,0.2925,0.0,0.14084507042253522
2D,0.2925,0.29316524362398466,0.0,0.11267605633802817
2D,0.29316524362398466,0.29452367196764684,0.0,0.1267605633802817
2D,0.29452367196764684,0.29500000000000004,0.0,0.14084507042253522
2D,0.29500000000000004,0.2975,0.014084507042253521,0.11267605633802817
2D,0.2975,0.29930938770115323,0.014084507042253521,0.08450704225352113
2D,0.29930938770115323,0.29999999999999993,0.014084507042253521,0.09859154929577464
2D,0.29999999999999993,0.3025,0.04225352112676056,0.09859154929577464
2D,0.3025,0.30270897415142195,0.056338028169014086,0.07042253521126761
2D,0.30270897415142195,0.30499999999999994,0.056338028169014086,0.08450704225352113
2D,0.30499999999999994,0.30633041688111173,0.056338028169014086,0.07042253521126761
2D,0.30633041688111173,0.30756354099824224,0.056338028169014086,0.08450704225352113
2D,0.30756354099824224,0.30778576190828955,0.056338028169014086,0.09859154929577464
2D,0.30778576190828955,0.30792253521126756,0.04225352112676056,0.09859154929577464
2D,0.30792253521126756,0.30936575594531013,0.028169014084507043,0.09859154929577464
2D,0.30936575594531013,0.31238250549251434,0.014084507042253521,0.09859154929577464
2D,0.31238250549251434,0.3125,0.014084507042253521,0.11267605633802817
2D,0.3125,0.31499999999999995,0.014084507042253521,0.09859154929577464
2D,0.31499999999999995,0.3162539838195636,0.014084507042253521,0.08450704225352113
2D,0.3162539838195636,0.3175,0.014084507042253521,0.09859154929577464
2D,0.3175,0.31785579463948654,0.028169014084507043,0.08450704225352113
2D,0.31785579463948654,0.3185526494104892,0.028169014084507043,0.09859154929577464
2D,0.3185526494104892,0.3209740222002674,0.028169014084507043,0.11267605633802817
2D,0.3209740222002674,0.3248507867607162,0.014084507042253521,0.11267605633802817
2D,0.3248507867607162,0.32499999999999996,0.014084507042253521,0.1267605633802817
2D,0.32499999999999996,0.32564455665213066,0.04225352112676056,0.08450704225352113
2D,0.32564455665213066,0.32581473331237554,0.04225352112676056,0.09859154929577464
2D,0.32581473331237554,0.3258151994179509,0.04225352112676056,0.11267605633802817
2D,0.3258151994179509,0.3275,0.04225352112676056,0.1267605633802817
2D,0.3275,0.32999999999999996,0.056338028169014086,0.11267605633802817
2D,0.32999999999999996,0.33045794748192314,0.056338028169014086,0.09859154929577464
2D,0.33045794748192314,0.33060741519852743,0.056338028169014086,0.11267605633802817
2D,0.33060741519852743,0.33229093801862597,0.04225352112676056,0.11267605633802817
2D,0.33229093801862597,0.33333333333333337,0.028169014084507043,0.11267605633802817
2D,0.33333333333333337,0.33499999999999996,0.028169014084507043,0.1267605633802817
2D,0.33499999999999996,0.33631663150084634,0.04225352112676056,0.1267605633802817
2D,0.33631663150084634,0.3367773136953177,0.028169014084507043,0.1267605633802817
2D,0.3367773136953177,0.3370061507112939,0.028169014084507043,0.14084507042253522
2D,0.3370061507112939,0.3375,0.028169014084507043,0.15492957746478872
2D,0.3375,0.33752958898213903,0.04225352112676056,0.15492957746478872
2D,0.33752958898213903,0.33973060563095003,0.028169014084507043,0.15492957746478872
2D,0.33973060563095003,0.33999999999999997,0.014084507042253521,0.15492957746478872
2D,0.33999999999999997,0.3418473895582329,0.014084507042253521,0.14084507042253522
2D,0.3418473895582329,0.3425,0.014084507042253521,0.15492957746478872
2D,0.3425,0.34386764539239256,0.014084507042253521,0.1267605633802817
2D,0.34386764539239256,0.345,0.0,0.1267605633802817
2D,0.345,0.34613863126895517,0.0,0.11267605633802817
2D,0.34613863126895517,0.34750000000000003,0.0,0.1267605633802817
2D,0.34750000000000003,0.34811863422871914,0.0,0.09859154929577464
2D,0.34811863422871914,0.3489049484194847,0.0,0.11267605633802817
2D,0.3489049484194847,0.35,0.0,0.1267605633802817
2D,0.35,0.3520471894517696,0.0,0.11267605633802817
2D,0.3520471894517696,0.35250000000000004,0.0,0.1267605633802817
2D,0.35250000000000004,0.355,0.0,0.09859154929577464
2D,0.355,0.35627401693103344,0.0,0.08450704225352113
2D,0.35627401693103344,0.35750000000000004,0.0,0.09859154929577464
2D,0.35750000000000004,0.365,0.0,0.08450704225352113
2D,0.365,0.36650553563075006,0.014084507042253521,0.08450704225352113
2D,0.36650553563075006,0.3667495870970373,0.014084507042253521,0.09859154929577464
2D,0.3667495870970373,0.37249999999999994,0.0,0.09859154929577464
2D,0.37249999999999994,0.37419961024498893,0.0,0.08450704225352113
2D,0.37419961024498893,0.375,0.0,0.09859154929577464
2D,0.375,0.37749999999999995,0.0,0.08450704225352113
2D,0.37749999999999995,0.37981235846004535,0.014084507042253521,0.08450704225352113
2D,0.37981235846004535,0.38,0.014084507042253521,0.09859154929577464
2D,0.38,0.381136207149549,0.014084507042253521,0.08450704225352113
2D,0.381136207149549,0.38249999999999995,0.0,0.08450704225352113
2D,0.38249999999999995,0.385,0.0,0.07042253521126761
2D,0.385,0.3870378619153675,0.0,0.056338028169014086
2D,0.3870378619153675,0.39,0.0,0.07042253521126761
2D,0.39,0.39257901969766373,0.0,0.056338028169014086
2D,0.39257901969766373,0.395,0.0,0.07042253521126761
2D,0.395,0.39749999999999996,0.0,0.056338028169014086
2D,0.39749999999999996,0.4,0.0,0.04225352112676056
2D,0.4,0.41000000000000003,0.0,0.028169014084507043
2D,0.41000000000000003,0.4108116026955758,0.0,0.014084507042253521
2D,0.4108116026955758,0.41500000000000004,0.0,0.028169014084507043
2D,0.41500000000000004,0.42000000000000004,0.0,0.014084507042253521
2D,0.42000000000000004,0.4224487617421008,0.0,0.0
2D,0.4224487617421008,0.44499999999999995,0.0,0.014084507042253521
2D,0.44499999999999995,0.55,0.0,0.0
