instance,system_id,domain,predictor,absolute_error,signed_error,unsafe_integrated,safe_integrated,flip_integrated,unsafe_interval_separated,safe_interval_separated,grid_unsafe,grid_safe,full_band_unsafe,full_band_safe
GBnetwork,GB,power,CEBH,0.32766598700140187,0.32766598700140187,0.5875000000000002,0.0,0.5875000000000002,0.5625000000000002,0.0,0.5882352941176471,0.0,0.3276659870014018,0.0
case1354pegase,PEGASE,power,CEBH,0.2685808435852373,0.2685808435852373,0.3812500000000002,0.0,0.3812500000000002,0.36250000000000004,0.0,0.4117647058823529,0.0,0.26858084358523726,0.0
case1888rte,RTE,power,CEBH,0.2661303801212839,0.2661303801212839,0.3937500000000002,0.0,0.3937500000000002,0.3812500000000002,0.0,0.4117647058823529,0.0,0.26613038012128387,0.0
case2848rte,RTE,power,CEBH,0.26809384834027017,0.26809384834027017,0.41875000000000023,0.0,0.41875000000000023,0.4000000000000001,0.0,0.4117647058823529,0.0,0.26809384834027017,0.0
case2869pegase,PEGASE,power,CEBH,0.3813750796685788,0.3813750796685788,0.6187500000000001,0.0,0.6187500000000001,0.5375000000000002,0.0,0.5882352941176471,0.0,0.38137507966857886,0.0
case300,IEEE300,power,CEBH,0.2998775894538607,0.2998775894538607,0.5875000000000002,0.0,0.5875000000000002,0.5687500000000001,0.0,0.5882352941176471,0.0,0.2998775894538608,0.0
case3120sp,Polish,power,CEBH,0.17575691212701894,0.17575691212701894,0.43939228031754735,0.0,0.43939228031754735,0.4143922803175473,0.0,0.4117647058823529,0.0,0.17575691212701894,0.0
case6470rte,RTE,power,CEBH,0.2476344414835524,0.2476344414835524,0.37500000000000006,0.0,0.37500000000000006,0.36250000000000004,0.0,0.35294117647058826,0.0,0.2476344414835524,0.0
case9241pegase,PEGASE,power,CEBH,0.4761397786274306,0.4761397786274306,0.5937500000000001,0.0,0.5937500000000001,0.5625000000000002,0.0,0.5882352941176471,0.0,0.4761397786274306,0.0
case_illinois200,Illinois,power,CEBH,0.35706521739130437,0.35706521739130437,0.7187500000000002,0.0,0.7187500000000002,0.7062500000000002,0.0,0.7058823529411765,0.0,0.35706521739130437,0.0
GBnetwork,GB,power,2D,0.10815263908701855,-0.10815263908701855,0.0,0.2703815977175464,0.2703815977175464,0.0,0.22038159771754662,0.0,0.23529411764705882,0.0,0.10815263908701855
case1354pegase,PEGASE,power,2D,0.18931286549707604,-0.18931286549707604,0.0,0.4732821637426901,0.4732821637426901,0.0,0.45453216374269023,0.0,0.4117647058823529,0.0,0.18931286549707604
case1888rte,RTE,power,2D,0.2105242634315424,-0.2105242634315424,0.0,0.526310658578856,0.526310658578856,0.0,0.5075606585788561,0.0,0.47058823529411764,0.0,0.2105242634315424
case2848rte,RTE,power,2D,0.20992591516560144,-0.20992591516560144,0.0,0.5248147879140036,0.5248147879140036,0.0,0.5123147879140035,0.0,0.5294117647058824,0.0,0.20992591516560144
case2869pegase,PEGASE,power,2D,0.025534274193548367,-0.025534274193548367,0.0,0.06383568548387092,0.06383568548387092,0.0,0.05133568548387091,0.0,0.058823529411764705,0.0,0.025534274193548367
case300,IEEE300,power,2D,0.048496332518337404,-0.048496332518337404,0.0,0.12124083129584351,0.12124083129584351,0.0,0.10249083129584363,0.0,0.11764705882352941,0.0,0.048496332518337404
case3120sp,Polish,power,2D,0.16690553745928327,-0.16690553745928327,0.0,0.4172638436482082,0.4172638436482082,0.0,0.37976384364820814,0.0,0.35294117647058826,0.0,0.16690553745928327
case6470rte,RTE,power,2D,0.2021324076369948,-0.2021324076369948,0.0,0.505331019092487,0.505331019092487,0.0,0.492831019092487,0.0,0.47058823529411764,0.0,0.2021324076369948
case9241pegase,PEGASE,power,2D,0.03704599845146761,0.03704599845146761,0.09261499612866902,0.0,0.09261499612866902,0.061364996128669136,0.0,0.058823529411764705,0.0,0.03704599845146761,0.0
case_illinois200,Illinois,power,2D,0.07882653061224476,-0.07882653061224476,0.0,0.1970663265306119,0.1970663265306119,0.0,0.17831632653061202,0.0,0.17647058823529413,0.0,0.07882653061224476
GBnetwork,GB,power,junction,0.09878454511672519,0.09878454511672519,0.24696136279181297,0.0,0.24696136279181297,0.22196136279181294,0.0,0.23529411764705882,0.0,0.09878454511672519,0.0
case1354pegase,PEGASE,power,junction,0.03600002570990701,0.03600002570990701,0.09000006427476753,0.0,0.09000006427476753,0.07125006427476738,0.0,0.11764705882352941,0.0,0.03600002570990701,0.0
case1888rte,RTE,power,junction,0.03602688835913925,0.03602688835913925,0.09006722089784813,0.0,0.09006722089784813,0.07756722089784812,0.0,0.11764705882352941,0.0,0.03602688835913925,0.0
case2848rte,RTE,power,junction,0.04245613179683305,0.04245613179683305,0.10614032949208263,0.0,0.10614032949208263,0.08739032949208247,0.0,0.058823529411764705,0.0,0.04245613179683305,0.0
case2869pegase,PEGASE,power,junction,0.13312240949994125,0.13312240949994125,0.33280602374985313,0.0,0.33280602374985313,0.2515560237498532,0.0,0.29411764705882354,0.0,0.13312240949994125,0.0
case300,IEEE300,power,junction,0.10224447643899548,0.10224447643899548,0.2556111910974887,0.0,0.2556111910974887,0.23686119109748854,0.0,0.23529411764705882,0.0,0.10224447643899548,0.0
case3120sp,Polish,power,junction,0.09078720972596555,0.09078720972596555,0.22696802431491386,0.0,0.22696802431491386,0.20196802431491384,0.0,0.23529411764705882,0.0,0.09078720972596555,0.0
case6470rte,RTE,power,junction,0.021735967447497395,0.021735967447497395,0.05433991861874349,0.0,0.05433991861874349,0.04183991861874348,0.0,0.0,0.0,0.021735967447497395,0.0
case9241pegase,PEGASE,power,junction,0.12722224552652395,0.12722224552652395,0.31805561381630987,0.0,0.31805561381630987,0.28680561381631,0.0,0.29411764705882354,0.0,0.12722224552652395,0.0
case_illinois200,Illinois,power,junction,0.1726532467856121,0.1726532467856121,0.4316331169640303,0.0,0.4316331169640303,0.4191331169640303,0.0,0.4117647058823529,0.0,0.1726532467856121,0.0
GBnetwork,GB,power,nonbacktracking,0.29500148423107,0.29500148423107,0.5875000000000002,0.0,0.5875000000000002,0.5625000000000002,0.0,0.5882352941176471,0.0,0.29500148423107,0.0
case1354pegase,PEGASE,power,nonbacktracking,0.27388309034087066,0.27388309034087066,0.3812500000000002,0.0,0.3812500000000002,0.36250000000000004,0.0,0.4117647058823529,0.0,0.27388309034087066,0.0
case1888rte,RTE,power,nonbacktracking,0.27698825664339544,0.27698825664339544,0.3937500000000002,0.0,0.3937500000000002,0.3812500000000002,0.0,0.4117647058823529,0.0,0.27698825664339544,0.0
case2848rte,RTE,power,nonbacktracking,0.32201705152553683,0.32201705152553683,0.41875000000000023,0.0,0.41875000000000023,0.4000000000000001,0.0,0.4117647058823529,0.0,0.32201705152553683,0.0
case2869pegase,PEGASE,power,nonbacktracking,0.5920596753576491,0.5920596753576491,0.6187500000000001,0.0,0.6187500000000001,0.5375000000000002,0.0,0.5882352941176471,0.0,0.5920596753576491,0.0
case300,IEEE300,power,nonbacktracking,0.31415479725860906,0.31415479725860906,0.5875000000000002,0.0,0.5875000000000002,0.5687500000000001,0.0,0.5882352941176471,0.0,0.31415479725860906,0.0
case3120sp,Polish,power,nonbacktracking,0.23951433654509574,0.23951433654509574,0.5750000000000002,0.0,0.5750000000000002,0.5500000000000002,0.0,0.5882352941176471,0.0,0.23951433654509569,0.0
case6470rte,RTE,power,nonbacktracking,0.3230545868138251,0.3230545868138251,0.37500000000000006,0.0,0.37500000000000006,0.36250000000000004,0.0,0.35294117647058826,0.0,0.32305458681382515,0.0
case9241pegase,PEGASE,power,nonbacktracking,0.651343180818269,0.651343180818269,0.5937500000000001,0.0,0.5937500000000001,0.5625000000000002,0.0,0.5882352941176471,0.0,0.651343180818269,0.0
case_illinois200,Illinois,power,nonbacktracking,0.33015116715103626,0.33015116715103626,0.7187500000000002,0.0,0.7187500000000002,0.7062500000000002,0.0,0.7058823529411765,0.0,0.3301511671510362,0.0
Berlin,Berlin,rail,CEBH,0.20012706480304965,0.20012706480304965,0.5003176620076241,0.0,0.5003176620076241,0.49406766200762425,0.0,0.47058823529411764,0.0,0.20012706480304965,0.0
Hamburg,Hamburg,rail,CEBH,0.2732539682539683,0.2732539682539683,0.6831349206349208,0.0,0.6831349206349208,0.6331349206349207,0.0,0.6470588235294118,0.0,0.2732539682539683,0.0
Madrid,Madrid,rail,CEBH,0.25165861513687604,0.25165861513687604,0.6291465378421901,0.0,0.6291465378421901,0.61039653784219,0.0,0.5882352941176471,0.0,0.25165861513687604,0.0
Milan,Milan,rail,CEBH,0.17617947222627206,0.17617947222627206,0.44044868056568015,0.0,0.44044868056568015,0.42169868056568,0.0,0.4117647058823529,0.0,0.17617947222627206,0.0
Osaka,Osaka,rail,CEBH,0.24104881266490752,0.24104881266490752,0.6026220316622688,0.0,0.6026220316622688,0.5901220316622687,0.0,0.5294117647058824,0.0,0.24104881266490752,0.0
Vienna,Vienna,rail,CEBH,0.33761042537998565,0.33761042537998565,0.806526063449964,0.0,0.806526063449964,0.7752760634499641,0.0,0.7647058823529411,0.0,0.33761042537998565,0.0
Berlin,Berlin,rail,2D,0.06089928750240714,-0.06089928750240714,0.0,0.15224821875601785,0.15224821875601785,0.0,0.13974821875601784,0.0,0.11764705882352941,0.0,0.06089928750240714
Hamburg,Hamburg,rail,2D,0.028880597014925513,0.028880597014925513,0.07220149253731378,0.0,0.07220149253731378,0.02220149253731374,0.0,0.058823529411764705,0.0,0.028880597014925513,0.0
Madrid,Madrid,rail,2D,0.029485267369952717,-0.029485267369952717,0.0,0.07371316842488179,0.07371316842488179,0.0,0.0,0.0,0.058823529411764705,0.0,0.029485267369952717
Milan,Milan,rail,2D,0.1066905444126075,-0.1066905444126075,0.0,0.26672636103151875,0.26672636103151875,0.0,0.24797636103151888,0.0,0.23529411764705882,0.0,0.1066905444126075
Osaka,Osaka,rail,2D,0.033124667729930835,-0.033124667729930835,0.0,0.08281166932482709,0.08281166932482709,0.0,0.02031166932482703,0.0,0.11764705882352941,0.0,0.033124667729930835
Vienna,Vienna,rail,2D,0.09304642166344301,0.09304642166344301,0.19511605415860755,0.0,0.19511605415860755,0.1638660541586076,0.0,0.23529411764705882,0.0,0.09304642166344301,0.0
Berlin,Berlin,rail,junction,0.107518971851573,0.107518971851573,0.2687974296289325,0.0,0.2687974296289325,0.2625474296289326,0.0,0.23529411764705882,0.0,0.107518971851573,0.0
Hamburg,Hamburg,rail,junction,0.16430562518420855,0.16430562518420855,0.41076406296052137,0.0,0.41076406296052137,0.3607640629605213,0.0,0.4117647058823529,0.0,0.16430562518420855,0.0
Madrid,Madrid,rail,junction,0.1676915456680491,0.1676915456680491,0.4192288641701228,0.0,0.4192288641701228,0.40047886417012263,0.0,0.4117647058823529,0.0,0.1676915456680491,0.0
Milan,Milan,rail,junction,0.06451370124835298,0.06451370124835298,0.16128425312088246,0.0,0.16128425312088246,0.1425342531208823,0.0,0.17647058823529413,0.0,0.06451370124835298,0.0
Osaka,Osaka,rail,junction,0.15485378643141812,0.15485378643141812,0.3871344660785453,0.0,0.3871344660785453,0.3746344660785453,0.0,0.35294117647058826,0.0,0.15485378643141812,0.0
Vienna,Vienna,rail,junction,0.22473887452887942,0.22473887452887942,0.5243471863221986,0.0,0.5243471863221986,0.4930971863221986,0.0,0.5294117647058824,0.0,0.22473887452887942,0.0
Berlin,Berlin,rail,nonbacktracking,0.323477924156811,0.323477924156811,0.7500000000000001,0.0,0.7500000000000001,0.7437500000000002,0.0,0.7058823529411765,0.0,0.323477924156811,0.0
Hamburg,Hamburg,rail,nonbacktracking,0.39189756906559137,0.39189756906559137,0.8875000000000002,0.0,0.8875000000000002,0.8375000000000001,0.0,0.8823529411764706,0.0,0.39189756906559137,0.0
Madrid,Madrid,rail,nonbacktracking,0.39137172756224275,0.39137172756224275,0.8875000000000002,0.0,0.8875000000000002,0.86875,0.0,0.8823529411764706,0.0,0.3913717275622427,0.0
Milan,Milan,rail,nonbacktracking,0.30582449048855054,0.30582449048855054,0.5875000000000002,0.0,0.5875000000000002,0.5687500000000001,0.0,0.5882352941176471,0.0,0.30582449048855054,0.0
Osaka,Osaka,rail,nonbacktracking,0.31426500459828627,0.31426500459828627,0.7856625114957155,0.0,0.7856625114957155,0.7731625114957155,0.0,0.7058823529411765,0.0,0.3142650045982862,0.0
Vienna,Vienna,rail,nonbacktracking,0.4672981094222018,0.4672981094222018,1.0,0.0,1.0,0.9687500000000001,0.0,1.0,0.0,0.46729810942220174,0.0
Accra,Accra,road,CEBH,0.22192132716291468,0.22192132716291468,0.5548033179072867,0.0,0.5548033179072867,0.5423033179072867,0.0,0.47058823529411764,0.0,0.22192132716291468,0.0
Addis Ababa,Addis Ababa,road,CEBH,0.22022581054205204,0.22022581054205204,0.5505645263551301,0.0,0.5505645263551301,0.5505645263551301,0.0,0.5294117647058824,0.0,0.22022581054205204,0.0
Algiers,Algiers,road,CEBH,0.2359144758764623,0.2359144758764623,0.5897861896911557,0.0,0.5897861896911557,0.5835361896911556,0.0,0.5294117647058824,0.0,0.2359144758764623,0.0
Amsterdam,Amsterdam,road,CEBH,0.20831914289768705,0.20831914289768705,0.5207978572442176,0.0,0.5207978572442176,0.5082978572442176,0.0,0.47058823529411764,0.0,0.20831914289768705,0.0
Athens,Athens,road,CEBH,0.20894303572929024,0.20894303572929024,0.43125000000000024,0.0,0.43125000000000024,0.4250000000000001,0.0,0.4117647058823529,0.0,0.2089430357292903,0.0
Auckland,Auckland,road,CEBH,0.24554940759006427,0.24554940759006427,0.6138735189751606,0.0,0.6138735189751606,0.5576235189751607,0.0,0.5294117647058824,0.0,0.24554940759006427,0.0
Bangkok,Bangkok,road,CEBH,0.3510948175304117,0.3510948175304117,0.7027370438260291,0.0,0.7027370438260291,0.7027370438260291,0.0,0.7058823529411765,0.0,0.3510948175304117,0.0
Barcelona,Barcelona,road,CEBH,0.18868580324923506,0.18868580324923506,0.44375000000000026,0.0,0.44375000000000026,0.4250000000000001,0.0,0.47058823529411764,0.0,0.188685803249235,0.0
Bengaluru,Bengaluru,road,CEBH,0.19737595487970305,0.19737595487970305,0.49343988719925763,0.0,0.49343988719925763,0.4809398871992576,0.0,0.47058823529411764,0.0,0.19737595487970305,0.0
Bogota,Bogota,road,CEBH,0.20310488065868076,0.20310488065868076,0.50625,0.0,0.50625,0.5000000000000001,0.0,0.5294117647058824,0.0,0.2031048806586807,0.0
Boston,Boston,road,CEBH,0.21200187302202422,0.21200187302202422,0.5300046825550605,0.0,0.5300046825550605,0.5175046825550605,0.0,0.47058823529411764,0.0,0.21200187302202422,0.0
Brisbane,Brisbane,road,CEBH,0.21888020106115608,0.21888020106115608,0.5472005026528903,0.0,0.5472005026528903,0.5347005026528903,0.0,0.5294117647058824,0.0,0.21888020106115613,0.0
Buenos Aires,Buenos Aires,road,CEBH,0.17438426222181597,0.17438426222181597,0.26250000000000023,0.0,0.26250000000000023,0.26250000000000023,0.0,0.29411764705882354,0.0,0.17438426222181602,0.0
Cairo,Cairo,road,CEBH,0.20691871850165483,0.20691871850165483,0.5172967962541369,0.0,0.5172967962541369,0.5110467962541371,0.0,0.47058823529411764,0.0,0.20691871850165477,0.0
Casablanca,Casablanca,road,CEBH,0.20511727158019755,0.20511727158019755,0.5127931789504938,0.0,0.5127931789504938,0.5065431789504937,0.0,0.47058823529411764,0.0,0.20511727158019755,0.0
Chennai,Chennai,road,CEBH,0.22405108049844902,0.22405108049844902,0.5601277012461225,0.0,0.5601277012461225,0.5476277012461225,0.0,0.5294117647058824,0.0,0.22405108049844902,0.0
Chicago,Chicago,road,CEBH,0.20400529685997787,0.20400529685997787,0.37500000000000006,0.0,0.37500000000000006,0.3687500000000002,0.0,0.35294117647058826,0.0,0.2040052968599778,0.0
Dakar,Dakar,road,CEBH,0.22246224040276918,0.22246224040276918,0.556155601006923,0.0,0.556155601006923,0.555999351006923,0.0,0.5294117647058824,0.0,0.22246224040276918,0.0
Dar es Salaam,Dar es Salaam,road,CEBH,0.2549011640769925,0.2549011640769925,0.6372529101924812,0.0,0.6372529101924812,0.631002910192481,0.0,0.5882352941176471,0.0,0.2549011640769925,0.0
Delhi,Delhi,road,CEBH,0.2285354620774781,0.2285354620774781,0.5713386551936952,0.0,0.5713386551936952,0.5650886551936953,0.0,0.5294117647058824,0.0,0.2285354620774781,0.0
Dhaka,Dhaka,road,CEBH,0.216372368860675,0.216372368860675,0.5409309221516875,0.0,0.5409309221516875,0.5346809221516874,0.0,0.47058823529411764,0.0,0.216372368860675,0.0
Dubai,Dubai,road,CEBH,0.20913883247634296,0.20913883247634296,0.5228470811908572,0.0,0.5228470811908572,0.5165970811908571,0.0,0.47058823529411764,0.0,0.2091388324763429,0.0
Hanoi,Hanoi,road,CEBH,0.21603319766586576,0.21603319766586576,0.5400829941646642,0.0,0.5400829941646642,0.5213329941646644,0.0,0.5294117647058824,0.0,0.2160331976658657,0.0
Ho Chi Minh City,Ho Chi Minh City,road,CEBH,0.21155028531365017,0.21155028531365017,0.5288757132841254,0.0,0.5288757132841254,0.5163757132841253,0.0,0.47058823529411764,0.0,0.21155028531365017,0.0
Hong Kong,Hong Kong,road,CEBH,0.1898224633863661,0.1898224633863661,0.47455615846591526,0.0,0.47455615846591526,0.4683061584659151,0.0,0.47058823529411764,0.0,0.1898224633863661,0.0
Hyderabad,Hyderabad,road,CEBH,0.24434413779850567,0.24434413779850567,0.6108603444962643,0.0,0.6108603444962643,0.6108603444962643,0.0,0.5882352941176471,0.0,0.24434413779850572,0.0
Istanbul,Istanbul,road,CEBH,0.21369661499525466,0.21369661499525466,0.5342415374881365,0.0,0.5342415374881365,0.5279915374881363,0.0,0.47058823529411764,0.0,0.2136966149952546,0.0
Jakarta,Jakarta,road,CEBH,0.19267427842274598,0.19267427842274598,0.48168569605686495,0.0,0.48168569605686495,0.4691856960568652,0.0,0.47058823529411764,0.0,0.19267427842274598,0.0
Johannesburg,Johannesburg,road,CEBH,0.21574940490276606,0.21574940490276606,0.5393735122569151,0.0,0.5393735122569151,0.5143735122569151,0.0,0.47058823529411764,0.0,0.21574940490276606,0.0
Kampala,Kampala,road,CEBH,0.24804786060261197,0.24804786060261197,0.6201196515065299,0.0,0.6201196515065299,0.6076196515065299,0.0,0.5882352941176471,0.0,0.24804786060261197,0.0
Karachi,Karachi,road,CEBH,0.22837939456990036,0.22837939456990036,0.5625000000000002,0.0,0.5625000000000002,0.55625,0.0,0.5294117647058824,0.0,0.22837939456990042,0.0
Kuala Lumpur,Kuala Lumpur,road,CEBH,0.20059838844827244,0.20059838844827244,0.5014959711206812,0.0,0.5014959711206812,0.49524597112068136,0.0,0.47058823529411764,0.0,0.2005983884482725,0.0
Lagos,Lagos,road,CEBH,0.22716309806302082,0.22716309806302082,0.567907745157552,0.0,0.567907745157552,0.5616577451575518,0.0,0.5294117647058824,0.0,0.22716309806302082,0.0
Lima,Lima,road,CEBH,0.20216547578011362,0.20216547578011362,0.48750000000000016,0.0,0.48750000000000016,0.48125,0.0,0.47058823529411764,0.0,0.20216547578011368,0.0
Lisbon,Lisbon,road,CEBH,0.21948385139235377,0.21948385139235377,0.5487096284808842,0.0,0.5487096284808842,0.5237096284808842,0.0,0.5294117647058824,0.0,0.2194838513923537,0.0
London,London,road,CEBH,0.25501528340753543,0.25501528340753543,0.6375382085188386,0.0,0.6375382085188386,0.6250382085188385,0.0,0.5882352941176471,0.0,0.25501528340753543,0.0
Los Angeles,Los Angeles,road,CEBH,0.17756967379160482,0.17756967379160482,0.3812500000000002,0.0,0.3812500000000002,0.36250000000000004,0.0,0.4117647058823529,0.0,0.17756967379160482,0.0
Manila,Manila,road,CEBH,0.20820204707916756,0.20820204707916756,0.51875,0.0,0.51875,0.5125000000000002,0.0,0.5294117647058824,0.0,0.20820204707916756,0.0
Melbourne,Melbourne,road,CEBH,0.23639127435138618,0.23639127435138618,0.5909781858784654,0.0,0.5909781858784654,0.5847281858784655,0.0,0.5882352941176471,0.0,0.23639127435138618,0.0
Mexico City,Mexico City,road,CEBH,0.1884000442438305,0.1884000442438305,0.4125000000000001,0.0,0.4125000000000001,0.4000000000000001,0.0,0.4117647058823529,0.0,0.1884000442438305,0.0
Miami,Miami,road,CEBH,0.19866892581256385,0.19866892581256385,0.41875000000000023,0.0,0.41875000000000023,0.4125000000000001,0.0,0.4117647058823529,0.0,0.1986689258125639,0.0
Milan,Milan,road,CEBH,0.19262275915822286,0.19262275915822286,0.481556897895557,0.0,0.481556897895557,0.481556897895557,0.0,0.47058823529411764,0.0,0.1926227591582228,0.0
Montevideo,Montevideo,road,CEBH,0.17303168733231816,0.17303168733231816,0.325,0.0,0.325,0.3125000000000003,0.0,0.35294117647058826,0.0,0.17303168733231822,0.0
Montreal,Montreal,road,CEBH,0.20183374244463792,0.20183374244463792,0.4375000000000001,0.0,0.4375000000000001,0.4125000000000001,0.0,0.4117647058823529,0.0,0.20183374244463792,0.0
Mumbai,Mumbai,road,CEBH,0.23499628457277422,0.23499628457277422,0.5874907114319355,0.0,0.5874907114319355,0.5749907114319355,0.0,0.5294117647058824,0.0,0.23499628457277422,0.0
Nairobi,Nairobi,road,CEBH,0.23669078630004825,0.23669078630004825,0.5917269657501206,0.0,0.5917269657501206,0.5667269657501206,0.0,0.5882352941176471,0.0,0.23669078630004825,0.0
New York City,New York City,road,CEBH,0.19735731728093586,0.19735731728093586,0.3375,0.0,0.3375,0.325,0.0,0.35294117647058826,0.0,0.19735731728093586,0.0
Osaka,Osaka,road,CEBH,0.17326427273781458,0.17326427273781458,0.4250000000000001,0.0,0.4250000000000001,0.41875000000000023,0.0,0.4117647058823529,0.0,0.17326427273781453,0.0
Panama City,Panama City,road,CEBH,0.2213600979093936,0.2213600979093936,0.5534002447734839,0.0,0.5534002447734839,0.5471502447734841,0.0,0.5294117647058824,0.0,0.2213600979093936,0.0
Paris,Paris,road,CEBH,0.19352594795600198,0.19352594795600198,0.48381486989000494,0.0,0.48381486989000494,0.48381486989000494,0.0,0.4117647058823529,0.0,0.19352594795600198,0.0
Prague,Prague,road,CEBH,0.2256987994904815,0.2256987994904815,0.5642469987262035,0.0,0.5642469987262035,0.5392469987262035,0.0,0.5294117647058824,0.0,0.22569879949048144,0.0
Quito,Quito,road,CEBH,0.22882234112251576,0.22882234112251576,0.5720558528062893,0.0,0.5720558528062893,0.5345558528062896,0.0,0.5294117647058824,0.0,0.22882234112251576,0.0
Rio de Janeiro,Rio de Janeiro,road,CEBH,0.228151622133001,0.228151622133001,0.5703790553325024,0.0,0.5703790553325024,0.5703790553325024,0.0,0.5294117647058824,0.0,0.228151622133001,0.0
Riyadh,Riyadh,road,CEBH,0.19593711449215778,0.19593711449215778,0.48984278623039446,0.0,0.48984278623039446,0.4835927862303946,0.0,0.47058823529411764,0.0,0.19593711449215778,0.0
Rome,Rome,road,CEBH,0.2169670289211082,0.2169670289211082,0.5424175723027704,0.0,0.5424175723027704,0.5299175723027705,0.0,0.5294117647058824,0.0,0.2169670289211082,0.0
San Francisco,San Francisco,road,CEBH,0.2030232784966512,0.2030232784966512,0.38750000000000007,0.0,0.38750000000000007,0.3812500000000002,0.0,0.4117647058823529,0.0,0.20302327849665125,0.0
Santiago,Santiago,road,CEBH,0.18815942207952585,0.18815942207952585,0.4703985551988146,0.0,0.4703985551988146,0.4578985551988149,0.0,0.4117647058823529,0.0,0.18815942207952585,0.0
Sao Paulo,Sao Paulo,road,CEBH,0.1974532431356944,0.1974532431356944,0.49363310783923614,0.0,0.49363310783923614,0.487383107839236,0.0,0.4117647058823529,0.0,0.19745324313569446,0.0
Seattle,Seattle,road,CEBH,0.21072831232913247,0.21072831232913247,0.50625,0.0,0.50625,0.50625,0.0,0.5294117647058824,0.0,0.21072831232913247,0.0
Seoul,Seoul,road,CEBH,0.2208346100630051,0.2208346100630051,0.5520865251575127,0.0,0.5520865251575127,0.5395865251575127,0.0,0.47058823529411764,0.0,0.2208346100630051,0.0
Singapore,Singapore,road,CEBH,0.20817956849742925,0.20817956849742925,0.5204489212435731,0.0,0.5204489212435731,0.501698921243573,0.0,0.47058823529411764,0.0,0.20817956849742925,0.0
Sydney,Sydney,road,CEBH,0.20770367518815908,0.20770367518815908,0.5192591879703978,0.0,0.5192591879703978,0.5130091879703976,0.0,0.47058823529411764,0.0,0.20770367518815913,0.0
Taipei,Taipei,road,CEBH,0.15831538981640397,0.15831538981640397,0.35000000000000003,0.0,0.35000000000000003,0.34375000000000017,0.0,0.35294117647058826,0.0,0.15831538981640392,0.0
Tehran,Tehran,road,CEBH,0.19793477440594665,0.19793477440594665,0.4948369360148666,0.0,0.4948369360148666,0.4823369360148666,0.0,0.47058823529411764,0.0,0.19793477440594665,0.0
Tel Aviv,Tel Aviv,road,CEBH,0.2020443592892564,0.2020443592892564,0.5051108982231408,0.0,0.5051108982231408,0.498860898223141,0.0,0.47058823529411764,0.0,0.20204435928925635,0.0
Tokyo,Tokyo,road,CEBH,0.20737338309216868,0.20737338309216868,0.46250000000000013,0.0,0.46250000000000013,0.4500000000000001,0.0,0.47058823529411764,0.0,0.20737338309216868,0.0
Toronto,Toronto,road,CEBH,0.2096750232126277,0.2096750232126277,0.5241875580315694,0.0,0.5241875580315694,0.5116875580315694,0.0,0.47058823529411764,0.0,0.20967502321262776,0.0
Tunis,Tunis,road,CEBH,0.21980677015893796,0.21980677015893796,0.549516925397345,0.0,0.549516925397345,0.5307669253973448,0.0,0.47058823529411764,0.0,0.21980677015893801,0.0
Vancouver,Vancouver,road,CEBH,0.18229334686894888,0.18229334686894888,0.4000000000000001,0.0,0.4000000000000001,0.3937500000000002,0.0,0.4117647058823529,0.0,0.18229334686894882,0.0
Vienna,Vienna,road,CEBH,0.20180149691410648,0.20180149691410648,0.49375,0.0,0.49375,0.48125,0.0,0.47058823529411764,0.0,0.20180149691410643,0.0
Warsaw,Warsaw,road,CEBH,0.20242031872509958,0.20242031872509958,0.5060507968127489,0.0,0.5060507968127489,0.4998007968127491,0.0,0.47058823529411764,0.0,0.20242031872509958,0.0
Accra,Accra,road,2D,0.022729487429350992,-0.022729487429350992,0.0,0.05682371857337748,0.05682371857337748,0.0,0.04432371857337747,0.0,0.0,0.0,0.022729487429350992
Addis Ababa,Addis Ababa,road,2D,0.004334756376015325,-0.004334756376015325,0.0,0.010836890940038313,0.010836890940038313,0.0,0.0,0.0,0.0,0.0,0.004334756376015325
Algiers,Algiers,road,2D,0.008858836766487799,-0.008858836766487799,0.0,0.022147091916219497,0.022147091916219497,0.0,0.0,0.0,0.058823529411764705,0.0,0.008858836766487799
Amsterdam,Amsterdam,road,2D,0.030476328032353117,-0.030476328032353117,0.0,0.07619082008088279,0.07619082008088279,0.0,0.05119082008088277,0.0,0.058823529411764705,0.0,0.030476328032353117
Athens,Athens,road,2D,0.0036362071495490422,0.0036362071495490422,0.009090517873872606,0.0,0.009090517873872606,0.0028405178738724612,0.0,0.0,0.0,0.0036362071495490422,0.0
Auckland,Auckland,road,2D,0.0028763040238449777,0.0028763040238449777,0.007190760059612444,0.0,0.007190760059612444,0.0,0.0,0.0,0.0,0.0028763040238449777,0.0
Bangkok,Bangkok,road,2D,0.036160348146288324,0.036160348146288324,0.0,0.0,0.0,0.0,0.0,0.0,0.0,0.036160348146288324,0.0
Barcelona,Barcelona,road,2D,0.020452810548230338,-0.020452810548230338,0.0,0.051132026370575845,0.051132026370575845,0.0,0.03238202637057597,0.0,0.0,0.0,0.020452810548230338
Bengaluru,Bengaluru,road,2D,0.05698224050716305,-0.05698224050716305,0.0,0.14245560126790763,0.14245560126790763,0.0,0.11120560126790774,0.0,0.11764705882352941,0.0,0.05698224050716305
Bogota,Bogota,road,2D,0.021684800582049135,-0.021684800582049135,0.0,0.05421200145512284,0.05421200145512284,0.0,0.03546200145512268,0.0,0.0,0.0,0.021684800582049135
Boston,Boston,road,2D,0.01743645900175772,-0.01743645900175772,0.0,0.0435911475043943,0.0435911475043943,0.0,0.037341147504394434,0.0,0.0,0.0,0.01743645900175772
Brisbane,Brisbane,road,2D,0.010390060840393511,-0.010390060840393511,0.0,0.025975152100983778,0.025975152100983778,0.0,0.025975152100983778,0.0,0.0,0.0,0.010390060840393511
Buenos Aires,Buenos Aires,road,2D,0.022551238257899175,-0.022551238257899175,0.0,0.05637809564474794,0.05637809564474794,0.0,0.03762809564474806,0.0,0.058823529411764705,0.0,0.022551238257899175
Cairo,Cairo,road,2D,0.02635377829203933,-0.02635377829203933,0.0,0.06588444573009833,0.06588444573009833,0.0,0.059634445730098185,0.0,0.058823529411764705,0.0,0.02635377829203933
Casablanca,Casablanca,road,2D,0.002529588982139064,0.002529588982139064,0.0063239724553476595,0.0,0.0063239724553476595,7.397245534751518e-05,0.0,0.0,0.0,0.002529588982139064,0.0
Chennai,Chennai,road,2D,0.02370253164556957,-0.02370253164556957,0.0,0.05925632911392392,0.05925632911392392,0.0,0.05925632911392392,0.0,0.058823529411764705,0.0,0.02370253164556957
Chicago,Chicago,road,2D,0.007420980302336289,-0.007420980302336289,0.0,0.01855245075584072,0.01855245075584072,0.0,0.012302450755840577,0.0,0.0,0.0,0.007420980302336289
Dakar,Dakar,road,2D,0.018816631500846337,0.018816631500846337,0.04704157875211584,0.0,0.04704157875211584,0.04688532875211593,0.0,0.058823529411764705,0.0,0.018816631500846337,0.0
Dar es Salaam,Dar es Salaam,road,2D,0.014427848186146397,0.014427848186146397,0.03606962046536599,0.0,0.03606962046536599,0.029819620465365848,0.0,0.058823529411764705,0.0,0.014427848186146397,0.0
Delhi,Delhi,road,2D,0.006865755945310137,0.006865755945310137,0.017164389863275342,0.0,0.017164389863275342,0.010914389863275475,0.0,0.0,0.0,0.006865755945310137,0.0
Dhaka,Dhaka,road,2D,0.030270647553962804,-0.030270647553962804,0.0,0.07567661888490701,0.07567661888490701,0.0,0.04442661888490712,0.0,0.058823529411764705,0.0,0.030270647553962804
Dubai,Dubai,road,2D,0.007922535211267623,0.007922535211267623,0.019806338028169057,0.0,0.019806338028169057,0.013556338028168913,0.0,0.0,0.0,0.007922535211267623,0.0
Hanoi,Hanoi,road,2D,0.030095020809306483,-0.030095020809306483,0.0,0.07523755202326621,0.07523755202326621,0.0,0.06898755202326606,0.0,0.058823529411764705,0.0,0.030095020809306483
Ho Chi Minh City,Ho Chi Minh City,road,2D,0.06132135571038144,-0.06132135571038144,0.0,0.1533033892759536,0.1533033892759536,0.0,0.13455338927595373,0.0,0.17647058823529413,0.0,0.06132135571038144
Hong Kong,Hong Kong,road,2D,0.02714420536051343,-0.02714420536051343,0.0,0.06786051340128357,0.06786051340128357,0.0,0.036610513401283684,0.0,0.058823529411764705,0.0,0.02714420536051343
Hyderabad,Hyderabad,road,2D,0.012885861583417868,-0.012885861583417868,0.0,0.03221465395854467,0.03221465395854467,0.0,0.01971465395854466,0.0,0.0,0.0,0.012885861583417868
Istanbul,Istanbul,road,2D,0.007290938018626014,0.007290938018626014,0.018227345046565036,0.0,0.018227345046565036,0.011977345046564891,0.0,0.0,0.0,0.007290938018626014,0.0
Jakarta,Jakarta,road,2D,0.061536786614714734,-0.061536786614714734,0.0,0.15384196653678683,0.15384196653678683,0.0,0.1475919665367867,0.0,0.11764705882352941,0.0,0.061536786614714734
Johannesburg,Johannesburg,road,2D,0.01374601618043636,-0.01374601618043636,0.0,0.0343650404510909,0.0343650404510909,0.0,0.028115040451091033,0.0,0.058823529411764705,0.0,0.01374601618043636
Kampala,Kampala,road,2D,0.04549062598149356,-0.04549062598149356,0.0,0.06874999999999999,0.06874999999999999,0.0,0.06249999999999985,0.0,0.11764705882352941,0.0,0.04549062598149356
Karachi,Karachi,road,2D,0.014730605630950078,0.014730605630950078,0.036826514077375194,0.0,0.036826514077375194,0.03057651407737505,0.0,0.0,0.0,0.014730605630950078,0.0
Kuala Lumpur,Kuala Lumpur,road,2D,0.03218097413674781,-0.03218097413674781,0.0,0.08045243534186952,0.08045243534186952,0.0,0.06795243534186951,0.0,0.11764705882352941,0.0,0.03218097413674781
Lagos,Lagos,road,2D,0.014242424242424168,-0.014242424242424168,0.0,0.03560606060606042,0.03560606060606042,0.0,0.023106060606060408,0.0,0.058823529411764705,0.0,0.014242424242424168
Lima,Lima,road,2D,0.006881365771280845,-0.006881365771280845,0.0,0.017203414428202113,0.017203414428202113,0.0,0.004703414428202102,0.0,0.058823529411764705,0.0,0.006881365771280845
Lisbon,Lisbon,road,2D,0.011248469179480192,-0.011248469179480192,0.0,0.02812117294870048,0.02812117294870048,0.0,0.015621172948700468,0.0,0.058823529411764705,0.0,0.011248469179480192
London,London,road,2D,0.0026125363406920288,0.0026125363406920288,0.006531340851730072,0.0,0.006531340851730072,0.0,0.0,0.0,0.0,0.0026125363406920288,0.0
Los Angeles,Los Angeles,road,2D,0.04122598306896652,-0.04122598306896652,0.0,0.1030649576724163,0.1030649576724163,0.0,0.09681495767241644,0.0,0.058823529411764705,0.0,0.04122598306896652
Manila,Manila,road,2D,0.023947350589510807,-0.023947350589510807,0.0,0.05986837647377702,0.05986837647377702,0.0,0.05986837647377702,0.0,0.058823529411764705,0.0,0.023947350589510807
Melbourne,Melbourne,road,2D,0.025974022200267344,0.025974022200267344,0.06493505550066836,0.0,0.06493505550066836,0.05868505550066849,0.0,0.058823529411764705,0.0,0.025974022200267344,0.0
Mexico City,Mexico City,road,2D,0.03609505158051529,-0.03609505158051529,0.0,0.09023762895128823,0.09023762895128823,0.0,0.07773762895128822,0.0,0.11764705882352941,0.0,0.03609505158051529
Miami,Miami,road,2D,0.008300389755011017,-0.008300389755011017,0.0,0.020750974387527543,0.020750974387527543,0.0,0.008250974387527532,0.0,0.058823529411764705,0.0,0.008300389755011017
Milan,Milan,road,2D,0.01668526668762449,-0.01668526668762449,0.0,0.04171316671906122,0.04171316671906122,0.0,0.022963166719061068,0.0,0.0,0.0,0.01668526668762449
Montevideo,Montevideo,road,2D,0.03296213808463255,-0.03296213808463255,0.0,0.08240534521158138,0.08240534521158138,0.0,0.05740534521158136,0.0,0.058823529411764705,0.0,0.03296213808463255
Montreal,Montreal,road,2D,0.008494464369249943,-0.008494464369249943,0.0,0.021236160923124858,0.021236160923124858,0.0,0.008736160923124847,0.0,0.0,0.0,0.008494464369249943
Mumbai,Mumbai,road,2D,0.01332923316932677,-0.01332923316932677,0.0,0.03332308292331693,0.03332308292331693,0.0,0.020823082923316916,0.0,0.058823529411764705,0.0,0.01332923316932677
Nairobi,Nairobi,road,2D,0.03542777994814783,-0.03542777994814783,0.0,0.08856944987036958,0.08856944987036958,0.0,0.07606944987036957,0.0,0.058823529411764705,0.0,0.03542777994814783
New York City,New York City,road,2D,0.004188397304424218,-0.004188397304424218,0.0,0.010470993261060546,0.010470993261060546,0.0,0.0,0.0,0.0,0.0,0.004188397304424218
Osaka,Osaka,road,2D,0.046666666666666634,-0.046666666666666634,0.0,0.11666666666666659,0.11666666666666659,0.0,0.10416666666666657,0.0,0.11764705882352941,0.0,0.046666666666666634
Panama City,Panama City,road,2D,0.036503820516989194,-0.036503820516989194,0.0,0.09125955129247298,0.09125955129247298,0.0,0.08500955129247284,0.0,0.11764705882352941,0.0,0.036503820516989194
Paris,Paris,road,2D,0.022042052518076893,-0.022042052518076893,0.0,0.05510513129519223,0.05510513129519223,0.0,0.04885513129519209,0.0,0.058823529411764705,0.0,0.022042052518076893
Prague,Prague,road,2D,0.02163540713632206,-0.02163540713632206,0.0,0.05408851784080515,0.05408851784080515,0.0,0.047838517840805284,0.0,0.0,0.0,0.02163540713632206
Quito,Quito,road,2D,0.031610643065838384,-0.031610643065838384,0.0,0.07902660766459596,0.07902660766459596,0.0,0.07277660766459582,0.0,0.058823529411764705,0.0,0.031610643065838384
Rio de Janeiro,Rio de Janeiro,road,2D,0.010175941080196371,-0.010175941080196371,0.0,0.025439852700490928,0.025439852700490928,0.0,0.01918985270049106,0.0,0.0,0.0,0.010175941080196371
Riyadh,Riyadh,road,2D,0.00636764539239254,0.00636764539239254,0.01591911348098135,0.0,0.01591911348098135,0.009669113480981484,0.0,0.0,0.0,0.00636764539239254,0.0
Rome,Rome,road,2D,0.00979102584857805,-0.00979102584857805,0.0,0.024477564621445125,0.024477564621445125,0.0,0.024477564621445125,0.0,0.0,0.0,0.00979102584857805
San Francisco,San Francisco,road,2D,0.015187641539954666,-0.015187641539954666,0.0,0.037969103849886665,0.037969103849886665,0.0,0.03171910384988652,0.0,0.0,0.0,0.015187641539954666
Santiago,Santiago,road,2D,0.0451174945074857,-0.0451174945074857,0.0,0.11279373626871425,0.11279373626871425,0.0,0.1065437362687141,0.0,0.11764705882352941,0.0,0.0451174945074857
Sao Paulo,Sao Paulo,road,2D,0.013222686304682263,-0.013222686304682263,0.0,0.03305671576170566,0.03305671576170566,0.0,0.01430671576170578,0.0,0.0,0.0,0.013222686304682263
Seattle,Seattle,road,2D,0.010493849288706114,-0.010493849288706114,0.0,0.026234623221765285,0.026234623221765285,0.0,0.01998462322176514,0.0,0.0,0.0,0.010493849288706114
Seoul,Seoul,road,2D,0.003107415198527419,0.003107415198527419,0.0077685379963185475,0.0,0.0077685379963185475,0.0,0.0,0.0,0.0,0.003107415198527419,0.0
Singapore,Singapore,road,2D,0.018669583118888222,-0.018669583118888222,0.0,0.046673957797220555,0.046673957797220555,0.0,0.04042395779722069,0.0,0.0,0.0,0.018669583118888222
Sydney,Sydney,road,2D,0.021312514106987313,-0.021312514106987313,0.0,0.05328128526746828,0.05328128526746828,0.0,0.015781285267468526,0.0,0.058823529411764705,0.0,0.021312514106987313
Taipei,Taipei,road,2D,0.06815261044176713,-0.06815261044176713,0.0,0.1703815261044178,0.1703815261044178,0.0,0.16413152610441767,0.0,0.17647058823529413,0.0,0.06815261044176713
Tehran,Tehran,road,2D,0.08493222229421404,-0.08493222229421404,0.0,0.2123305557355351,0.2123305557355351,0.0,0.20608055573553524,0.0,0.17647058823529413,0.0,0.08493222229421404
Tel Aviv,Tel Aviv,road,2D,0.028190612298846784,-0.028190612298846784,0.0,0.07047653074711696,0.07047653074711696,0.0,0.04547653074711694,0.0,0.11764705882352941,0.0,0.028190612298846784
Tokyo,Tokyo,road,2D,0.0017495870970373195,0.0017495870970373195,0.004373967742593299,0.0,0.004373967742593299,0.0,0.0,0.0,0.0,0.0017495870970373195,0.0
Toronto,Toronto,road,2D,0.015149213239283754,-0.015149213239283754,0.0,0.037873033098209385,0.037873033098209385,0.0,0.03771678309820947,0.0,0.058823529411764705,0.0,0.015149213239283754
Tunis,Tunis,road,2D,0.007785761908289612,0.007785761908289612,0.01946440477072403,0.0,0.01946440477072403,0.0007144047707238754,0.0,0.0,0.0,0.007785761908289612,0.0
Vancouver,Vancouver,road,2D,0.04386136873104485,-0.04386136873104485,0.0,0.10965342182761212,0.10965342182761212,0.0,0.09715342182761211,0.0,0.11764705882352941,0.0,0.04386136873104485
Vienna,Vienna,road,2D,0.02685544334786938,-0.02685544334786938,0.0,0.06713860836967345,0.06713860836967345,0.0,0.04838860836967329,0.0,0.058823529411764705,0.0,0.02685544334786938
Warsaw,Warsaw,road,2D,0.03982036481656459,-0.03982036481656459,0.0,0.09955091204141148,0.09955091204141148,0.0,0.09330091204141133,0.0,0.058823529411764705,0.0,0.03982036481656459
Accra,Accra,road,junction,0.09192778121409906,0.09192778121409906,0.22981945303524765,0.0,0.22981945303524765,0.21731945303524763,0.0,0.17647058823529413,0.0,0.09192778121409906,0.0
Addis Ababa,Addis Ababa,road,junction,0.07296186900517687,0.07296186900517687,0.18240467251294218,0.0,0.18240467251294218,0.18240467251294218,0.0,0.17647058823529413,0.0,0.07296186900517687,0.0
Algiers,Algiers,road,junction,0.10812553929522162,0.10812553929522162,0.27031384823805404,0.0,0.27031384823805404,0.2640638482380539,0.0,0.23529411764705882,0.0,0.10812553929522162,0.0
Amsterdam,Amsterdam,road,junction,0.05898689544109181,0.05898689544109181,0.14746723860272953,0.0,0.14746723860272953,0.13496723860272952,0.0,0.11764705882352941,0.0,0.05898689544109181,0.0
Athens,Athens,road,junction,0.029184114383392967,0.029184114383392967,0.07296028595848242,0.0,0.07296028595848242,0.06671028595848227,0.0,0.058823529411764705,0.0,0.029184114383392967,0.0
Auckland,Auckland,road,junction,0.1159403131908554,0.1159403131908554,0.2898507829771385,0.0,0.2898507829771385,0.2336007829771386,0.0,0.23529411764705882,0.0,0.1159403131908554,0.0
Bangkok,Bangkok,road,junction,0.2845097012188409,0.2845097012188409,0.5362742530471021,0.0,0.5362742530471021,0.5362742530471021,0.0,0.5294117647058824,0.0,0.2845097012188409,0.0
Barcelona,Barcelona,road,junction,0.01706383872855788,0.01706383872855788,0.042659596821394696,0.0,0.042659596821394696,0.02390959682139454,0.0,0.058823529411764705,0.0,0.01706383872855788,0.0
Bengaluru,Bengaluru,road,junction,0.06162148417302782,0.06162148417302782,0.15405371043256955,0.0,0.15405371043256955,0.14155371043256954,0.0,0.17647058823529413,0.0,0.06162148417302782,0.0
Bogota,Bogota,road,junction,0.041084836501737776,0.041084836501737776,0.10271209125434444,0.0,0.10271209125434444,0.09646209125434457,0.0,0.11764705882352941,0.0,0.041084836501737776,0.0
Boston,Boston,road,junction,0.0558979394020398,0.0558979394020398,0.1397448485050995,0.0,0.1397448485050995,0.12724484850509948,0.0,0.11764705882352941,0.0,0.0558979394020398,0.0
Brisbane,Brisbane,road,junction,0.07802131730260908,0.07802131730260908,0.1950532932565227,0.0,0.1950532932565227,0.1825532932565227,0.0,0.17647058823529413,0.0,0.07802131730260908,0.0
Buenos Aires,Buenos Aires,road,junction,0.00855530188902942,-0.00855530188902942,0.0,0.021388254722573552,0.021388254722573552,0.0,0.002638254722573674,0.0,0.0,0.0,0.00855530188902942
Cairo,Cairo,road,junction,0.06617263135247087,0.06617263135247087,0.16543157838117717,0.0,0.16543157838117717,0.1591815783811773,0.0,0.11764705882352941,0.0,0.06617263135247087,0.0
Casablanca,Casablanca,road,junction,0.04093903197424198,0.04093903197424198,0.10234757993560495,0.0,0.10234757993560495,0.0960975799356048,0.0,0.11764705882352941,0.0,0.04093903197424198,0.0
Chennai,Chennai,road,junction,0.0925659984802697,0.0925659984802697,0.23141499620067424,0.0,0.23141499620067424,0.21891499620067423,0.0,0.17647058823529413,0.0,0.0925659984802697,0.0
Chicago,Chicago,road,junction,0.028659133020869643,0.028659133020869643,0.0716478325521741,0.0,0.0716478325521741,0.06539783255217424,0.0,0.058823529411764705,0.0,0.028659133020869643,0.0
Dakar,Dakar,road,junction,0.05836896865613883,0.05836896865613883,0.14592242164034708,0.0,0.14592242164034708,0.14576617164034716,0.0,0.17647058823529413,0.0,0.05836896865613883,0.0
Dar es Salaam,Dar es Salaam,road,junction,0.12657372097145247,0.12657372097145247,0.3164343024286312,0.0,0.3164343024286312,0.31018430242863104,0.0,0.29411764705882354,0.0,0.12657372097145247,0.0
Delhi,Delhi,road,junction,0.07450410062052448,0.07450410062052448,0.1862602515513112,0.0,0.1862602515513112,0.18001025155131134,0.0,0.17647058823529413,0.0,0.07450410062052448,0.0
Dhaka,Dhaka,road,junction,0.0856322471610923,0.0856322471610923,0.21408061790273075,0.0,0.21408061790273075,0.2078306179027306,0.0,0.17647058823529413,0.0,0.0856322471610923,0.0
Dubai,Dubai,road,junction,0.059454218872800335,0.059454218872800335,0.14863554718200084,0.0,0.14863554718200084,0.1423855471820007,0.0,0.11764705882352941,0.0,0.059454218872800335,0.0
Hanoi,Hanoi,road,junction,0.07855676998117367,0.07855676998117367,0.19639192495293417,0.0,0.19639192495293417,0.1776419249529343,0.0,0.17647058823529413,0.0,0.07855676998117367,0.0
Ho Chi Minh City,Ho Chi Minh City,road,junction,0.09158982068925414,0.09158982068925414,0.22897455172313536,0.0,0.22897455172313536,0.21647455172313534,0.0,0.17647058823529413,0.0,0.09158982068925414,0.0
Hong Kong,Hong Kong,road,junction,0.033502390602770826,0.033502390602770826,0.08375597650692707,0.0,0.08375597650692707,0.07750597650692692,0.0,0.11764705882352941,0.0,0.033502390602770826,0.0
Hyderabad,Hyderabad,road,junction,0.10997386288354616,0.10997386288354616,0.2749346572088654,0.0,0.2749346572088654,0.2749346572088654,0.0,0.29411764705882354,0.0,0.10997386288354616,0.0
Istanbul,Istanbul,road,junction,0.05036876774758392,0.05036876774758392,0.1259219193689598,0.0,0.1259219193689598,0.11967191936895966,0.0,0.11764705882352941,0.0,0.05036876774758392,0.0
Jakarta,Jakarta,road,junction,0.07109370862286402,0.07109370862286402,0.17773427155716004,0.0,0.17773427155716004,0.1652342715571603,0.0,0.17647058823529413,0.0,0.07109370862286402,0.0
Johannesburg,Johannesburg,road,junction,0.058860127701675036,0.058860127701675036,0.1471503192541876,0.0,0.1471503192541876,0.12215031925418757,0.0,0.11764705882352941,0.0,0.058860127701675036,0.0
Kampala,Kampala,road,junction,0.17823235070614174,0.17823235070614174,0.44558087676535435,0.0,0.44558087676535435,0.43308087676535434,0.0,0.4117647058823529,0.0,0.17823235070614174,0.0
Karachi,Karachi,road,junction,0.06199373161545618,0.06199373161545618,0.15498432903864046,0.0,0.15498432903864046,0.1487343290386403,0.0,0.11764705882352941,0.0,0.06199373161545618,0.0
Kuala Lumpur,Kuala Lumpur,road,junction,0.06396464635715382,0.06396464635715382,0.15991161589288455,0.0,0.15991161589288455,0.15366161589288468,0.0,0.11764705882352941,0.0,0.06396464635715382,0.0
Lagos,Lagos,road,junction,0.09183140835502468,0.09183140835502468,0.2295785208875617,0.0,0.2295785208875617,0.22332852088756155,0.0,0.17647058823529413,0.0,0.09183140835502468,0.0
Lima,Lima,road,junction,0.03242954710903179,0.03242954710903179,0.08107386777257947,0.0,0.08107386777257947,0.07482386777257932,0.0,0.058823529411764705,0.0,0.03242954710903179,0.0
Lisbon,Lisbon,road,junction,0.08232447197174997,0.08232447197174997,0.20581117992937492,0.0,0.20581117992937492,0.1808111799293749,0.0,0.17647058823529413,0.0,0.08232447197174997,0.0
London,London,road,junction,0.13954413661049447,0.13954413661049447,0.3488603415262362,0.0,0.3488603415262362,0.3363603415262362,0.0,0.29411764705882354,0.0,0.13954413661049447,0.0
Los Angeles,Los Angeles,road,junction,0.005981027096306102,0.005981027096306102,0.014952567740765255,0.0,0.014952567740765255,0.0,0.0,0.058823529411764705,0.0,0.005981027096306102,0.0
Manila,Manila,road,junction,0.048951713882688375,0.048951713882688375,0.12237928470672094,0.0,0.12237928470672094,0.11612928470672107,0.0,0.11764705882352941,0.0,0.048951713882688375,0.0
Melbourne,Melbourne,road,junction,0.07824657338755914,0.07824657338755914,0.19561643346889784,0.0,0.19561643346889784,0.18936643346889798,0.0,0.17647058823529413,0.0,0.07824657338755914,0.0
Mexico City,Mexico City,road,junction,0.018778865700211145,0.018778865700211145,0.04694716425052786,0.0,0.04694716425052786,0.03444716425052785,0.0,0.058823529411764705,0.0,0.018778865700211145,0.0
Miami,Miami,road,junction,0.02105412363874637,0.02105412363874637,0.05263530909686592,0.0,0.05263530909686592,0.04638530909686578,0.0,0.058823529411764705,0.0,0.02105412363874637,0.0
Milan,Milan,road,junction,0.03222139564443349,0.03222139564443349,0.08055348911108373,0.0,0.08055348911108373,0.08055348911108373,0.0,0.058823529411764705,0.0,0.03222139564443349,0.0
Montevideo,Montevideo,road,junction,0.006160576305555776,-0.006160576305555776,0.0,0.01540144076388944,0.01540144076388944,0.0,0.0,0.0,0.0,0.0,0.006160576305555776
Montreal,Montreal,road,junction,0.03138251762961963,0.03138251762961963,0.07845629407404908,0.0,0.07845629407404908,0.05345629407404906,0.0,0.058823529411764705,0.0,0.03138251762961963,0.0
Mumbai,Mumbai,road,junction,0.09558796296435645,0.09558796296435645,0.23896990741089114,0.0,0.23896990741089114,0.22646990741089112,0.0,0.23529411764705882,0.0,0.09558796296435645,0.0
Nairobi,Nairobi,road,junction,0.14019339381450213,0.14019339381450213,0.35048348453625533,0.0,0.35048348453625533,0.3254834845362553,0.0,0.35294117647058826,0.0,0.14019339381450213,0.0
New York City,New York City,road,junction,0.016345973550968673,0.016345973550968673,0.04086493387742168,0.0,0.04086493387742168,0.028364933877421672,0.0,0.058823529411764705,0.0,0.016345973550968673,0.0
Osaka,Osaka,road,junction,0.007997396160217551,0.007997396160217551,0.01999349040054388,0.0,0.01999349040054388,0.013743490400544012,0.0,0.0,0.0,0.007997396160217551,0.0
Panama City,Panama City,road,junction,0.09031658337716486,0.09031658337716486,0.22579145844291215,0.0,0.22579145844291215,0.21954145844291229,0.0,0.23529411764705882,0.0,0.09031658337716486,0.0
Paris,Paris,road,junction,0.028982038396182297,0.028982038396182297,0.07245509599045574,0.0,0.07245509599045574,0.07245509599045574,0.0,0.058823529411764705,0.0,0.028982038396182297,0.0
Prague,Prague,road,junction,0.08349543279432647,0.08349543279432647,0.20873858198581619,0.0,0.20873858198581619,0.18373858198581616,0.0,0.23529411764705882,0.0,0.08349543279432647,0.0
Quito,Quito,road,junction,0.09178380064068314,0.09178380064068314,0.22945950160170786,0.0,0.22945950160170786,0.1919595016017081,0.0,0.23529411764705882,0.0,0.09178380064068314,0.0
Rio de Janeiro,Rio de Janeiro,road,junction,0.08356273334048525,0.08356273334048525,0.20890683335121313,0.0,0.20890683335121313,0.20890683335121313,0.0,0.23529411764705882,0.0,0.08356273334048525,0.0
Riyadh,Riyadh,road,junction,0.030457599747396147,0.030457599747396147,0.07614399936849037,0.0,0.07614399936849037,0.0698939993684905,0.0,0.058823529411764705,0.0,0.030457599747396147,0.0
Rome,Rome,road,junction,0.06419157683943866,0.06419157683943866,0.16047894209859664,0.0,0.16047894209859664,0.14797894209859663,0.0,0.17647058823529413,0.0,0.06419157683943866,0.0
San Francisco,San Francisco,road,junction,0.026586663305743663,0.026586663305743663,0.06646665826435916,0.0,0.06646665826435916,0.06021665826435929,0.0,0.058823529411764705,0.0,0.026586663305743663,0.0
Santiago,Santiago,road,junction,0.030676792077917736,0.030676792077917736,0.07669198019479434,0.0,0.07669198019479434,0.0641919801947946,0.0,0.058823529411764705,0.0,0.030676792077917736,0.0
Sao Paulo,Sao Paulo,road,junction,0.032225410492546125,0.032225410492546125,0.08056352623136531,0.0,0.08056352623136531,0.07431352623136517,0.0,0.058823529411764705,0.0,0.032225410492546125,0.0
Seattle,Seattle,road,junction,0.044102229952880045,0.044102229952880045,0.11025557488220011,0.0,0.11025557488220011,0.11025557488220011,0.0,0.11764705882352941,0.0,0.044102229952880045,0.0
Seoul,Seoul,road,junction,0.055741900116653365,0.055741900116653365,0.1393547502916334,0.0,0.1393547502916334,0.1268547502916334,0.0,0.11764705882352941,0.0,0.055741900116653365,0.0
Singapore,Singapore,road,junction,0.055062120956606786,0.055062120956606786,0.13765530239151696,0.0,0.13765530239151696,0.11890530239151681,0.0,0.11764705882352941,0.0,0.055062120956606786,0.0
Sydney,Sydney,road,junction,0.06467374525111902,0.06467374525111902,0.16168436312779755,0.0,0.16168436312779755,0.1554343631277974,0.0,0.11764705882352941,0.0,0.06467374525111902,0.0
Taipei,Taipei,road,junction,0.012117305040176496,-0.012117305040176496,0.0,0.03029326260044124,0.03029326260044124,0.0,0.024043262600441095,0.0,0.058823529411764705,0.0,0.012117305040176496
Tehran,Tehran,road,junction,0.0826357866328602,0.0826357866328602,0.2065894665821505,0.0,0.2065894665821505,0.19408946658215048,0.0,0.23529411764705882,0.0,0.0826357866328602,0.0
Tel Aviv,Tel Aviv,road,junction,0.050852355358612766,0.050852355358612766,0.12713088839653192,0.0,0.12713088839653192,0.12088088839653205,0.0,0.11764705882352941,0.0,0.050852355358612766,0.0
Tokyo,Tokyo,road,junction,0.031167093384049105,0.031167093384049105,0.07791773346012276,0.0,0.07791773346012276,0.06541773346012275,0.0,0.058823529411764705,0.0,0.031167093384049105,0.0
Toronto,Toronto,road,junction,0.05064853749237741,0.05064853749237741,0.12662134373094353,0.0,0.12662134373094353,0.11412134373094351,0.0,0.11764705882352941,0.0,0.05064853749237741,0.0
Tunis,Tunis,road,junction,0.0682206961629176,0.0682206961629176,0.17055174040729398,0.0,0.17055174040729398,0.15180174040729383,0.0,0.11764705882352941,0.0,0.0682206961629176,0.0
Vancouver,Vancouver,road,junction,0.015230900349320509,0.015230900349320509,0.03807725087330127,0.0,0.03807725087330127,0.031827250873301405,0.0,0.058823529411764705,0.0,0.015230900349320509,0.0
Vienna,Vienna,road,junction,0.03913701518304458,0.03913701518304458,0.09784253795761144,0.0,0.09784253795761144,0.08534253795761143,0.0,0.058823529411764705,0.0,0.03913701518304458,0.0
Warsaw,Warsaw,road,junction,0.060833681485514934,0.060833681485514934,0.15208420371378734,0.0,0.15208420371378734,0.14583420371378747,0.0,0.17647058823529413,0.0,0.060833681485514934,0.0
Accra,Accra,road,nonbacktracking,0.3486063776718036,0.3486063776718036,0.6875,0.0,0.6875,0.675,0.0,0.6470588235294118,0.0,0.3486063776718036,0.0
Addis Ababa,Addis Ababa,road,nonbacktracking,0.3433369140775063,0.3433369140775063,0.6312500000000001,0.0,0.6312500000000001,0.6312500000000001,0.0,0.6470588235294118,0.0,0.3433369140775063,0.0
Algiers,Algiers,road,nonbacktracking,0.34120146469141055,0.34120146469141055,0.7312500000000002,0.0,0.7312500000000002,0.7250000000000001,0.0,0.7058823529411765,0.0,0.34120146469141055,0.0
Amsterdam,Amsterdam,road,nonbacktracking,0.32316152114488356,0.32316152114488356,0.5625000000000002,0.0,0.5625000000000002,0.5500000000000002,0.0,0.5294117647058824,0.0,0.3231615211448835,0.0
Athens,Athens,road,nonbacktracking,0.27253983293502554,0.27253983293502554,0.43125000000000024,0.0,0.43125000000000024,0.4250000000000001,0.0,0.4117647058823529,0.0,0.2725398329350255,0.0
Auckland,Auckland,road,nonbacktracking,0.3467348624982463,0.3467348624982463,0.7500000000000001,0.0,0.7500000000000001,0.6937500000000002,0.0,0.7058823529411765,0.0,0.34673486249824625,0.0
Bangkok,Bangkok,road,nonbacktracking,0.5398210227751705,0.5398210227751705,1.0,0.0,1.0,1.0,0.0,1.0,0.0,0.5398210227751704,0.0
Barcelona,Barcelona,road,nonbacktracking,0.27179731442928495,0.27179731442928495,0.44375000000000026,0.0,0.44375000000000026,0.4250000000000001,0.0,0.47058823529411764,0.0,0.271797314429285,0.0
Bengaluru,Bengaluru,road,nonbacktracking,0.3161798728394051,0.3161798728394051,0.5875000000000002,0.0,0.5875000000000002,0.5750000000000002,0.0,0.5882352941176471,0.0,0.3161798728394051,0.0
Bogota,Bogota,road,nonbacktracking,0.29278248883379515,0.29278248883379515,0.50625,0.0,0.50625,0.5000000000000001,0.0,0.5294117647058824,0.0,0.2927824888337952,0.0
Boston,Boston,road,nonbacktracking,0.29979633706137937,0.29979633706137937,0.5625000000000002,0.0,0.5625000000000002,0.5500000000000002,0.0,0.5294117647058824,0.0,0.2997963370613794,0.0
Brisbane,Brisbane,road,nonbacktracking,0.3321413761625265,0.3321413761625265,0.65,0.0,0.65,0.6375,0.0,0.6470588235294118,0.0,0.3321413761625265,0.0
Buenos Aires,Buenos Aires,road,nonbacktracking,0.22232321555710205,0.22232321555710205,0.26250000000000023,0.0,0.26250000000000023,0.26250000000000023,0.0,0.29411764705882354,0.0,0.2223232155571021,0.0
Cairo,Cairo,road,nonbacktracking,0.3410261366583288,0.3410261366583288,0.6187500000000001,0.0,0.6187500000000001,0.6125000000000003,0.0,0.5882352941176471,0.0,0.3410261366583288,0.0
Casablanca,Casablanca,road,nonbacktracking,0.2978032997407019,0.2978032997407019,0.5375000000000002,0.0,0.5375000000000002,0.53125,0.0,0.5294117647058824,0.0,0.29780329974070185,0.0
Chennai,Chennai,road,nonbacktracking,0.3240820872383031,0.3240820872383031,0.6812500000000001,0.0,0.6812500000000001,0.6687500000000002,0.0,0.6470588235294118,0.0,0.3240820872383031,0.0
Chicago,Chicago,road,nonbacktracking,0.2486335695514263,0.2486335695514263,0.37500000000000006,0.0,0.37500000000000006,0.3687500000000002,0.0,0.35294117647058826,0.0,0.24863356955142624,0.0
Dakar,Dakar,road,nonbacktracking,0.3259685417313188,0.3259685417313188,0.58125,0.0,0.58125,0.5810937500000002,0.0,0.5882352941176471,0.0,0.32596854173131884,0.0
Dar es Salaam,Dar es Salaam,road,nonbacktracking,0.38631913664337214,0.38631913664337214,0.7812500000000002,0.0,0.7812500000000002,0.7750000000000001,0.0,0.7647058823529411,0.0,0.38631913664337214,0.0
Delhi,Delhi,road,nonbacktracking,0.32202680412673423,0.32202680412673423,0.6187500000000001,0.0,0.6187500000000001,0.6125000000000003,0.0,0.5882352941176471,0.0,0.32202680412673423,0.0
Dhaka,Dhaka,road,nonbacktracking,0.34159987851360585,0.34159987851360585,0.6687500000000002,0.0,0.6687500000000002,0.6625,0.0,0.6470588235294118,0.0,0.34159987851360585,0.0
Dubai,Dubai,road,nonbacktracking,0.3468237970968688,0.3468237970968688,0.6250000000000002,0.0,0.6250000000000002,0.6187500000000001,0.0,0.5882352941176471,0.0,0.3468237970968687,0.0
Hanoi,Hanoi,road,nonbacktracking,0.36175332773448027,0.36175332773448027,0.6375,0.0,0.6375,0.6187500000000001,0.0,0.6470588235294118,0.0,0.3617533277344803,0.0
Ho Chi Minh City,Ho Chi Minh City,road,nonbacktracking,0.37526424528580393,0.37526424528580393,0.6687500000000002,0.0,0.6687500000000002,0.6562500000000001,0.0,0.6470588235294118,0.0,0.37526424528580393,0.0
Hong Kong,Hong Kong,road,nonbacktracking,0.2675745477918292,0.2675745477918292,0.5125000000000002,0.0,0.5125000000000002,0.50625,0.0,0.5294117647058824,0.0,0.2675745477918292,0.0
Hyderabad,Hyderabad,road,nonbacktracking,0.36551196615748366,0.36551196615748366,0.7062500000000002,0.0,0.7062500000000002,0.7062500000000002,0.0,0.7058823529411765,0.0,0.3655119661574836,0.0
Istanbul,Istanbul,road,nonbacktracking,0.29232986396150396,0.29232986396150396,0.5625000000000002,0.0,0.5625000000000002,0.55625,0.0,0.5294117647058824,0.0,0.29232986396150396,0.0
Jakarta,Jakarta,road,nonbacktracking,0.31915514845868725,0.31915514845868725,0.6375,0.0,0.6375,0.6250000000000002,0.0,0.6470588235294118,0.0,0.3191551484586873,0.0
Johannesburg,Johannesburg,road,nonbacktracking,0.3104126795682495,0.3104126795682495,0.5500000000000002,0.0,0.5500000000000002,0.5250000000000001,0.0,0.5294117647058824,0.0,0.31041267956824947,0.0
Kampala,Kampala,road,nonbacktracking,0.41753030221664034,0.41753030221664034,0.9312500000000001,0.0,0.9312500000000001,0.9187500000000001,0.0,0.8823529411764706,0.0,0.41753030221664034,0.0
Karachi,Karachi,road,nonbacktracking,0.33725965910332717,0.33725965910332717,0.5625000000000002,0.0,0.5625000000000002,0.55625,0.0,0.5294117647058824,0.0,0.3372596591033272,0.0
Kuala Lumpur,Kuala Lumpur,road,nonbacktracking,0.3056100693262221,0.3056100693262221,0.6187500000000001,0.0,0.6187500000000001,0.6125000000000003,0.0,0.5882352941176471,0.0,0.30561006932622203,0.0
Lagos,Lagos,road,nonbacktracking,0.3505723448942175,0.3505723448942175,0.6812500000000001,0.0,0.6812500000000001,0.675,0.0,0.6470588235294118,0.0,0.3505723448942175,0.0
Lima,Lima,road,nonbacktracking,0.2900819558030948,0.2900819558030948,0.48750000000000016,0.0,0.48750000000000016,0.48125,0.0,0.47058823529411764,0.0,0.2900819558030948,0.0
Lisbon,Lisbon,road,nonbacktracking,0.34380518596192106,0.34380518596192106,0.6625,0.0,0.6625,0.6375,0.0,0.6470588235294118,0.0,0.343805185961921,0.0
London,London,road,nonbacktracking,0.38824776826702784,0.38824776826702784,0.8125000000000001,0.0,0.8125000000000001,0.8000000000000002,0.0,0.7647058823529411,0.0,0.3882477682670279,0.0
Los Angeles,Los Angeles,road,nonbacktracking,0.250059927338724,0.250059927338724,0.3812500000000002,0.0,0.3812500000000002,0.36250000000000004,0.0,0.4117647058823529,0.0,0.25005992733872406,0.0
Manila,Manila,road,nonbacktracking,0.29780162174117136,0.29780162174117136,0.51875,0.0,0.51875,0.5125000000000002,0.0,0.5294117647058824,0.0,0.2978016217411714,0.0
Melbourne,Melbourne,road,nonbacktracking,0.32890053510040146,0.32890053510040146,0.6375,0.0,0.6375,0.6312500000000001,0.0,0.6470588235294118,0.0,0.3289005351004014,0.0
Mexico City,Mexico City,road,nonbacktracking,0.2826610439993321,0.2826610439993321,0.4125000000000001,0.0,0.4125000000000001,0.4000000000000001,0.0,0.4117647058823529,0.0,0.2826610439993321,0.0
Miami,Miami,road,nonbacktracking,0.2676050042584944,0.2676050042584944,0.41875000000000023,0.0,0.41875000000000023,0.4125000000000001,0.0,0.4117647058823529,0.0,0.2676050042584944,0.0
Milan,Milan,road,nonbacktracking,0.28877511753155266,0.28877511753155266,0.51875,0.0,0.51875,0.51875,0.0,0.5294117647058824,0.0,0.2887751175315527,0.0
Montevideo,Montevideo,road,nonbacktracking,0.23546160300612284,0.23546160300612284,0.325,0.0,0.325,0.3125000000000003,0.0,0.35294117647058826,0.0,0.23546160300612284,0.0
Montreal,Montreal,road,nonbacktracking,0.2696762963438957,0.2696762963438957,0.4375000000000001,0.0,0.4375000000000001,0.4125000000000001,0.0,0.4117647058823529,0.0,0.26967629634389567,0.0
Mumbai,Mumbai,road,nonbacktracking,0.34393509557095725,0.34393509557095725,0.6687500000000002,0.0,0.6687500000000002,0.6562500000000001,0.0,0.6470588235294118,0.0,0.34393509557095725,0.0
Nairobi,Nairobi,road,nonbacktracking,0.39517426704491004,0.39517426704491004,0.8250000000000002,0.0,0.8250000000000002,0.8000000000000002,0.0,0.8235294117647058,0.0,0.3951742670449101,0.0
New York City,New York City,road,nonbacktracking,0.24415880602465478,0.24415880602465478,0.3375,0.0,0.3375,0.325,0.0,0.35294117647058826,0.0,0.24415880602465478,0.0
Osaka,Osaka,road,nonbacktracking,0.2783329922907918,0.2783329922907918,0.4250000000000001,0.0,0.4250000000000001,0.41875000000000023,0.0,0.4117647058823529,0.0,0.2783329922907918,0.0
Panama City,Panama City,road,nonbacktracking,0.34365626777246244,0.34365626777246244,0.6625,0.0,0.6625,0.6562500000000001,0.0,0.6470588235294118,0.0,0.3436562677724625,0.0
Paris,Paris,road,nonbacktracking,0.28950940657074675,0.28950940657074675,0.49375,0.0,0.49375,0.49375,0.0,0.47058823529411764,0.0,0.28950940657074675,0.0
Prague,Prague,road,nonbacktracking,0.3254930893991184,0.3254930893991184,0.6312500000000001,0.0,0.6312500000000001,0.6062500000000001,0.0,0.6470588235294118,0.0,0.3254930893991185,0.0
Quito,Quito,road,nonbacktracking,0.34314680938915226,0.34314680938915226,0.65,0.0,0.65,0.6125000000000003,0.0,0.6470588235294118,0.0,0.3431468093891523,0.0
Rio de Janeiro,Rio de Janeiro,road,nonbacktracking,0.3354992122478106,0.3354992122478106,0.6437500000000002,0.0,0.6437500000000002,0.6437500000000002,0.0,0.6470588235294118,0.0,0.33549921224781065,0.0
Riyadh,Riyadh,road,nonbacktracking,0.347036915724107,0.347036915724107,0.53125,0.0,0.53125,0.5250000000000001,0.0,0.5294117647058824,0.0,0.347036915724107,0.0
Rome,Rome,road,nonbacktracking,0.3210897756596648,0.3210897756596648,0.5937500000000001,0.0,0.5937500000000001,0.58125,0.0,0.5882352941176471,0.0,0.3210897756596648,0.0
San Francisco,San Francisco,road,nonbacktracking,0.27089775018544326,0.27089775018544326,0.38750000000000007,0.0,0.38750000000000007,0.3812500000000002,0.0,0.4117647058823529,0.0,0.27089775018544326,0.0
Santiago,Santiago,road,nonbacktracking,0.2924380529710677,0.2924380529710677,0.48125,0.0,0.48125,0.4687500000000003,0.0,0.47058823529411764,0.0,0.2924380529710676,0.0
Sao Paulo,Sao Paulo,road,nonbacktracking,0.2882284791376019,0.2882284791376019,0.5000000000000001,0.0,0.5000000000000001,0.49375,0.0,0.47058823529411764,0.0,0.28822847913760186,0.0
Seattle,Seattle,road,nonbacktracking,0.30073679747411347,0.30073679747411347,0.50625,0.0,0.50625,0.50625,0.0,0.5294117647058824,0.0,0.3007367974741134,0.0
Seoul,Seoul,road,nonbacktracking,0.3015022610091643,0.3015022610091643,0.55625,0.0,0.55625,0.5437500000000001,0.0,0.5294117647058824,0.0,0.30150226100916433,0.0
Singapore,Singapore,road,nonbacktracking,0.26675729147848876,0.26675729147848876,0.5625000000000002,0.0,0.5625000000000002,0.5437500000000001,0.0,0.5294117647058824,0.0,0.2667572914784888,0.0
Sydney,Sydney,road,nonbacktracking,0.3213056737141325,0.3213056737141325,0.6125000000000003,0.0,0.6125000000000003,0.6062500000000001,0.0,0.5882352941176471,0.0,0.32130567371413243,0.0
Taipei,Taipei,road,nonbacktracking,0.24411048580177036,0.24411048580177036,0.35000000000000003,0.0,0.35000000000000003,0.34375000000000017,0.0,0.35294117647058826,0.0,0.2441104858017703,0.0
Tehran,Tehran,road,nonbacktracking,0.3397263231074496,0.3397263231074496,0.6437500000000002,0.0,0.6437500000000002,0.6312500000000001,0.0,0.6470588235294118,0.0,0.33972632310744966,0.0
Tel Aviv,Tel Aviv,road,nonbacktracking,0.2738433642982547,0.2738433642982547,0.55625,0.0,0.55625,0.5500000000000002,0.0,0.5294117647058824,0.0,0.2738433642982546,0.0
Tokyo,Tokyo,road,nonbacktracking,0.2743190925165447,0.2743190925165447,0.46250000000000013,0.0,0.46250000000000013,0.4500000000000001,0.0,0.47058823529411764,0.0,0.2743190925165446,0.0
Toronto,Toronto,road,nonbacktracking,0.28294687782324385,0.28294687782324385,0.5250000000000001,0.0,0.5250000000000001,0.5125000000000002,0.0,0.5294117647058824,0.0,0.2829468778232439,0.0
Tunis,Tunis,road,nonbacktracking,0.32029872485233907,0.32029872485233907,0.6250000000000002,0.0,0.6250000000000002,0.6062500000000001,0.0,0.5882352941176471,0.0,0.3202987248523391,0.0
Vancouver,Vancouver,road,nonbacktracking,0.2533093098799742,0.2533093098799742,0.4000000000000001,0.0,0.4000000000000001,0.3937500000000002,0.0,0.4117647058823529,0.0,0.25330930987997424,0.0
Vienna,Vienna,road,nonbacktracking,0.32945676307581045,0.32945676307581045,0.49375,0.0,0.49375,0.48125,0.0,0.47058823529411764,0.0,0.3294567630758105,0.0
Warsaw,Warsaw,road,nonbacktracking,0.2825294594531223,0.2825294594531223,0.58125,0.0,0.58125,0.5750000000000002,0.0,0.5882352941176471,0.0,0.28252945945312236,0.0
Net3,Net3,water,CEBH,0.23583333333333323,0.23583333333333323,0.589583333333333,0.0,0.589583333333333,0.5708333333333332,0.0,0.5882352941176471,0.0,0.23583333333333323,0.0
Net6,Net6,water,CEBH,0.22584745762711866,0.22584745762711866,0.5021186440677966,0.0,0.5021186440677966,0.5021186440677966,0.0,0.5294117647058824,0.0,0.22584745762711866,0.0
ky10,ky10,water,CEBH,0.3244248291571754,0.3244248291571754,0.6173120728929385,0.0,0.6173120728929385,0.6173120728929385,0.0,0.5882352941176471,0.0,0.3244248291571754,0.0
ky4,ky4,water,CEBH,0.2625495175215845,0.2625495175215845,0.6563737938039612,0.0,0.6563737938039612,0.6376237938039614,0.0,0.5882352941176471,0.0,0.2625495175215845,0.0
Net3,Net3,water,2D,0.012626050420168067,-0.012626050420168067,0.0,0.03156512605042017,0.03156512605042017,0.0,0.012815126050420012,0.0,0.0,0.0,0.012626050420168067
Net6,Net6,water,2D,0.0012402088772845987,-0.0012402088772845987,0.0,0.0,0.0,0.0,0.0,0.0,0.0,0.0,0.0012402088772845987
ky10,ky10,water,2D,0.04459159584513683,0.04459159584513683,0.0,0.0,0.0,0.0,0.0,0.0,0.0,0.04459159584513683,0.0
ky4,ky4,water,2D,0.007845206684256811,-0.007845206684256811,0.0,0.01961301671064203,0.01961301671064203,0.0,0.007113016710642017,0.0,0.0,0.0,0.007845206684256811
Net3,Net3,water,junction,0.17674405733376752,0.17674405733376752,0.4418601433344188,0.0,0.4418601433344188,0.42311014333441893,0.0,0.4117647058823529,0.0,0.17674405733376752,0.0
Net6,Net6,water,junction,0.24202362043427095,0.24202362043427095,0.5425590510856774,0.0,0.5425590510856774,0.5425590510856774,0.0,0.5294117647058824,0.0,0.24202362043427095,0.0
ky10,ky10,water,junction,0.2963136870822711,0.2963136870822711,0.5470342177056778,0.0,0.5470342177056778,0.5470342177056778,0.0,0.5294117647058824,0.0,0.2963136870822711,0.0
ky4,ky4,water,junction,0.20070581517013442,0.20070581517013442,0.501764537925336,0.0,0.501764537925336,0.48301453792533616,0.0,0.47058823529411764,0.0,0.20070581517013442,0.0
Net3,Net3,water,nonbacktracking,0.26786038893195396,0.26786038893195396,0.6696509723298849,0.0,0.6696509723298849,0.650900972329885,0.0,0.6470588235294118,0.0,0.26786038893195396,0.0
Net6,Net6,water,nonbacktracking,0.30728460301513216,0.30728460301513216,0.7057115075378303,0.0,0.7057115075378303,0.7057115075378303,0.0,0.7058823529411765,0.0,0.30728460301513216,0.0
ky10,ky10,water,nonbacktracking,0.4521511978224716,0.4521511978224716,0.936627994556179,0.0,0.936627994556179,0.936627994556179,0.0,0.8823529411764706,0.0,0.4521511978224716,0.0
ky4,ky4,water,nonbacktracking,0.3240687585066868,0.3240687585066868,0.810171896266717,0.0,0.810171896266717,0.7914218962667171,0.0,0.7647058823529411,0.0,0.3240687585066868,0.0
