domain,instance,system_id,n_nodes,n_edges,mean_degree,pc_cebh,pc_dimension,pc_junction_anchor,pc,pc_low,pc_high,point_endpoint,bootstrap_endpoint_count,p_step,n_orders,n_bootstrap,mean_curve_p0,mean_curve_p1,exact_endpoint_slope,largest_component_bridges,method_version,input_hash,pc_nonbacktracking,nb_spectral_radius,nb_residual,realization_hash,seed,macro_region,pc_null,endpoint_count,n_null,null_gap,organization_residual
road,Accra,Accra,19183,25655,2.6747641140593235,0.5030786728370853,0.747729487429351,0.6330722187859009,0.725,0.72,0.73,False,0,0.0025,8192,1000,5.21294896522963e-05,1.0,0.3449929625188969,4507,canonical_v2_exact_endpoint,dfa0955a258a58843e7005452c6fe1a07d08f2c1926faaca7ec254a91c47449c,0.3763936223281964,2.656793156628064,1.5894265476493083e-09,dfa0955a258a58843e7005452c6fe1a07d08f2c1926faaca7ec254a91c47449c,20287373,Africa,0.52875,0,4,0.02567132716291476,0.19624999999999992
road,Addis Ababa,Addis Ababa,51078,72263,2.8295156427424724,0.482274189457948,0.7068347563760153,0.6295381309948231,0.7025,0.7025,0.71,False,0,0.0025,8192,1000,1.957790046595403e-05,1.0,0.2153764830259603,8210,canonical_v2_exact_endpoint,5b2688fdf9dba468b8e0ea2752d787418903b1e395993fc66c706fc505785cbc,0.3591630859224937,2.7842504956531,1.354733381606604e-09,5b2688fdf9dba468b8e0ea2752d787418903b1e395993fc66c706fc505785cbc,20300789,Africa,0.500625,0,4,0.01835081054205201,0.20187500000000003
road,Algiers,Algiers,21703,28885,2.661843984702576,0.5065855241235377,0.7513588367664878,0.6343744607047784,0.7425,0.74,0.7525000000000001,False,0,0.0025,8192,1000,4.607657927475463e-05,1.0,0.587614615490946,5523,canonical_v2_exact_endpoint,f2337da78ef2299bd72743cee9aa9ef286cd155a211feb23da8598c800015cdc,0.4012985353085895,2.4919104158479484,5.983746313259564e-10,f2337da78ef2299bd72743cee9aa9ef286cd155a211feb23da8598c800015cdc,20292105,Africa,0.531875,0,4,0.025289475876462242,0.21062500000000006
road,Amsterdam,Amsterdam,23201,32887,2.8349640101719755,0.466680857102313,0.7054763280323532,0.6160131045589082,0.675,0.67,0.685,False,0,0.0025,8192,1000,4.310159044868756e-05,1.0,0.478686263523124,4603,canonical_v2_exact_endpoint,94eb0da4e8a84316d5c10dc1994baf7252c5b3dbff678bdbcdac787b08618d8d,0.3518384788551165,2.84221328847829,2.245265225111259e-09,94eb0da4e8a84316d5c10dc1994baf7252c5b3dbff678bdbcdac787b08618d8d,20296958,Europe,0.49,0,4,0.023319142897686995,0.18500000000000005
road,Athens,Athens,54827,88593,3.231728892698853,0.4135569642707098,0.618863792850451,0.5933158856166071,0.6225,0.62,0.6275000000000001,False,0,0.0025,8192,1000,1.8239188720885696e-05,1.0,0.0939135827238404,3732,canonical_v2_exact_endpoint,cb5f090c0408b76d13f17ae643c4dc090849fa4fa114ea0a15f3d6cd5ff9a975,0.3499601670649745,2.8574680609703145,2.613592626575626e-09,cb5f090c0408b76d13f17ae643c4dc090849fa4fa114ea0a15f3d6cd5ff9a975,20289832,Europe,0.42874999999999996,0,4,0.01519303572929015,0.1937500000000001
road,Auckland,Auckland,12533,16775,2.67693289715152,0.5044505924099357,0.747123695976155,0.6340596868091446,0.75,0.7275,0.7525000000000001,False,0,0.0025,8192,1000,7.978935609989628e-05,1.0,0.4728317242479853,3012,canonical_v2_exact_endpoint,a1c23153a003d63a2f54cfe32bf607c36bac7aad5406555dfd4b32d8c58a79c2,0.4032651375017537,2.4797581219022464,3.00748924577383e-10,a1c23153a003d63a2f54cfe32bf607c36bac7aad5406555dfd4b32d8c58a79c2,20294299,Oceania,0.535,0,4,0.030549407590064304,0.21499999999999997
road,Bangkok,Bangkok,63366,71694,2.2628538964113245,0.5689051824695883,0.8838396518537117,0.6354902987811591,0.92,0.915,0.93,False,0,0.0025,8192,1000,1.5781333838336017e-05,1.0,2.2216172710917528,35521,canonical_v2_exact_endpoint,2c97486a7bd38d376db2087296f3bb4b56a0ad081b4a18a93b026104f682cfea,0.3801789772248296,2.63034007640202,2.5943112954378577e-10,2c97486a7bd38d376db2087296f3bb4b56a0ad081b4a18a93b026104f682cfea,20292003,Asia,0.594375,0,4,0.025469817530411665,0.32562500000000005
road,Barcelona,Barcelona,18674,28820,3.086644532505088,0.438814196750765,0.6479528105482304,0.6104361612714422,0.6275000000000001,0.62,0.635,False,0,0.0025,8192,1000,5.355039091785372e-05,1.0,0.1313055585305772,1606,canonical_v2_exact_endpoint,fd3e1e8319c9d2a226f1cc00c8d28949f672603801ea3f8aaa49c6c7af5c657f,0.3557026855707151,2.811336659984806,4.4915360398344396e-10,fd3e1e8319c9d2a226f1cc00c8d28949f672603801ea3f8aaa49c6c7af5c657f,20296786,Europe,0.465625,0,4,0.026810803249235016,0.16187500000000005
road,Bengaluru,Bengaluru,101357,136603,2.695482305119528,0.487624045120297,0.7419822405071631,0.6233785158269722,0.685,0.68,0.6975,False,0,0.0025,8192,1000,9.86611679509062e-06,1.0,0.4199019307990568,25827,canonical_v2_exact_endpoint,4f05b315e5de3f3278792023f58f9edbb4e583ba025760ffab14b2ba91993ebd,0.368820127160595,2.711348775075312,4.1373615190898626e-10,4f05b315e5de3f3278792023f58f9edbb4e583ba025760ffab14b2ba91993ebd,20297182,Asia,0.504375,0,4,0.016750954879703017,0.18062500000000004
road,Bogota,Bogota,40772,60476,2.966545668596096,0.4493951193413192,0.6741848005820491,0.6114151634982622,0.6525,0.65,0.66,False,0,0.0025,8192,1000,2.4526635926616303e-05,1.0,0.2128176199352496,5789,canonical_v2_exact_endpoint,8d77dcd71f2907217f5a0b1e714062beb4654b44b22e3de05279648077c67dd7,0.3597175111662048,2.779959187302276,1.0676033712062846e-09,8d77dcd71f2907217f5a0b1e714062beb4654b44b22e3de05279648077c67dd7,20289747,Latin America,0.468125,0,4,0.01872988065868081,0.18437499999999996
road,Boston,Boston,24819,35843,2.8883516660622908,0.4629981269779758,0.6924364590017578,0.6191020605979602,0.675,0.67,0.6775,False,0,0.0025,8192,1000,4.029171199484266e-05,1.0,0.2374390587856078,3788,canonical_v2_exact_endpoint,ab1c8ef8bea3a1b1d6c8460021acdda0c4c6c3f850f7873e37bc77953dbbad0e,0.3752036629386207,2.665219183010986,5.152027908592463e-10,ab1c8ef8bea3a1b1d6c8460021acdda0c4c6c3f850f7873e37bc77953dbbad0e,20289981,North America,0.486875,0,4,0.02387687302202418,0.18812500000000004
road,Brisbane,Brisbane,25339,35174,2.776273728244998,0.4911197989388439,0.7203900608403935,0.6319786826973909,0.71,0.705,0.71,False,0,0.0025,8192,1000,3.946485654524646e-05,1.0,0.392635857768657,5021,canonical_v2_exact_endpoint,6370c1a0ef0082186e72fcb0cd4d0fdfbc158a565f99d0ed55bc1e88b32f1b67,0.3778586238374735,2.646492462826852,3.4234637202362667e-10,6370c1a0ef0082186e72fcb0cd4d0fdfbc158a565f99d0ed55bc1e88b32f1b67,20294317,Oceania,0.515,0,4,0.023880201061156126,0.19499999999999995
road,Buenos Aires,Buenos Aires,21642,37472,3.462896220312356,0.3806157377781841,0.5775512382578992,0.5635553018890295,0.555,0.555,0.5625,False,0,0.0025,8192,1000,4.620645042047871e-05,1.0,0.0613159597079752,995,canonical_v2_exact_endpoint,9d9d15a5d2f4fbba12698a26633ec7b121490021a8df53eda0a4066573a44ab9,0.332676784442898,3.005920601506968,1.678508380287702e-09,9d9d15a5d2f4fbba12698a26633ec7b121490021a8df53eda0a4066573a44ab9,20304440,Latin America,0.403125,0,4,0.02250926222181593,0.15187500000000004
road,Cairo,Cairo,118235,163341,2.762988962659111,0.4905812814983452,0.7238537782920393,0.6313273686475291,0.6975,0.6950000000000001,0.7000000000000001,False,0,0.0025,8192,1000,8.457732481921597e-06,1.0,0.249942910305747,22432,canonical_v2_exact_endpoint,1dd01752b9f1dbd0c8474162d1793e9ce47b810d0108b2f780896d0a7c7278ca,0.3564738633416712,2.8052547545162523,1.011285538674221e-09,1dd01752b9f1dbd0c8474162d1793e9ce47b810d0108b2f780896d0a7c7278ca,20287559,Africa,0.505625,0,4,0.015043718501654813,0.19187500000000002
road,Casablanca,Casablanca,36942,55764,3.019002761084944,0.4598827284198025,0.662470411017861,0.6240609680257581,0.665,0.6625,0.665,False,0,0.0025,8192,1000,2.7069460234962907e-05,1.0,0.0985869741757349,2772,canonical_v2_exact_endpoint,f8c7a1f9e2b886aa40e9fa56bf4a3568975e4cdbaf1739150fb45b89f9b8490c,0.3671967002592981,2.7233360193428866,6.350196604403252e-10,f8c7a1f9e2b886aa40e9fa56bf4a3568975e4cdbaf1739150fb45b89f9b8490c,20299089,Africa,0.481875,0,4,0.02199227158019751,0.18312500000000004
road,Chennai,Chennai,42444,56880,2.6802374893977947,0.498448919501551,0.7462025316455696,0.6299340015197303,0.7225,0.7175,0.7225,False,0,0.0025,8192,1000,2.356045613043068e-05,1.0,0.3590377909716332,10159,canonical_v2_exact_endpoint,7cfca29680ba8cef2af8b744e09858e92d0014be372a6b8771952f4c230b3e17,0.3984179127616969,2.5099273099152133,1.304840875964467e-09,7cfca29680ba8cef2af8b744e09858e92d0014be372a6b8771952f4c230b3e17,20291901,Asia,0.52,0,4,0.021551080498449005,0.2025
road,Chicago,Chicago,13260,21830,3.2926093514328807,0.3959947031400221,0.6074209803023363,0.5713408669791303,0.6,0.5975,0.6025,False,0,0.0025,8192,1000,7.541478129713421e-05,1.0,0.0862745098039215,1015,canonical_v2_exact_endpoint,6e54a03ece4f9e8613bb187ade95bb2ed96d1aa8c0ad94f557dd8312a3ff7df6,0.3513664304485737,2.8460317017859245,1.3787378179880796e-09,6e54a03ece4f9e8613bb187ade95bb2ed96d1aa8c0ad94f557dd8312a3ff7df6,20291842,North America,0.42374999999999996,0,4,0.02775529685997785,0.17625000000000002
road,Dakar,Dakar,28624,43129,3.01348518725545,0.4600377595972308,0.6636833684991537,0.6241310313438612,0.6825,0.6824375,0.6900000000000001,False,0,0.0025,8192,1000,3.493571827836781e-05,1.0,0.1096632196757965,2340,canonical_v2_exact_endpoint,d135e6c58b836e7913965c30226322d34eaf4bd8c574de7659ea7d8998805576,0.3565314582686812,2.8048015870913763,4.5622079795025156e-10,d135e6c58b836e7913965c30226322d34eaf4bd8c574de7659ea7d8998805576,20287458,Africa,0.481875,0,4,0.021837240402769187,0.200625
road,Dar es Salaam,Dar es Salaam,22312,29826,2.6735389028325565,0.5075988359230076,0.7480721518138537,0.6359262790285476,0.7625000000000001,0.76,0.77,False,0,0.0025,8192,1000,4.481893151667265e-05,1.0,0.4364915740408748,5282,canonical_v2_exact_endpoint,3dbe8788844f68a6baa9d7d70471afabf3c868af462c46dc55b3dd77ad295122,0.3761808633566279,2.6582957758060584,2.244819450932378e-09,3dbe8788844f68a6baa9d7d70471afabf3c868af462c46dc55b3dd77ad295122,20306260,Africa,0.536875,0,4,0.029276164076992406,0.22562500000000008
road,Delhi,Delhi,59302,85866,2.8958888401740244,0.4689645379225219,0.6906342440546899,0.6229958993794755,0.6975,0.6950000000000001,0.7025,False,0,0.0025,8192,1000,1.6862837678324515e-05,1.0,0.2214933729047924,8430,canonical_v2_exact_endpoint,ef9646d6b32ee8d368c13f641fcff98d043f745b57904bc921c5f3509bfa4b32,0.3754731958732658,2.663305958962599,8.892903434782163e-10,ef9646d6b32ee8d368c13f641fcff98d043f745b57904bc921c5f3509bfa4b32,20287467,Asia,0.488125,0,4,0.01916046207747807,0.20937500000000003
road,Dhaka,Dhaka,35890,47996,2.674616884926164,0.501127631139325,0.7477706475539628,0.6318677528389077,0.7175,0.715,0.73,False,0,0.0025,8192,1000,2.7862914460852604e-05,1.0,0.4073558094176651,8858,canonical_v2_exact_endpoint,a65144ddcc34f23972b2d202b2d2cd55ea3e782cf425f82e62474c28beb59939,0.3759001214863942,2.660281130119813,5.91743206028276e-10,a65144ddcc34f23972b2d202b2d2cd55ea3e782cf425f82e62474c28beb59939,20287347,Asia,0.5237499999999999,0,4,0.022622368860674924,0.1937500000000001
road,Dubai,Dubai,15724,22720,2.889849910964131,0.4908611675236571,0.6920774647887324,0.6405457811271997,0.7000000000000001,0.6975,0.7075,False,0,0.0025,8192,1000,6.359704909692192e-05,1.0,0.2322564233019587,1491,canonical_v2_exact_endpoint,2db898e088c7cb2fb4ac59525af70ddc3a6629bdfcf307f718dffa812066751a,0.3531762029031313,2.831447848920553,1.8228061240766603e-09,2db898e088c7cb2fb4ac59525af70ddc3a6629bdfcf307f718dffa812066751a,20287436,Middle East,0.51875,0,4,0.02788883247634294,0.18125000000000002
road,Hanoi,Hanoi,29320,39886,2.720736698499318,0.4889668023341342,0.7350950208093064,0.6264432300188263,0.705,0.6975,0.7075,False,0,0.0025,8192,1000,3.410641200545704e-05,1.0,0.4755798090040927,6904,canonical_v2_exact_endpoint,4a321e4140484f274f5b6fa29d763d163fc4b6049743cfa5b35266e3aa4f820a,0.3432466722655197,2.9133567221489227,5.456449764972184e-10,4a321e4140484f274f5b6fa29d763d163fc4b6049743cfa5b35266e3aa4f820a,20287542,Asia,0.5137499999999999,0,4,0.02478319766586573,0.19125000000000003
road,Ho Chi Minh City,Ho Chi Minh City,40466,51958,2.567982998072456,0.5059497146863499,0.7788213557103815,0.6259101793107459,0.7175,0.7125,0.725,False,0,0.0025,8192,1000,2.4712103988533584e-05,1.0,1.140241190134928,14181,canonical_v2_exact_endpoint,8687b876aad2ebf2f3544c09e61dbe0084498b8528b11b33176c5376014c9c5d,0.3422357547141961,2.921962378931179,2.0210114902474406e-10,8687b876aad2ebf2f3544c09e61dbe0084498b8528b11b33176c5376014c9c5d,20315062,Asia,0.529375,0,4,0.02342528531365018,0.188125
road,Hong Kong,Hong Kong,9035,13245,2.931931377974544,0.4651775366136339,0.6821442053605135,0.6214976093972292,0.655,0.6525,0.6675,False,0,0.0025,8192,1000,0.0001106806862202,1.0,0.3978970669618151,1211,canonical_v2_exact_endpoint,8c450ae99e1d49537e3fe46c4f3b09a708194b8e3a26ee2ab24260144f99ea54,0.3874254522081708,2.581141724944497,1.091141513745994e-09,8c450ae99e1d49537e3fe46c4f3b09a708194b8e3a26ee2ab24260144f99ea54,20296307,Asia,0.49875,0,4,0.0335724633863661,0.15625
road,Hyderabad,Hyderabad,98461,132094,2.683174048608078,0.4881558622014944,0.7453858615834179,0.6225261371164539,0.7325,0.7325,0.7375,False,0,0.0025,8192,1000,1.0156305542295934e-05,1.0,0.4151999268746001,25568,canonical_v2_exact_endpoint,e4231c8b15f318853b5383dfc47cc6714ae0597f46f38eb309dd665fd8221603,0.3669880338425164,2.724884486095055,4.0762488689723167e-10,e4231c8b15f318853b5383dfc47cc6714ae0597f46f38eb309dd665fd8221603,20296622,Asia,0.505,0,4,0.016844137798505632,0.22750000000000004
road,Istanbul,Istanbul,48682,72909,2.995316544102543,0.4613033850047454,0.667709061981374,0.6246312322524161,0.675,0.6725,0.6775,False,0,0.0025,8192,1000,2.0541473234460376e-05,1.0,0.1212357750297851,4257,canonical_v2_exact_endpoint,eec3a6dbbdcd00ad23b67c1f9091e15b935660f56c8cfe1f00ddc54c0b80a322,0.3826701360384961,2.6132167259046346,7.602127701962467e-10,eec3a6dbbdcd00ad23b67c1f9091e15b935660f56c8cfe1f00ddc54c0b80a322,20294598,Middle East,0.48,0,4,0.0186966149952546,0.19500000000000006
road,Jakarta,Jakarta,50166,65445,2.609137662958976,0.512325721577254,0.7665367866147147,0.6339062913771359,0.705,0.7000000000000001,0.7075,False,0,0.0025,8192,1000,1.993381971853446e-05,1.0,0.4783718056053901,13839,canonical_v2_exact_endpoint,d59d38ad96562a8ea8ea6eb9efcfc96393a754eea73f17cea49fbc37d4a9e8c2,0.3858448515413127,2.5917152866115907,5.273276572931812e-10,d59d38ad96562a8ea8ea6eb9efcfc96393a754eea73f17cea49fbc37d4a9e8c2,20291978,Asia,0.5325,0,4,0.020174278422745995,0.1725
road,Johannesburg,Johannesburg,22312,32632,2.9250627465041235,0.454250595097234,0.6837460161804364,0.611139872298325,0.67,0.66,0.6725,False,0,0.0025,8192,1000,4.481893151667265e-05,1.0,0.3499910362136966,3803,canonical_v2_exact_endpoint,4f091fc0d64c7e37ebb8bf87212b572e814d05a9e39d7fd528eafc7620690a88,0.3595873204317505,2.7809656881096823,1.2721036632954422e-09,4f091fc0d64c7e37ebb8bf87212b572e814d05a9e39d7fd528eafc7620690a88,20305301,Africa,0.47812499999999997,0,4,0.02387440490276599,0.19187500000000007
road,Kampala,Kampala,35927,41391,2.3041723494864588,0.574452139397388,0.8679906259814936,0.6442676492938583,0.8225,0.8175,0.8250000000000001,False,0,0.0025,8192,1000,2.7834219389317228e-05,1.0,0.7700893478442397,15715,canonical_v2_exact_endpoint,a3fdf2484e3d4125bab8164f7b70b3bba13444fbc8d8db4d5b040bd21d48250c,0.4049696977833597,2.469320557744432,1.9056314075106644e-10,a3fdf2484e3d4125bab8164f7b70b3bba13444fbc8d8db4d5b040bd21d48250c,20291877,Africa,0.6,0,4,0.025547860602611938,0.22250000000000003
road,Karachi,Karachi,52156,78992,3.0290666462152007,0.4466206054300997,0.66026939436905,0.6130062683845439,0.675,0.6725,0.68,False,0,0.0025,8192,1000,1.9173249482322263e-05,1.0,0.1825293350717079,5728,canonical_v2_exact_endpoint,345bd7c3f4e02b299a268bf152f0f49a4cfd3c52f69f9f4d5eff1283f4b71a48,0.3377403408966729,2.9608544757936883,1.6466054635506999e-09,345bd7c3f4e02b299a268bf152f0f49a4cfd3c52f69f9f4d5eff1283f4b71a48,20291854,Asia,0.465,0,4,0.018379394569900342,0.21000000000000002
road,Kuala Lumpur,Kuala Lumpur,37213,50999,2.74092387069035,0.4969016115517276,0.7296809741367478,0.6335353536428462,0.6975,0.6950000000000001,0.7025,False,0,0.0025,8192,1000,2.687232956224976e-05,1.0,0.4472630532340849,7756,canonical_v2_exact_endpoint,49b7553a44a7eb0148643d5a81a8b7ab648c1a4225da6cb8aaab15e1173468b7,0.3918899306737779,2.5517369080667525,9.192706145631743e-10,49b7553a44a7eb0148643d5a81a8b7ab648c1a4225da6cb8aaab15e1173468b7,20304828,Asia,0.51875,0,4,0.02184838844827247,0.17874999999999996
road,Lagos,Lagos,13226,17952,2.7146529562982007,0.4953369019369792,0.7367424242424242,0.6306685916449754,0.7225,0.72,0.7275,False,0,0.0025,8192,1000,7.560864962951764e-05,1.0,0.4124451837290186,3078,canonical_v2_exact_endpoint,c2a9d25f86f9b3ca4fd33a84ae643503972c6868a893966ba48b9e5af72f2436,0.3719276551057825,2.6886949283606865,6.268382226238193e-10,c2a9d25f86f9b3ca4fd33a84ae643503972c6868a893966ba48b9e5af72f2436,20287610,Africa,0.5237499999999999,0,4,0.028413098063020725,0.1987500000000001
road,Lima,Lima,49410,75796,3.068042906294272,0.4428345242198864,0.6518813657712809,0.6125704528909682,0.645,0.6425,0.65,False,0,0.0025,8192,1000,2.023881805302571e-05,1.0,0.1461040275247925,4543,canonical_v2_exact_endpoint,b12039ffd98f2fe4818b976b056335d9772a079095451454f90b51260e99343a,0.3549180441969052,2.817551872468928,1.738881032097202e-09,b12039ffd98f2fe4818b976b056335d9772a079095451454f90b51260e99343a,20285416,Latin America,0.46125000000000005,0,4,0.018415475780113655,0.18374999999999997
road,Lisbon,Lisbon,26686,36745,2.7538784381323542,0.4955161486076462,0.7262484691794802,0.63267552802825,0.715,0.705,0.72,False,0,0.0025,8192,1000,3.747283219665742e-05,1.0,0.3375927452596867,5060,canonical_v2_exact_endpoint,488bc6782067aa70f97242af41f9389b8b68e3725d7fcf1e2633d3e5eae2343f,0.3711948140380789,2.694003154627626,1.7092056774623622e-09,488bc6782067aa70f97242af41f9389b8b68e3725d7fcf1e2633d3e5eae2343f,20289837,Europe,0.51875,0,4,0.023233851392353844,0.19624999999999992
road,London,London,48353,62602,2.589373978863773,0.5199847165924646,0.772387463659308,0.6354558633895055,0.775,0.77,0.7825,False,0,0.0025,8192,1000,2.068124004715322e-05,1.0,0.5529336339006887,14060,canonical_v2_exact_endpoint,8f49355676baa87af47d44e42bfbf0f77547d73bc9a1e8dfbc595d3458d54992,0.3867522317329722,2.585634724120833,3.3203269521607483e-10,8f49355676baa87af47d44e42bfbf0f77547d73bc9a1e8dfbc595d3458d54992,20289857,Europe,0.54125,0,4,0.021265283407535418,0.23375
road,Los Angeles,Los Angeles,22280,34611,3.106912028725314,0.4249303262083952,0.6437259830689666,0.5965189729036939,0.6025,0.595,0.605,False,0,0.0025,8192,1000,4.488330341113108e-05,1.0,0.1346947935368043,2446,canonical_v2_exact_endpoint,219b208ac41716e10e50a12f340935f4a88b22a4a28fb7b189651f09e882a4de,0.352440072661276,2.8373618029555976,2.773852448897854e-09,219b208ac41716e10e50a12f340935f4a88b22a4a28fb7b189651f09e882a4de,20301671,North America,0.45125000000000004,0,4,0.026319673791604825,0.15125
road,Manila,Manila,25142,36895,2.934929599872723,0.4492979529208324,0.6814473505895108,0.6085482861173116,0.6575,0.655,0.6575,False,0,0.0025,8192,1000,3.977408320738208e-05,1.0,0.2944873120674568,4223,canonical_v2_exact_endpoint,7645e8072f89f7935b5e2be2cde714a704cf2c1665b04dda8aaa69a16c1ce922,0.3596983782588286,2.78010705758709,1.1513625513023335e-09,7645e8072f89f7935b5e2be2cde714a704cf2c1665b04dda8aaa69a16c1ce922,20289637,Asia,0.471875,0,4,0.022577047079167578,0.18562499999999998
road,Melbourne,Melbourne,35052,51621,2.9453954125299555,0.4686087256486138,0.6790259777997326,0.6267534266124408,0.705,0.7025,0.715,False,0,0.0025,8192,1000,2.852904256533149e-05,1.0,0.1391646696336871,3666,canonical_v2_exact_endpoint,b1949e34636d16072868fc476e33eed55b5af66885f7558fdf14b8a00254fe6f,0.3760994648995985,2.658871105458644,9.69536327565339e-10,b1949e34636d16072868fc476e33eed55b5af66885f7558fdf14b8a00254fe6f,20297114,Oceania,0.48875,0,4,0.02014127435138624,0.21624999999999994
road,Mexico City,Mexico City,59012,90635,3.0717481190266387,0.4265999557561695,0.6510950515805153,0.5962211342997888,0.615,0.61,0.62,False,0,0.0025,8192,1000,1.694570595811021e-05,1.0,0.1914695316206873,7849,canonical_v2_exact_endpoint,5ddbbd7846d723b1f438609e14bcf42b2e49075c3d4d3015c000115028bbeb71,0.3323389560006679,3.0089761731031923,1.7357874858404163e-09,5ddbbd7846d723b1f438609e14bcf42b2e49075c3d4d3015c000115028bbeb71,20301736,Latin America,0.443125,0,4,0.0165250442438305,0.171875
road,Miami,Miami,17983,28736,3.1959072457320805,0.4188310741874362,0.6258003897550111,0.5964458763612537,0.6175,0.615,0.6225,False,0,0.0025,8192,1000,5.560807429238728e-05,1.0,0.0977033865317244,1269,canonical_v2_exact_endpoint,fd21fa456eaea9f49daad4426115d8267bc44b46bbe9b58a5a39830d12f1f831,0.3498949957415056,2.8580002920041103,1.1650032834174394e-09,fd21fa456eaea9f49daad4426115d8267bc44b46bbe9b58a5a39830d12f1f831,20287506,North America,0.4425,0,4,0.0236689258125638,0.17500000000000004
road,Milan,Milan,25735,38172,2.9665436176413444,0.4648772408417771,0.6741852666876245,0.6252786043555665,0.6575,0.6575,0.665,False,0,0.0025,8192,1000,3.885758694385079e-05,1.0,0.1712453856615504,2526,canonical_v2_exact_endpoint,8a510eeeeababe0918e84b94fdeca1af18464ce1e32ea599801b1d50b4e41370,0.3687248824684473,2.712049138928324,9.571181652782994e-10,8a510eeeeababe0918e84b94fdeca1af18464ce1e32ea599801b1d50b4e41370,20287536,Europe,0.486875,0,4,0.021997759158222885,0.17062499999999997
road,Montevideo,Montevideo,13761,22450,3.2628442700385145,0.4069683126676818,0.6129621380846325,0.5861605763055557,0.58,0.5750000000000001,0.59,False,0,0.0025,8192,1000,7.266913741733884e-05,1.0,0.0995567182617542,1013,canonical_v2_exact_endpoint,9ee40968652a95a09602706106415494c580fdffdece75f26c0056f87a424058,0.3445383969938771,2.902434122655337,1.792901097557575e-09,9ee40968652a95a09602706106415494c580fdffdece75f26c0056f87a424058,20299722,Latin America,0.431875,0,4,0.02490668733231821,0.14812499999999995
road,Montreal,Montreal,20313,32065,3.157091517747256,0.4231662575553621,0.6334944643692499,0.5936174823703804,0.625,0.615,0.63,False,0,0.0025,8192,1000,4.9229557426278746e-05,1.0,0.1195293654310047,1500,canonical_v2_exact_endpoint,fa016fc802965ee9056d5b0f9428501b44c2fee6cc23f869d0f1455a654ec912,0.3553237036561043,2.814335181442997,1.0128270266855902e-09,fa016fc802965ee9056d5b0f9428501b44c2fee6cc23f869d0f1455a654ec912,20294550,North America,0.44625000000000004,0,4,0.023083742444637956,0.17874999999999996
road,Mumbai,Mumbai,18270,24999,2.7366174055829227,0.4825037154272258,0.7308292331693268,0.6219120370356436,0.7175,0.7125,0.7225,False,0,0.0025,8192,1000,5.473453749315816e-05,1.0,0.4024630541871921,4462,canonical_v2_exact_endpoint,9ca15f4021afcac446dbb4da5ffb94e7ec8bd8300ccdfc7eaecd6101b5b8879c,0.3735649044290428,2.6769109949672645,3.0159333314999475e-10,9ca15f4021afcac446dbb4da5ffb94e7ec8bd8300ccdfc7eaecd6101b5b8879c,20289684,Asia,0.50875,0,4,0.026246284572774226,0.20875
road,Nairobi,Nairobi,22960,28157,2.452700348432056,0.5433092136999518,0.8154277799481479,0.6398066061854979,0.78,0.77,0.785,False,0,0.0025,8192,1000,4.35540069686411e-05,1.0,1.0805749128919862,8839,canonical_v2_exact_endpoint,2cbde71d4249347843419c9eefe485c3d86aa4ed6a5930244faa1b08f879ae2e,0.38482573295509,2.598578822473658,1.7363684598182166e-10,2cbde71d4249347843419c9eefe485c3d86aa4ed6a5930244faa1b08f879ae2e,20292007,Africa,0.573125,0,4,0.02981578630004822,0.20687500000000003
road,New York City,New York City,20109,34130,3.394499975135512,0.3876426827190641,0.5891883973044242,0.5686540264490313,0.585,0.58,0.59,False,0,0.0025,8192,1000,4.9728977074941546e-05,1.0,0.0820030831965786,1208,canonical_v2_exact_endpoint,75627dcff916b66ff0d79a50d0661574e261bee71a3917348d72190e1cc209cd,0.3408411939753452,2.9339176651057475,2.266399132653777e-09,75627dcff916b66ff0d79a50d0661574e261bee71a3917348d72190e1cc209cd,20307046,North America,0.41062499999999996,0,4,0.02298231728093586,0.174375
road,Osaka,Osaka,92460,138690,3.0,0.4467357272621854,0.6666666666666666,0.6120026038397824,0.62,0.6175,0.625,False,0,0.0025,8192,1000,1.081548777849881e-05,1.0,0.1645360155743024,11611,canonical_v2_exact_endpoint,8716f7da01a6ea100c83066836fea709c34b406534acc56a2f284e9c2ad9c7db,0.3416670077092082,2.9268263468127924,9.151098220927091e-10,8716f7da01a6ea100c83066836fea709c34b406534acc56a2f284e9c2ad9c7db,20287490,Asia,0.46187500000000004,0,4,0.015139272737814624,0.15812499999999996
road,Panama City,Panama City,9245,12302,2.661330448891293,0.4936399020906064,0.7515038205169892,0.6246834166228351,0.715,0.7125,0.7175,False,0,0.0025,8192,1000,0.0001081665765278,1.0,0.7317468902109249,2692,canonical_v2_exact_endpoint,93bf1c32dfc9bec7d8b42660f7eaf8b0006c7b55199906746005ba302a9e1526,0.3713437322275375,2.692922791510209,6.152625796096537e-10,93bf1c32dfc9bec7d8b42660f7eaf8b0006c7b55199906746005ba302a9e1526,20301520,Latin America,0.52875,0,4,0.03511009790939368,0.18624999999999992
road,Paris,Paris,36946,55181,2.987116331943918,0.453974052043998,0.6695420525180769,0.6185179616038177,0.6475,0.6475,0.65,False,0,0.0025,8192,1000,2.706652952958372e-05,1.0,0.1384994316028799,3832,canonical_v2_exact_endpoint,0fe84770577f910adb2fe64426447e4fa469ba5466935ff09e61d0ff2168942a,0.3579905934292532,2.793369486110874,1.5596082519000775e-09,0fe84770577f910adb2fe64426447e4fa469ba5466935ff09e61d0ff2168942a,20287668,Europe,0.47562499999999996,0,4,0.021650947956001976,0.171875
road,Prague,Prague,19787,27325,2.7619143882346995,0.4768012005095185,0.7241354071363221,0.6190045672056735,0.7025,0.6925,0.705,False,0,0.0025,8192,1000,5.053823217263858e-05,1.0,0.5213018648607671,4712,canonical_v2_exact_endpoint,8feb933105574b153905c5850a1837bc2842d9b0f9161c744cc11c708e4a5e38,0.3770069106008816,2.6524712727577824,1.1575352939983767e-09,8feb933105574b153905c5850a1837bc2842d9b0f9161c744cc11c708e4a5e38,20289786,Europe,0.505625,0,4,0.028823799490481472,0.19687500000000002
road,Quito,Quito,26144,35253,2.696832925336597,0.4811776588774842,0.7416106430658383,0.6182161993593168,0.71,0.6950000000000001,0.7125,False,0,0.0025,8192,1000,3.824969400244796e-05,1.0,0.7075045899632803,7390,canonical_v2_exact_endpoint,b2a5f5615b2bac039babb0f6a8ec841b36de81f1eab4f6b184ab6e7f0ea38b26,0.3668531906108477,2.725886064490535,5.370496596616415e-10,b2a5f5615b2bac039babb0f6a8ec841b36de81f1eab4f6b184ab6e7f0ea38b26,20287801,Latin America,0.505625,0,4,0.024447341122515787,0.20437499999999997
road,Rio de Janeiro,Rio de Janeiro,14909,20774,2.786773090079817,0.479348377866999,0.7176759410801964,0.6239372666595148,0.7075,0.7075,0.71,False,0,0.0025,8192,1000,6.707357971694951e-05,1.0,0.4102220135488631,3048,canonical_v2_exact_endpoint,5cd554861366e52613b78a2de92457492fb272db3e31ad70caafa4d41839b67d,0.3720007877521894,2.688166350513634,7.265750158082645e-10,5cd554861366e52613b78a2de92457492fb272db3e31ad70caafa4d41839b67d,20309546,Latin America,0.5062500000000001,0,4,0.02690162213300107,0.20124999999999993
road,Riyadh,Riyadh,52112,79423,3.048165489714461,0.4665628855078422,0.6561323546076074,0.6320424002526038,0.6625,0.66,0.6625,False,0,0.0025,8192,1000,1.9189438133251456e-05,1.0,0.0750115136628799,2152,canonical_v2_exact_endpoint,598172e9ba56032da1b853bbd215b8b8dcc7673f9afa44e34a62853b54d5f3cc,0.315463084275893,3.1699430134444344,8.132647329058524e-10,598172e9ba56032da1b853bbd215b8b8dcc7673f9afa44e34a62853b54d5f3cc,20289736,Middle East,0.484375,0,4,0.017812114492157805,0.17812499999999998
road,Rome,Rome,25843,37062,2.868242851062184,0.4705329710788918,0.697291025848578,0.6233084231605613,0.6875,0.6825,0.6875,False,0,0.0025,8192,1000,3.86951979259374e-05,1.0,0.2986882327903107,4263,canonical_v2_exact_endpoint,775d3fdc7167aa3c7e62f09d12d3a1af88893fcdf5757ff1db1f19ca80b81f8a,0.3664102243403352,2.7291814844969045,1.6259972490814963e-09,775d3fdc7167aa3c7e62f09d12d3a1af88893fcdf5757ff1db1f19ca80b81f8a,20285530,Europe,0.495,0,4,0.02446702892110819,0.1925
road,San Francisco,San Francisco,11502,18546,3.224830464267084,0.4019767215033488,0.6201876415399546,0.5784133366942563,0.605,0.6025,0.6075,False,0,0.0025,8192,1000,8.694140149539213e-05,1.0,0.1746652756042427,1242,canonical_v2_exact_endpoint,9a77f5498f5072c63be911941b5ca244b84d74c1eb942d53b55cdf2a533cdffe,0.3341022498145567,2.9930956782094387,2.712832230095641e-09,9a77f5498f5072c63be911941b5ca244b84d74c1eb942d53b55cdf2a533cdffe,20307373,North America,0.43,0,4,0.028023278496651205,0.175
road,Santiago,Santiago,60718,88302,2.90859382720116,0.4543405779204741,0.6876174945074857,0.6118232079220822,0.6425,0.6375000000000001,0.645,False,0,0.0025,8192,1000,1.646958068447578e-05,1.0,0.190322474389802,9781,canonical_v2_exact_endpoint,75e7cd4f29692e9a18568e505a10786bc5bfd504bb2e77dcb249a6606cf64b92,0.3500619470289323,2.856637256597761,4.1406216687205996e-10,75e7cd4f29692e9a18568e505a10786bc5bfd504bb2e77dcb249a6606cf64b92,20294465,Latin America,0.4725,0,4,0.018159422079525867,0.16999999999999998
road,Sao Paulo,Sao Paulo,51289,77333,3.0155783891282733,0.4525467568643056,0.6632226863046823,0.6177745895074539,0.65,0.6475,0.6575,False,0,0.0025,8192,1000,1.9497358107976368e-05,1.0,0.1260699175261752,4944,canonical_v2_exact_endpoint,104118adf016eada9c8e57555d6f0b674736c2e3603ac7573fa3cfc42b04dc31,0.3617715208623981,2.764175570305203,7.07956806052309e-10,104118adf016eada9c8e57555d6f0b674736c2e3603ac7573fa3cfc42b04dc31,20296492,Latin America,0.471875,0,4,0.019328243135694367,0.17812500000000003
road,Seattle,Seattle,17570,26501,3.0166192373363687,0.4417716876708675,0.6629938492887061,0.6083977700471199,0.6525,0.6525,0.655,False,0,0.0025,8192,1000,5.691519635742744e-05,1.0,0.264314171883893,2245,canonical_v2_exact_endpoint,49de4295ad5a4a67f30bef7ce88f0d68abdbc76127e2c8b428495766a106997c,0.3517632025258865,2.8428215140735453,1.061472579324595e-09,49de4295ad5a4a67f30bef7ce88f0d68abdbc76127e2c8b428495766a106997c,20292131,North America,0.46687500000000004,0,4,0.025103312329132543,0.18562499999999993
road,Seoul,Seoul,50914,76060,2.9877833208940565,0.4516653899369949,0.6693925848014726,0.6167580998833466,0.6725,0.6675,0.6725,False,0,0.0025,8192,1000,1.964096319283497e-05,1.0,0.1702478689554935,6074,canonical_v2_exact_endpoint,28613ed519fdcb353693f7186775e7ab7e21e61a60ec9c5a88d9cd9a2485ea67,0.3709977389908357,2.695434216715541,2.100012401829033e-09,28613ed519fdcb353693f7186775e7ab7e21e61a60ec9c5a88d9cd9a2485ea67,20287728,Asia,0.469375,0,4,0.017709610063005088,0.203125
road,Singapore,Singapore,13478,19430,2.88321709452441,0.4668204315025708,0.6936695831188883,0.6199378790433933,0.675,0.6675,0.6775,False,0,0.0025,8192,1000,7.419498441905329e-05,1.0,0.2909185339071078,2244,canonical_v2_exact_endpoint,6dbd2f1c403e04188df631f9bea5b7e958698cd051a6bee3adaa5b6ead8b3572,0.4082427085215113,2.449523234895223,1.2359931839476162e-09,6dbd2f1c403e04188df631f9bea5b7e958698cd051a6bee3adaa5b6ead8b3572,20297060,Asia,0.494375,0,4,0.02755456849742921,0.18062500000000004
road,Sydney,Sydney,22215,31013,2.792077425163178,0.487296324811841,0.7163125141069874,0.630326254748881,0.6950000000000001,0.6925,0.71,False,0,0.0025,8192,1000,4.501462975467027e-05,1.0,0.2913796984019806,3947,canonical_v2_exact_endpoint,f353556b450891524e6a7f264edcd83c15c72d163c28cddb4faf1861ee441b95,0.3736943262858676,2.6759838982276194,5.039958693361959e-10,f353556b450891524e6a7f264edcd83c15c72d163c28cddb4faf1861ee441b95,20290000,Oceania,0.514375,0,4,0.02707867518815904,0.18062500000000004
road,Taipei,Taipei,16388,24900,3.0388088845496704,0.431684610183596,0.6581526104417671,0.6021173050401765,0.59,0.5875,0.5925,False,0,0.0025,8192,1000,6.1020258725897e-05,1.0,0.3015621186233829,2391,canonical_v2_exact_endpoint,310800963b10da8c0b94671f9f037020e1d31ab8be108ba2aabf497426d344eb,0.3458895141982296,2.891096604411369,2.0100763738223788e-09,310800963b10da8c0b94671f9f037020e1d31ab8be108ba2aabf497426d344eb,20289720,Asia,0.458125,0,4,0.02644038981640401,0.13187499999999996
road,Tehran,Tehran,85612,108037,2.5238751576881744,0.5095652255940534,0.7924322222942141,0.6248642133671398,0.7075,0.7025,0.71,False,0,0.0025,8192,1000,1.168060552259029e-05,1.0,0.568623557445218,29785,canonical_v2_exact_endpoint,aade61c16f52640e8fe72184ac08ff6e1230f57f6c2b62218fe0711186df012a,0.3677736768925504,2.7190635513921304,4.4399152713085774e-10,aade61c16f52640e8fe72184ac08ff6e1230f57f6c2b62218fe0711186df012a,20289773,Middle East,0.5275,0,4,0.017934774405946596,0.18000000000000005
road,Tel Aviv,Tel Aviv,21205,30263,2.85432680971469,0.4704556407107436,0.7006906122988468,0.6216476446413872,0.6725,0.67,0.6825,False,0,0.0025,8192,1000,4.715868898844611e-05,1.0,0.473473237443999,3621,canonical_v2_exact_endpoint,9f1314703ee8971beeaaeefc0921c057ca266dbb7be2bb3dba804128bde66006,0.3986566357017453,2.508424319188178,1.0615447404025035e-09,9f1314703ee8971beeaaeefc0921c057ca266dbb7be2bb3dba804128bde66006,20293993,Middle East,0.495625,0,4,0.0251693592892564,0.176875
road,Tokyo,Tokyo,62113,98086,3.158308244650878,0.4276266169078313,0.6332504129029627,0.6038329066159509,0.635,0.63,0.6375000000000001,False,0,0.0025,8192,1000,1.6099689275996976e-05,1.0,0.0771980100784054,4150,canonical_v2_exact_endpoint,15cfd4fa93fec7c9f390f2faaa129638816fdfccb3ee81702a7920d7ebae4d36,0.3606809074834553,2.7725337805574606,1.0565965197474614e-09,15cfd4fa93fec7c9f390f2faaa129638816fdfccb3ee81702a7920d7ebae4d36,20287838,Asia,0.44375,0,4,0.016123383092168653,0.19125000000000003
road,Toronto,Toronto,12443,18430,2.962308125050229,0.4503249767873723,0.6751492132392838,0.6093514625076226,0.66,0.655,0.6600625,False,0,0.0025,8192,1000,8.036647110825364e-05,1.0,0.2135337137346299,1691,canonical_v2_exact_endpoint,4200b36ec2997344a60524e4d4862d268a60559a81e548bd471fe33fdad07d94,0.3770531221767562,2.6521461862639524,2.301547088795954e-09,4200b36ec2997344a60524e4d4862d268a60559a81e548bd471fe33fdad07d94,20292446,North America,0.476875,0,4,0.02655002321262767,0.18312500000000004
road,Tunis,Tunis,46721,67495,2.8892789109822137,0.4801932298410621,0.6922142380917105,0.6317793038370825,0.7000000000000001,0.6925,0.7025,False,0,0.0025,8192,1000,2.140365146293957e-05,1.0,0.1930823398471779,5743,canonical_v2_exact_endpoint,35e3364d1fcc0403e4638f4679bcc028c574cc7b0022685dce9d8b812e3b82f7,0.379701275147661,2.633649306579528,1.1072893341599524e-09,35e3364d1fcc0403e4638f4679bcc028c574cc7b0022685dce9d8b812e3b82f7,20287800,Africa,0.498125,0,4,0.017931770158937876,0.20187500000000008
road,Vancouver,Vancouver,14876,22751,3.058752352783006,0.4277066531310511,0.6538613687310448,0.5947690996506795,0.61,0.6075,0.615,False,0,0.0025,8192,1000,6.722237160527024e-05,1.0,0.2462355471901048,2103,canonical_v2_exact_endpoint,68bd74e36d2e9d7613baac0ed29ae6a4750ab861d07e760be6d7fd4111241454,0.3566906901200258,2.803549483345084,8.237816097486096e-10,68bd74e36d2e9d7613baac0ed29ae6a4750ab861d07e760be6d7fd4111241454,20297278,North America,0.455625,0,4,0.027918346868948896,0.15437499999999998
road,Vienna,Vienna,17629,26142,2.9657949968801405,0.4456985030858935,0.6743554433478693,0.6083629848169554,0.6475,0.6425,0.655,False,0,0.0025,8192,1000,5.672471495830735e-05,1.0,0.2295081967213114,2559,canonical_v2_exact_endpoint,8b68b8dd113f31905448268df59026a70688fb0f7528e92a635f9fc598b0d79f,0.3180432369241895,3.144226582747192,7.909952209273864e-11,8b68b8dd113f31905448268df59026a70688fb0f7528e92a635f9fc598b0d79f,20289740,Europe,0.471875,0,4,0.026176496914106506,0.17562499999999998
road,Warsaw,Warsaw,17582,24341,2.76885451029462,0.4800796812749004,0.7223203648165646,0.6216663185144851,0.6825,0.68,0.685,False,0,0.0025,8192,1000,5.687635081333182e-05,1.0,0.3603685587532704,3761,canonical_v2_exact_endpoint,afc7445d54d624eecd37e4237c8a75938282f861f476831d8a7728a415c87fae,0.3999705405468777,2.500184135143316,7.08663754133408e-10,afc7445d54d624eecd37e4237c8a75938282f861f476831d8a7728a415c87fae,20289951,Europe,0.508125,0,4,0.028045318725099633,0.17437499999999995
