city,country,macro_region,replicate,swap_fraction,n_nodes,n_edges,pc_cebh,pc_road,road_gap,pc_geometry_null,pc_geometry_null_ci_low,pc_geometry_null_ci_high,geometry_null_gap,road_minus_geometry,geometry_fraction_of_road_gap,remaining_fraction_after_geometry,threshold_boundary_hit,runtime_seconds,accepted_swaps,attempted_swaps,acceptance_rate,accepted_swaps_per_edge,target_swaps,target_swap_fraction,topology_rejects,length_rejects,crossing_rejects,degree_max_abs_drift,length_bin_tvd,length_mean_ratio,length_median_ratio,stale_index_guard_calls,max_attempts,status,full_connectivity_metrics,notes,original_connected_components,null_connected_components,delta_connected_components,original_bridge_edge_share,null_bridge_edge_share,delta_bridge_edge_share,original_articulation_point_share,null_articulation_point_share,delta_articulation_point_share,original_largest_biconnected_node_fraction,null_largest_biconnected_node_fraction,delta_largest_biconnected_node_fraction,original_cyclomatic_density,null_cyclomatic_density,delta_cyclomatic_density,original_dual_endpoint_degree_mean,null_dual_endpoint_degree_mean,delta_dual_endpoint_degree_mean,original_dual_endpoint_degree_cv,null_dual_endpoint_degree_cv,delta_dual_endpoint_degree_cv,original_angular_entropy,null_angular_entropy,delta_angular_entropy,original_straight_angle_share_10deg,null_straight_angle_share_10deg,delta_straight_angle_share_10deg,original_right_angle_share_10deg,null_right_angle_share_10deg,delta_right_angle_share_10deg,null_mobility_index,source_round
Amsterdam,Netherlands,Europe,0,0.005,23201,32887,0.466680857102313,0.7,0.2333191428976869,0.675,0.65,0.7006249999999997,0.208319142897687,0.0249999999999999,0.8928506264444721,0.1071493735555281,False,7.510496139526367,164,87695,0.0018701180226922,0.0049867728889834,164,0.005,4158,80307,3066,0,0.0,1.0054119184693526,1.0001775174359,514,147600,pass,True,reused R67 0.005 replicate 0 for full-71 low-intensity geometry-null coverage,1.0,4.0,3.0,0.1399641195609207,0.1396296408915376,-0.000334478669383,0.1728804792896857,0.1723632602043015,-0.0005172190853842,0.7542347312615836,0.7545364423947244,0.0003017111331408,0.4175251066764364,0.4176544114477824,0.000129304771346,4.285583969349591,4.285583969349591,0.0,0.2733076557178945,0.2732773658068591,-3.0289911035374928e-05,0.829914713800308,0.835087990065983,0.0051732762656749,0.2297999148573861,0.2267773520647084,-0.0030225627926777,0.3560380303675323,0.352504611891585,-0.0035334184759472,0.0018403809174582,R67_reused_same_algorithm
Dubai,United Arab Emirates,Middle East,0,0.005,15724,22720,0.4908611675236571,0.725,0.2341388324763428,0.725,0.7,0.725,0.2341388324763428,0.0,1.0000000000000004,0.0,False,4.122533321380615,114,51815,0.0022001350960146,0.0050176056338028,114,0.005,2200,47347,2154,0,0.0,1.0019650474445103,1.001282254108873,363,102600,pass,True,reused R67 0.005 replicate 0 for full-71 low-intensity geometry-null coverage,1.0,1.0,0.0,0.065625,0.0658450704225352,0.0002200704225352,0.0896718392266598,0.0905621979140167,0.0008903586873569,0.8635207326380056,0.8500381582294582,-0.0134825744085473,0.4449885525311625,0.4449885525311625,0.0,4.074471830985916,4.074471830985916,0.0,0.2090907214904712,0.2090780412514069,-1.2680239064283285e-05,0.9141788196691468,0.9177092043372762,0.0035303846681294,0.2073197079030376,0.2042086159961975,-0.00311109190684,0.2098474700773452,0.2079462472453873,-0.0019012228319578,0.0033051004179095,R67_reused_same_algorithm
Dar es Salaam,Tanzania,Africa,0,0.005,22312,29826,0.5075988359230076,0.775,0.2674011640769924,0.75,0.725,0.775,0.2424011640769924,0.025,0.9065075124624298,0.0934924875375703,False,5.3108439445495605,149,70273,0.0021203022497972,0.0049956413867095,149,0.005,2936,64889,2299,0,0.0,1.0060566734301293,1.0003910132156426,430,134100,pass,True,reused R67 0.005 replicate 0 for full-71 low-intensity geometry-null coverage,1.0,10.0,9.0,0.1770938107691276,0.1769261717964192,-0.0001676389727083,0.2029401219074937,0.2024471136608103,-0.0004930082466833,0.7357027608461815,0.735478666188598,-0.0002240946575834,0.3368142703477949,0.3372176407314449,0.00040337038365,3.940119358948568,3.940119358948568,0.0,0.2414276124437851,0.2417583653184003,0.0003307528746151,0.8538850239331474,0.8590455431921624,0.005160519259015,0.2029135962150479,0.2008713558773975,-0.0020422403376503,0.310658792695587,0.3067104613761296,-0.0039483313194574,0.0017194046847282,R67_reused_same_algorithm
Rio de Janeiro,Brazil,Latin America,0,0.005,14909,20774,0.479348377866999,0.7,0.2206516221330009,0.725,0.675,0.725,0.2456516221330009,-0.025,1.1133007759395983,-0.1133007759395982,False,4.598162651062012,104,63581,0.0016357087809251,0.0050062578222778,104,0.005,2905,58567,2005,0,0.0,1.001800908680047,1.0001022077343926,326,93600,pass,True,reused R67 0.005 replicate 0 for full-71 low-intensity geometry-null coverage,1.0,4.0,3.0,0.1467218638682969,0.1470106864349668,0.0002888225666698,0.1786840163659534,0.1788181635253873,0.0001341471594338,0.7679254141793548,0.763565631497753,-0.0043597826816017,0.3934536186196257,0.3936548393587766,0.0002012207391508,4.172330798113026,4.172330798113026,0.0,0.2526433392640126,0.2525667128577145,-7.662640629813033e-05,0.8482125973602144,0.8538313521735039,0.0056187548132895,0.2269601735197748,0.2237759010568092,-0.0031842724629655,0.3182195763533157,0.3142969218699524,-0.0039226544833633,0.0025012048810462,R67_reused_same_algorithm
Kuala Lumpur,Malaysia,Asia,0,0.005,37213,50999,0.4969016115517276,0.7,0.2030983884482723,0.7,0.675,0.725,0.2030983884482723,0.0,1.0000000000000004,0.0,False,11.545103549957275,255,154896,0.0016462658816237,0.005000098041138,255,0.005,6664,142503,5474,0,0.0,1.0022513762879006,1.0001001957045526,833,229500,pass,True,reused R67 0.005 replicate 0 for full-71 low-intensity geometry-null coverage,1.0,7.0,6.0,0.1520814133610463,0.1519833722229847,-9.80411380615276e-05,0.1787816085776476,0.1786203746002741,-0.0001612339773734,0.7482331443312821,0.7507591433101336,0.0025259989788515,0.3704888076747373,0.3706500416521108,0.0001612339773734,4.024941665522854,4.024941665522854,0.0,0.2378053201091012,0.2378969182089571,9.159809985598288e-05,0.8430120901873703,0.8479599451824392,0.0049478549950688,0.2281700021435392,0.2253834012120739,-0.0027866009314652,0.3380653584582107,0.3345090320946275,-0.0035563263635832,0.0020108651977719,R67_reused_same_algorithm
Seattle,United States,North America,0,0.005,17570,26501,0.4417716876708675,0.65,0.2082283123291324,0.65,0.625,0.675,0.2082283123291325,0.0,1.0000000000000009,0.0,False,4.414321184158325,133,56892,0.002337762778598,0.0050186785404324,133,0.005,3015,51735,2009,0,0.0,1.002448519023812,1.0003137130121105,351,119700,pass,True,reused R67 0.005 replicate 0 for full-71 low-intensity geometry-null coverage,1.0,1.0,0.0,0.0847137843854948,0.084902456511075,0.0001886721255801,0.1124075128059191,0.1124644280022766,5.691519635743492e-05,0.8442231075697211,0.8434262948207172,-0.0007968127490038,0.5083665338645418,0.5083665338645418,0.0,4.527225387721218,4.527225387721218,0.0,0.2305377996854644,0.2305537712078103,1.5971522345975542e-05,0.7447502428703033,0.7537302236097803,0.0089799807394769,0.2279789291191571,0.2257784890311395,-0.0022004400880175,0.4285857171434287,0.4234846969393879,-0.0051010202040407,0.0024748344432109,R67_reused_same_algorithm
Sydney,Australia,Oceania,0,0.005,22215,31013,0.487296324811841,0.7,0.2127036751881589,0.725,0.675,0.75,0.237703675188159,-0.025,1.1175344054487302,-0.1175344054487299,False,5.672560214996338,155,74215,0.002088526578185,0.0049979041047302,155,0.005,3275,68312,2473,0,0.0,1.00312570316983,1.00015002648688,445,139500,pass,True,reused R67 0.005 replicate 0 for full-71 low-intensity geometry-null coverage,1.0,5.0,4.0,0.1272692096862606,0.1269467642601489,-0.0003224454261116,0.1563358091379698,0.1560207067296871,-0.0003151024082826,0.8096331307674994,0.8089128966914247,-0.0007202340760746,0.3960837272113436,0.3962637857303623,0.0001800585190186,4.104278850804501,4.104278850804501,0.0,0.2349359283392442,0.2350173908470829,8.146250783863662e-05,0.8449552690367373,0.8497400314847269,0.0047847624479895,0.2231038763100419,0.2211712207155539,-0.0019326555944879,0.3254874848765771,0.3217950128058074,-0.0036924720707697,0.001681096003388,R67_reused_same_algorithm
Nairobi,Kenya,Africa,0,0.005,22960,28157,0.5433092136999518,0.825,0.2816907863000482,0.775,0.75,0.8,0.2316907863000482,0.0499999999999999,0.8225004067163861,0.1774995932836138,False,5.29858660697937,141,69482,0.0020293025531792,0.0050076357566502,141,0.005,2708,64270,2363,0,0.0,1.0045317907640658,1.000523003242901,440,126900,pass,True,reused R67 0.005 replicate 0 for full-71 low-intensity geometry-null coverage,1.0,7.0,6.0,0.3139183861917107,0.3141669922221827,0.0002486060304719,0.305095818815331,0.3048344947735191,-0.0002613240418118,0.5764372822299652,0.5752613240418119,-0.0011759581881533,0.2263937282229965,0.2266550522648083,0.0002613240418118,3.68114500834606,3.68114500834606,0.0,0.279858373573438,0.2799145581510248,5.618457758677087e-05,0.8159946707466148,0.8213943347943325,0.0053996640477177,0.2315677761698022,0.2291172214182344,-0.0024505547515678,0.3629715388326097,0.3589001447178003,-0.0040713941148094,0.0019439287392188,R67_reused_same_algorithm
Taipei,Taiwan,Asia,0,0.005,16388,24900,0.431684610183596,0.6,0.1683153898164039,0.6,0.6,0.6,0.1683153898164039,0.0,1.0000000000000004,0.0,False,5.442280292510986,124,75070,0.0016517916611162,0.0049799196787148,124,0.005,4070,67767,3109,0,0.0,1.0027661545818838,1.000841038251289,390,111600,pass,True,reused R67 0.005 replicate 0 for full-71 low-intensity geometry-null coverage,1.0,2.0,1.0,0.0960240963855421,0.0967068273092369,0.0006827309236947,0.1224676592628752,0.1227117402977788,0.0002440810349035,0.8470222113741762,0.8437881376617037,-0.0032340737124725,0.5194654625335612,0.5195264827922871,6.102025872589678e-05,4.633012048192772,4.633012048192772,0.0,0.243808406696349,0.2437393303825419,-6.907631380712043e-05,0.8147866696374747,0.8207105740031049,0.0059239043656301,0.2434423813734158,0.2400963922262096,-0.0033459891472061,0.3550042474991765,0.3511554931433228,-0.0038487543558537,0.0024685047913944,R67_reused_same_algorithm
Chicago,United States,North America,0,0.005,13260,21830,0.3959947031400221,0.6,0.2040052968599778,0.6,0.575,0.625,0.2040052968599778,0.0,1.0000000000000002,0.0,False,4.864916086196899,109,71651,0.0015212627876791,0.0049931287219422,109,0.005,4552,64758,2232,0,0.0,1.0025903649515684,1.0000741531104973,296,98100,pass,True,reused R67 0.005 replicate 0 for full-71 low-intensity geometry-null coverage,1.0,1.0,0.0,0.0464956481905634,0.0464498396701786,-4.580852038479216e-05,0.0729260935143288,0.0726998491704374,-0.0002262443438914,0.9196078431372549,0.9199095022624434,0.0003016591251885,0.6463800904977376,0.6463800904977376,0.0,5.05057260650481,5.05057260650481,0.0,0.2129604935037126,0.2129183258938501,-4.216760986244794e-05,0.5928620846468587,0.6071383100884302,0.0142762254415714,0.3200609501696083,0.3152175884775156,-0.0048433616920927,0.5410053149999093,0.5336767827017613,-0.007328532298148,0.0038602616316109,R67_reused_same_algorithm
Rome,Italy,Europe,0,0.005,25843,37062,0.4705329710788918,0.675,0.2044670289211081,0.675,0.65,0.725,0.2044670289211082,0.0,1.0000000000000009,0.0,False,6.8935158252716064,185,93296,0.0019829360315554,0.0049916356375802,185,0.005,4422,85524,3165,0,0.0,1.0067105217599936,0.999883373226348,562,166500,pass,True,reused R67 0.005 replicate 0 for full-71 low-intensity geometry-null coverage,1.0,3.0,2.0,0.1150234741784037,0.1149695105498893,-5.396362851436965e-05,0.1444491738575243,0.1444878690554502,3.86951979259309e-05,0.8175908369771311,0.8167395426227605,-0.0008512943543705,0.4341601207290175,0.4342375111248694,7.73903958518618e-05,4.250499163563758,4.250499163563758,0.0,0.2398692961728132,0.2397883431145123,-8.095305830091437e-05,0.8671017823357599,0.8719517198317295,0.0048499374959696,0.2161338648655511,0.213188431556763,-0.002945433308788,0.2980981641825153,0.2942386308813447,-0.0038595333011705,0.0017998367552484,R67_reused_same_algorithm
Hong Kong,China,Asia,0,0.005,9035,13245,0.4651775366136339,0.675,0.2098224633863661,0.625,0.625,0.725,0.159822463386366,0.05,0.7617033029112319,0.2382966970887682,False,2.693803548812866,66,38894,0.0016969198333933,0.0049830124575311,66,0.005,1866,35468,1494,0,0.0,1.0015988177148465,1.0004309061264285,194,59400,pass,True,reused R67 0.005 replicate 0 for full-71 low-intensity geometry-null coverage,1.0,3.0,2.0,0.0914307285768214,0.0919592298980747,0.0005285013212533,0.1147758716104039,0.1166574432761483,0.0018815716657443,0.8293303818483675,0.8177089097952407,-0.0116214720531268,0.466076369673492,0.4662977310459325,0.0002213613724404,4.299433748584372,4.299433748584372,0.0,0.2304315171737292,0.2303428756568015,-8.864151692766775e-05,0.9033905113328412,0.9069674498924748,0.0035769385596335,0.2017349769957503,0.1993818705440241,-0.0023531064517261,0.2531872300073754,0.2502019457029466,-0.0029852843044287,0.0032781249079875,R67_reused_same_algorithm
Kampala,Uganda,Africa,0,0.005,35927,41391,0.574452139397388,0.825,0.2505478606026119,0.825,0.825,0.85,0.2505478606026119,0.0,1.0,0.0,False,9.238775730133057,207,127880,0.0016187050359712,0.005001087192868,207,0.005,4493,119327,3853,0,0.0,1.00687285229114,1.0001950613702926,635,186300,pass,True,reused R67 0.005 replicate 0 for full-71 low-intensity geometry-null coverage,1.0,19.0,18.0,0.3796719093522746,0.3800584668164576,0.000386557464183,0.360620146407994,0.3602026331171542,-0.0004175132908397,0.553483452556573,0.5490299774542823,-0.0044534751022907,0.1521140089626186,0.1526150249116263,0.0005010159490076,3.4815781208475274,3.4815781208475274,0.0,0.2969993641450743,0.2972274500560905,0.0002280859110161,0.8616687169277812,0.8655341364835385,0.0038654195557572,0.2002970035945762,0.1988536216396264,-0.0014433819549498,0.2709949620418303,0.2683718929121619,-0.0026230691296684,0.0018842023568127,R67_reused_same_algorithm
Buenos Aires,Argentina,Latin America,0,0.005,21642,37472,0.3806157377781841,0.575,0.1943842622218158,0.575,0.55,0.575,0.1943842622218158,0.0,1.0000000000000004,0.0,False,10.218411922454834,187,150335,0.0012438886486846,0.0049903928266438,187,0.005,9642,135647,4859,0,0.0,1.0020133474702506,1.0000531186906056,504,168300,pass,True,reused R67 0.005 replicate 0 for full-71 low-intensity geometry-null coverage,1.0,1.0,0.0,0.0265531596925704,0.0264997865072587,-5.337318531169893e-05,0.0426023472876813,0.0425561408372608,-4.620645042047872e-05,0.9508363367526108,0.9508363367526108,0.0,0.7314943166065982,0.7314943166065982,0.0,5.254643467122118,5.254643467122118,0.0,0.185733361866232,0.1856657007492247,-6.766111700731714e-05,0.6474700976263792,0.6596417774600813,0.0121716798337021,0.298381936191608,0.2941666412733237,-0.0042152949182842,0.5039054961351332,0.497089922905811,-0.0068155732293222,0.0033288753738629,R67_reused_same_algorithm
Montevideo,Uruguay,Latin America,0,0.005,13761,22450,0.4069683126676818,0.6,0.1930316873323181,0.575,0.575,0.625,0.1680316873323181,0.025,0.8704875849892945,0.129512415010706,False,5.36918568611145,112,75043,0.0014924776461495,0.0049888641425389,112,0.005,4357,67790,2784,0,0.0,1.0039928560937157,1.000045334215364,338,100800,pass,True,reused R67 0.005 replicate 0 for full-71 low-intensity geometry-null coverage,1.0,2.0,1.0,0.0451224944320712,0.0449888641425389,-0.0001336302895322,0.0685269965845505,0.0683089891722985,-0.000218007412252,0.9209359784899354,0.9212266550396048,0.0002906765496692,0.6314948041566747,0.631567473294092,7.266913741732495e-05,4.914387527839644,4.914387527839644,0.0,0.2042596925626517,0.2042416328275517,-1.805973509991232e-05,0.7065610102296025,0.7159530158651332,0.0093920056355306,0.283101297947937,0.2795120005800884,-0.0035892973678485,0.4549706330215358,0.4496229424987311,-0.0053476905228047,0.0027101868253767,R67_reused_same_algorithm
Chennai,India,Asia,0,0.005,42444,56880,0.498448919501551,0.725,0.2265510804984489,0.75,0.725,0.75,0.251551080498449,-0.025,1.110350389611897,-0.1103503896118967,False,11.927742958068848,284,155734,0.0018236223303838,0.0049929676511954,284,0.005,6670,143859,4921,0,0.0,1.003075725618524,1.0002939012308356,825,255600,pass,True,reused R67 0.005 replicate 0 for full-71 low-intensity geometry-null coverage,1.0,9.0,8.0,0.1786040787623066,0.1783755274261603,-0.0002285513361462,0.2087220808594854,0.2082979926491376,-0.0004240882103477,0.747973800772783,0.748798416737348,0.000824615964565,0.3401423051550278,0.3403307888040712,0.0001884836490434,4.012447257383967,4.012447257383967,0.0,0.2492139159962125,0.2493453344068181,0.0001314184106055,0.7115109015923565,0.7214828397111028,0.0099719381187463,0.26680337206653,0.2633682107366318,-0.0034351613298981,0.4635101740364898,0.4567187198766146,-0.0067914541598751,0.0030965441599398,R67_reused_same_algorithm
Dakar,Senegal,Africa,0,0.005,28624,43129,0.4600377595972308,0.7,0.2399622404027691,0.7,0.675,0.7,0.2399622404027691,0.0,1.0000000000000002,0.0,False,9.26554822921753,216,122797,0.0017590006270511,0.0050082311205917,216,0.005,6094,112395,4092,0,0.0,1.0027094081674264,1.000145510486964,607,194400,pass,True,reused R67 0.005 replicate 0 for full-71 low-intensity geometry-null coverage,1.0,2.0,1.0,0.0542558371397435,0.0542790233949314,2.3186255187927773e-05,0.0760201229737283,0.0762297372833985,0.0002096143096702,0.912625768585802,0.9119969256567916,-0.0006288429290106,0.5067775293460034,0.5068124650642817,3.49357182782839e-05,4.347469220246238,4.347469220246238,0.0,0.1928758932983546,0.1928377275440564,-3.816575429824165e-05,0.7152148836536779,0.7249386711531058,0.0097237874994279,0.2731384198568549,0.2698637881195934,-0.0032746317372615,0.4488485456155134,0.4420752845302983,-0.0067732610852151,0.0029476176879676,R67_reused_same_algorithm
Singapore,Singapore,Asia,0,0.005,13478,19430,0.4668204315025708,0.675,0.2081795684974292,0.675,0.675,0.675,0.2081795684974292,0.0,1.0000000000000002,0.0,False,3.251999616622925,97,37728,0.0025710347752332,0.0049922799794132,97,0.005,1704,34546,1381,0,0.0,1.002100522610582,1.0001737956614292,280,87300,pass,True,reused R67 0.005 replicate 0 for full-71 low-intensity geometry-null coverage,1.0,2.0,1.0,0.1154915079773546,0.1154915079773546,0.0,0.1443092446950586,0.1448286095859919,0.0005193648909333,0.8165899985161003,0.8165158035316813,-7.419498441896266e-05,0.4416827422466241,0.4417569372310432,7.419498441907368e-05,4.284302624806999,4.284302624806999,0.0,0.2380462675510191,0.2380462675510191,0.0,0.8637402228593242,0.8685544216706748,0.0048141988113505,0.231031665945894,0.2273797510931718,-0.0036519148527221,0.2900869732353082,0.2874921916294267,-0.0025947816058815,0.0016649221636152,R67_reused_same_algorithm
Miami,United States,North America,0,0.005,17983,28736,0.4188310741874362,0.6,0.1811689258125637,0.625,0.6,0.625,0.2061689258125638,-0.025,1.137992759452937,-0.1379927594529366,False,4.50200343132019,144,53179,0.0027078357998458,0.005011135857461,144,0.005,3052,47971,2012,0,0.0,1.0012372161896952,1.0001847887686044,351,129600,pass,True,reused R67 0.005 replicate 0 for full-71 low-intensity geometry-null coverage,1.0,1.0,0.0,0.0441606347438752,0.0441258351893095,-3.479955456570094e-05,0.0657287438136017,0.0659511761107712,0.0002224322971695,0.923316465550798,0.9229828171050436,-0.0003336484457542,0.5980092309403325,0.5980092309403325,0.0,4.775194877505568,4.775194877505568,0.0,0.2123743709852892,0.2123528117834506,-2.155920183857796e-05,0.7058124458072349,0.7147015664100634,0.0088891206028285,0.2735752805713453,0.2704999271243259,-0.0030753534470193,0.4728902492348054,0.4675265996210465,-0.0053636496137589,0.002559857708728,R67_reused_same_algorithm
Ho Chi Minh City,Vietnam,Asia,0,0.005,40466,51958,0.5059497146863499,0.725,0.2190502853136501,0.725,0.725,0.775,0.2190502853136501,0.0,1.0000000000000002,0.0,False,11.283889532089232,260,149694,0.0017368765615188,0.0050040417260094,260,0.005,6303,138224,4907,0,0.0,1.0050497491043118,1.0005233354981922,787,234000,pass,True,reused R67 0.005 replicate 0 for full-71 low-intensity geometry-null coverage,1.0,16.0,15.0,0.2729319835251549,0.2725855498672004,-0.0003464336579545,0.2755152473681609,0.274872732664459,-0.0006425147037018,0.6051500024712104,0.606706865022488,0.0015568625512776,0.2840162111402164,0.2843868927000444,0.000370681559828,3.952962007775511,3.952962007775511,0.0,0.2956177635843064,0.2957344026759202,0.0001166390916138,0.7631002195151251,0.7709431157714057,0.0078428962562806,0.2581163456482365,0.2546497361092176,-0.0034666095390188,0.4110171967203537,0.4060120357567141,-0.0050051609636395,0.0026943539531247,R67_reused_same_algorithm
Barcelona,Spain,Europe,0,0.005,18674,28820,0.438814196750765,0.625,0.1861858032492349,0.625,0.6,0.65,0.186185803249235,0.0,1.0000000000000009,0.0,False,5.8855977058410645,144,78489,0.0018346519894507,0.0049965301873698,144,0.005,4115,71352,2878,0,0.0,1.004372945562738,1.0006469803515536,453,129600,pass,True,reused R67 0.005 replicate 0 for full-71 low-intensity geometry-null coverage,1.0,1.0,0.0,0.0557251908396946,0.0556557945870923,-6.939625260235505e-05,0.079415229731177,0.0791474777765877,-0.0002677519545892,0.9031808932205204,0.9038770483024526,0.0006961550819321,0.5433758166434615,0.5433758166434615,0.0,4.557737682165163,4.557737682165163,0.0,0.2180206682962401,0.2179287117717263,-9.195652451374214e-05,0.8391505612200438,0.8442416474820763,0.0050910862620324,0.2324101283554364,0.2299282853967142,-0.0024818429587222,0.3303135039663809,0.326339510026341,-0.0039739939400398,0.0017971752071311,R67_reused_same_algorithm
Panama City,Panama,Latin America,0,0.005,9245,12302,0.4936399020906064,0.725,0.2313600979093936,0.7,0.7,0.725,0.20636009790939358,0.025000000000000022,0.8919433375681287,0.10805666243187123,False,3.328718662261963,62,33017,0.0018778205167035164,0.0050398309218013335,62,0.005,1458,30401,1096,0,0.0,1.0025563470895278,1.000121278922761,178,55800,pass,True,R68 full-71 low-intensity strict non-crossing geometry-null replicate,1.0,2.0,1.0,0.21882620712079337,0.2199642334579743,0.0011380263371809363,0.23115197404002163,0.2319091400757166,0.0007571660356949783,0.6281233098972417,0.5743645213628988,-0.053758788534342905,0.3307733910221741,0.330881557598702,0.00010816657652790163,4.051536335555194,4.051536335555194,0.0,0.27155580158354325,0.2716105035867107,5.470200316742835e-05,0.8357532604727221,0.8415316763168639,0.005778415844141738,0.22113879860358734,0.21756751334216123,-0.0035712852614261104,0.3469363187673047,0.3435255407086393,-0.003410778058665409,0.009773494295921725,R68_computed
Auckland,New Zealand,Oceania,0,0.005,12533,16775,0.5044505924099357,0.725,0.2205494075900642,0.725,0.725,0.775,0.22054940759006425,0.0,1.0000000000000002,0.0,False,2.6996676921844482,84,32610,0.0025758969641214353,0.005007451564828614,84,0.005,1376,30045,1105,0,0.0,1.0057751723365962,1.0001170811351594,251,75600,pass,True,R68 full-71 low-intensity strict non-crossing geometry-null replicate,1.0,4.0,3.0,0.17955290611028316,0.1797913561847988,0.00023845007451564482,0.20250538578153673,0.2031437006303359,0.0006383148487991708,0.7164286284209687,0.7136360009574723,-0.0027926274634964,0.3385462379318599,0.33878560600015956,0.00023936806829966129,3.9647093889716842,3.9647093889716842,0.0,0.2553195356597317,0.25540864150203535,8.910584230364949e-05,0.8838509047314155,0.8881204690739212,0.004269564342505694,0.20977927467372345,0.20758405003909305,-0.0021952246346303994,0.26914055451975705,0.26646418475972816,-0.002676369760028885,0.0018300787319965991,R68_computed
Lagos,Nigeria,Africa,0,0.005,13226,17952,0.4953369019369792,0.75,0.2546630980630208,0.725,0.7,0.75,0.22966309806302077,0.025000000000000022,0.9018310851075355,0.09816891489246447,False,3.106520652770996,90,40401,0.0022276676319893073,0.005013368983957219,90,0.005,1792,37161,1358,0,0.0,1.0026110181160948,1.0000459921845535,252,81000,pass,True,R68 full-71 low-intensity strict non-crossing geometry-null replicate,1.0,4.0,3.0,0.1714572192513369,0.17151292335115864,5.570409982175173e-05,0.19635566308785726,0.19643127173748676,7.560864962949387e-05,0.7547255406018448,0.7520792378648118,-0.002646302737033035,0.35740208679872976,0.3576289127476183,0.0002268259488885649,4.037655971479501,4.037655971479501,0.0,0.2443107793794557,0.24449252658815007,0.00018174720869437722,0.8008879437029025,0.8066728050242974,0.005784861321394885,0.23009215826941118,0.22813310523701782,-0.001959053032393354,0.3808840571712378,0.3768279896252966,-0.004056067545941178,0.0020825139123162423,R68_computed
Toronto,Canada,North America,0,0.005,12443,18430,0.4503249767873723,0.65,0.1996750232126277,0.65,0.65,0.675,0.1996750232126277,0.0,1.0,0.0,False,3.985116481781006,92,55096,0.0016698126905764484,0.004991861096039067,92,0.005,2776,50442,1786,0,0.0,1.0015692588611076,1.0,266,82800,pass,True,R68 full-71 low-intensity strict non-crossing geometry-null replicate,1.0,3.0,2.0,0.09175257731958762,0.09207813347802496,0.0003255561584373373,0.1258538937555252,0.1260146266977417,0.00016073294221649603,0.8551796190629269,0.8514827613919472,-0.003696857670979714,0.48123442899622276,0.4813951619384393,0.0001607329422165238,4.441237113402062,4.441237113402062,0.0,0.23517691922599424,0.23516522200088696,-1.1697225107271114e-05,0.7133388121892772,0.7246475844571881,0.011308772267910938,0.2811904412842692,0.277500855202072,-0.0036895860821971604,0.4555783609441431,0.44707520891364905,-0.008503152030494066,0.003954951021747958,R68_computed
San Francisco,United States,North America,0,0.005,11502,18546,0.4019767215033488,0.6,0.1980232784966512,0.6,0.6,0.625,0.1980232784966512,0.0,1.0,0.0,False,3.508579969406128,93,46941,0.001981210455678405,0.005014558395341313,93,0.005,2617,42314,1917,0,0.0,1.0014906556498524,1.0000145305503205,247,83700,pass,True,R68 full-71 low-intensity strict non-crossing geometry-null replicate,1.0,2.0,1.0,0.06696861857004206,0.06702253855278767,5.391998274560661e-05,0.09954790471222397,0.09972178751521475,0.00017388280299078518,0.8803686315423405,0.879151451921405,-0.0012171796209354824,0.6125021735350373,0.6125891149365328,8.694140149545504e-05,4.975412487868004,4.975412487868004,0.0,0.22855757287240108,0.22855757287240108,0.0,0.7243268342566624,0.7368249239286843,0.012498089672021817,0.270477057459306,0.26564362659037216,-0.004833430868933841,0.45887248845828726,0.45022433188113664,-0.008648156577150623,0.003917808503539737,R68_computed
Vancouver,Canada,North America,0,0.005,14876,22751,0.4277066531310511,0.625,0.1972933468689489,0.6,0.6,0.65,0.17229334686894887,0.025000000000000022,0.8732851340567194,0.12671486594328063,False,3.71443772315979,114,46517,0.0024507169421931767,0.005010768757417256,114,0.005,2642,42107,1654,0,0.0,1.002136815315722,1.0000629704842199,300,102600,pass,True,R68 full-71 low-intensity strict non-crossing geometry-null replicate,1.0,2.0,1.0,0.09243549734077623,0.09234758911696189,-8.790822381433971e-05,0.12463027695617102,0.1244286098413552,-0.00020166711481581223,0.842027426727615,0.8420946490992203,6.722237160528e-05,0.5294433987631083,0.5295106211347136,6.722237160528e-05,4.676102149356073,4.676102149356073,0.0,0.23719374059239737,0.23721068954188743,1.6948949490058762e-05,0.7285136035236964,0.740270089400808,0.011756485877111533,0.26441449062846617,0.2605042016806723,-0.003910288947793883,0.45203316225819185,0.443742597710225,-0.008290564547966839,0.0034734481547296697,R68_computed
Warsaw,Poland,Europe,0,0.005,17582,24341,0.4800796812749004,0.7,0.2199203187250994,0.675,0.675,0.7,0.19492031872509963,0.02499999999999991,0.8863224637681169,0.11367753623188376,False,3.845946788787842,122,47111,0.0025896287491244084,0.005012119469208332,122,0.005,2111,43280,1598,0,0.0,1.0063949817332312,1.0,325,109800,pass,True,R68 full-71 low-intensity strict non-crossing geometry-null replicate,1.0,4.0,3.0,0.15451296166961095,0.1540199663119839,-0.0004929953576270629,0.18183369355022183,0.18154931179615516,-0.00028438175406667043,0.7706745535206461,0.7701626663633261,-0.000511887157319979,0.3844841314981231,0.3846547605505631,0.0001706290524399745,4.16597510373444,4.16597510373444,0.0,0.2595355962521127,0.25959943376283534,6.383751072264188e-05,0.8346365175731778,0.8402196658499217,0.005583148276743888,0.24462545856179244,0.24137114906709795,-0.0032543094946944906,0.32314307127923947,0.3198493156088517,-0.0032937556703877546,0.0019172111015485493,R68_computed
Mumbai,India,Asia,0,0.005,18270,24999,0.4825037154272258,0.725,0.2424962845727741,0.725,0.725,0.725,0.24249628457277417,0.0,1.0000000000000002,0.0,False,4.904281377792358,125,65175,0.0019179133103183737,0.00500020000800032,125,0.005,3004,59882,2164,0,0.0,1.0033397458040894,1.0003455233685818,373,112500,pass,True,R68 full-71 low-intensity strict non-crossing geometry-null replicate,1.0,3.0,2.0,0.17848713948557943,0.17868714748589942,0.00020000800031999555,0.2067870826491516,0.20711548987411058,0.0003284072249589709,0.7371647509578544,0.7354132457580733,-0.0017515051997810671,0.36836343732895455,0.36847290640394087,0.00010946907498632363,4.145045801832073,4.145045801832073,0.0,0.26013719924334905,0.2600387321488419,-9.846709450717084e-05,0.8138345633844535,0.8211467469210146,0.0073121835365611565,0.23394645924610605,0.23018277971859258,-0.0037636795275134693,0.35766536063770243,0.3530717415220706,-0.004593619115631831,0.0025642003721094986,R68_computed
Accra,Ghana,Africa,0,0.005,19183,25655,0.5030786728370853,0.725,0.2219213271629146,0.725,0.725,0.725,0.22192132716291468,0.0,1.0000000000000004,0.0,False,4.984123468399048,128,66154,0.0019348792212111135,0.004989280841941142,128,0.005,2861,61105,2060,0,0.0,1.0023586502541089,1.0004874765820326,346,115200,pass,True,R68 full-71 low-intensity strict non-crossing geometry-null replicate,1.0,7.0,6.0,0.17567725589553693,0.17524848957318262,-0.000428766322354307,0.2062242610644842,0.20612000208517958,-0.00010425897930460559,0.7552520460824689,0.7548350101652505,-0.00041703591721842237,0.33743418651931395,0.33774696345722777,0.0003127769379138168,3.9755213408692263,3.9755213408692263,0.0,0.24974666814614485,0.2498750110543571,0.0001283429082122589,0.7910711816857436,0.798455112601962,0.007383930916218362,0.2436073417522943,0.2405090595340811,-0.0030982822182131775,0.38169660365518865,0.37644128951290295,-0.005255314142285694,0.002383941213656367,R68_computed
Vienna,Austria,Europe,0,0.005,17629,26142,0.4456985030858935,0.675,0.2293014969141065,0.675,0.65,0.7,0.22930149691410656,0.0,1.0000000000000002,0.0,False,4.944962739944458,131,63577,0.0020604935747204176,0.005011093259888302,131,0.005,3340,57677,2429,0,0.0,1.0068459038929147,1.0001398943484432,388,117900,pass,True,R68 full-71 low-intensity strict non-crossing geometry-null replicate,1.0,6.0,5.0,0.0978884553591921,0.09762068701706067,-0.00026776834213143585,0.12950252424981565,0.12921890067502412,-0.00028362357479153055,0.8423052924159056,0.8409438992569063,-0.0013613931589993022,0.4829542231550287,0.4832378467298202,0.0002836235747915028,4.487338382679214,4.487338382679214,0.0,0.24723880466361017,0.24719269853462802,-4.61061289821485e-05,0.8130878671686848,0.819028631213721,0.005940764045036295,0.2414839567633921,0.2384321614894125,-0.003051795273979613,0.35475841374842293,0.35117809527056976,-0.0035803184778531727,0.002069380410398764,R68_computed
Prague,Czechia,Europe,0,0.005,19787,27325,0.4768012005095185,0.7,0.2231987994904814,0.7,0.7,0.725,0.22319879949048144,0.0,1.0000000000000002,0.0,False,5.40482497215271,137,72616,0.001886636553927509,0.005013723696248857,137,0.005,3383,66883,2213,0,0.0,1.0038196572505202,1.000336859492656,410,123300,pass,True,R68 full-71 low-intensity strict non-crossing geometry-null replicate,1.0,8.0,7.0,0.17244281793229643,0.1720768526989936,-0.00036596523330284514,0.1975539495628443,0.19699802900894528,-0.0005559205538990253,0.716682670440188,0.7167332086723607,5.053823217271436e-05,0.3810077323495224,0.3813614999747309,0.0003537676252085009,4.194620311070448,4.194620311070448,0.0,0.2712536182182483,0.27138394197306726,0.00013032375481897285,0.8714128252879894,0.8756455839710767,0.004232758683087368,0.2056221535884416,0.2033188504423389,-0.002303303146102692,0.2971086565809908,0.2937932959919035,-0.0033153605890872684,0.0015462637768074161,R68_computed
Algiers,Algeria,Africa,0,0.005,21703,28885,0.5065855241235377,0.75,0.2434144758764622,0.75,0.725,0.775,0.24341447587646226,0.0,1.0000000000000002,0.0,False,6.3259899616241455,144,78019,0.001845704251528474,0.0049852864808724254,144,0.005,3225,72060,2590,0,0.0,1.0036038093265718,1.0005783742818328,443,129600,pass,True,R68 full-71 low-intensity strict non-crossing geometry-null replicate,1.0,8.0,7.0,0.19120650856846114,0.19103340834343085,-0.00017310022503028155,0.21255126019444318,0.21199834124314612,-0.0005529189512970545,0.7018845320923375,0.7032668294705801,0.0013822973782425807,0.3309680689305626,0.3312906049854859,0.00032253605492332804,3.9480006924009,3.9480006924009,0.0,0.25033301641519357,0.25051040726060025,0.0001773908454066886,0.9029481948226271,0.9063376175240353,0.0033894227014081846,0.18520012628477217,0.18332339425404287,-0.0018767320307293,0.26151471568386714,0.2588136247237521,-0.00270109096011506,0.0014393660352603516,R68_computed
Tel Aviv,Israel,Middle East,0,0.005,21205,30263,0.4704556407107436,0.675,0.2045443592892564,0.7,0.65,0.725,0.22954435928925637,-0.02499999999999991,1.122222876675109,-0.1222228766751087,False,5.860970973968506,151,74445,0.0020283430720666263,0.004989591250041304,151,0.005,3504,68219,2571,0,0.0,1.0014545058385118,1.0,447,135900,pass,True,R68 full-71 low-intensity strict non-crossing geometry-null replicate,1.0,4.0,3.0,0.11965105904900374,0.11955192809701616,-9.913095198757493e-05,0.1493987267153973,0.14944588540438575,4.715868898844122e-05,0.799575571799104,0.7985852393303466,-0.000990332468757349,0.4272105635463334,0.42735203961329876,0.00014147606696535142,4.2511978323365165,4.2511978323365165,0.0,0.24363313084913665,0.24368565756773547,5.2526718598816524e-05,0.8649250824894837,0.869626172320906,0.004701089831422256,0.21326970012591914,0.2104248604784927,-0.0028448396474264337,0.2993921681409051,0.2964696006342593,-0.002922567506645768,0.0016578741564611174,R68_computed
Montreal,Canada,North America,0,0.005,20313,32065,0.4231662575553621,0.625,0.2018337424446379,0.625,0.625,0.65,0.20183374244463792,0.0,1.0000000000000002,0.0,False,6.292649030685425,160,83854,0.0019080783266153076,0.004989864338063309,160,0.005,4684,75868,3142,0,0.0,1.0012796700568796,1.0001466207248757,440,144000,pass,True,R68 full-71 low-intensity strict non-crossing geometry-null replicate,1.0,1.0,0.0,0.04677997816934352,0.04687353812568221,9.35599563386888e-05,0.07084133313641511,0.07113671048097278,0.0002953773445576735,0.9140944222911436,0.9135528971594545,-0.0005415251316890357,0.5785949884310541,0.5785949884310541,0.0,4.7262747544051145,4.7262747544051145,0.0,0.2258113369598338,0.22576186915451377,-4.946780532003037e-05,0.7250228402231809,0.7347433045111705,0.009720464287989672,0.27799773009211604,0.273748251379101,-0.004249478713015009,0.4447171853142239,0.4381846015783778,-0.006532583735846087,0.003061855595633738,R68_computed
Johannesburg,South Africa,Africa,0,0.005,22312,32632,0.454250595097234,0.65,0.195749404902766,0.675,0.65,0.675,0.22074940490276607,-0.025000000000000022,1.1277143090801132,-0.1277143090801129,False,5.251912593841553,163,63388,0.0025714646305294376,0.004995096837460162,163,0.005,3151,57761,2313,0,0.0,1.0017166192796512,1.0001833271042841,484,146700,pass,True,R68 full-71 low-intensity strict non-crossing geometry-null replicate,1.0,2.0,1.0,0.11654204461877911,0.11657268938465311,3.064476587399945e-05,0.14628899247041952,0.14655790605951954,0.00026891358910002827,0.8096091789171747,0.8091161706704912,-0.0004930082466834129,0.4625761921835783,0.462621011115095,4.4818931516699134e-05,4.402856092179456,4.402856092179456,0.0,0.24454688918412731,0.24461152419024312,6.463500611580963e-05,0.816543326691991,0.8232058690773134,0.006662542385322379,0.24240990019070952,0.2390550830352047,-0.0033548171555048134,0.35829725628854214,0.35368960285089857,-0.004607653437643577,0.002202511368589744,R68_computed
New York City,United States,North America,0,0.005,20109,34130,0.3876426827190641,0.575,0.1873573172809358,0.575,0.575,0.575,0.18735731728093585,0.0,1.0000000000000002,0.0,False,6.672574281692505,171,80908,0.0021135116428536117,0.00501025490770583,171,0.005,4982,72494,3261,0,0.0,1.001609939792692,1.0001071153541976,418,153900,pass,True,R68 full-71 low-intensity strict non-crossing geometry-null replicate,1.0,1.0,0.0,0.03539408145326692,0.03539408145326692,0.0,0.05728778159033269,0.05738723954448257,9.945795414988134e-05,0.9343577502610771,0.9343577502610771,0.0,0.6972997165448307,0.6972997165448307,0.0,5.159390565484911,5.159390565484911,0.0,0.19406230499206537,0.19408499111719607,2.2686125130705337e-05,0.6640924969733202,0.6804604405770395,0.016367943603719293,0.3019024362541882,0.29599636549491737,-0.005906070759270854,0.4890680901811574,0.47806235447782386,-0.011005735703333519,0.0047684582886390785,R68_computed
Los Angeles,United States,North America,0,0.005,22280,34611,0.4249303262083952,0.6,0.1750696737916047,0.6,0.6,0.625,0.17506967379160476,0.0,1.0000000000000002,0.0,False,6.70653510093689,173,86296,0.0020047279132288866,0.004998410909826356,173,0.005,4745,78481,2897,0,0.0,1.0024381322749016,1.0001055275375481,448,155700,pass,True,R68 full-71 low-intensity strict non-crossing geometry-null replicate,1.0,5.0,4.0,0.0706711739042501,0.07038224841813297,-0.0002889254861171281,0.09946140035906642,0.09937163375224417,-8.976660682225024e-05,0.8886445242369838,0.8885996409335727,-4.488330341112512e-05,0.5535008976660682,0.5536804308797127,0.00017953321364450048,4.706653953945278,4.706653953945278,0.0,0.2274998068102632,0.22752846989509182,2.866308482862845e-05,0.7227537104225223,0.7340527099384532,0.01129899951593083,0.2759327693950964,0.2712428331143878,-0.004689936280708629,0.4507618077126125,0.4428552135639833,-0.007906594148629209,0.0034741579059455957,R68_computed
Brisbane,Australia,Oceania,0,0.005,25339,35174,0.4911197989388439,0.7,0.208880201061156,0.725,0.7,0.725,0.2338802010611561,-0.025000000000000022,1.1196858288770057,-0.1196858288770055,False,6.215595245361328,176,79834,0.0022045744920710475,0.005003695911752999,176,0.005,3560,73508,2590,0,0.0,1.0040642937450217,1.0000206764724153,503,158400,pass,True,R68 full-71 low-intensity strict non-crossing geometry-null replicate,1.0,2.0,1.0,0.14274748393699893,0.14286120429862967,0.00011372036163073695,0.1625952089664154,0.16283199810568688,0.0002367891392714705,0.7866135206598523,0.7873633529342121,0.000749832274359763,0.38817632897904414,0.3882157938355894,3.946485654526821e-05,4.072326149997157,4.072326149997157,0.0,0.2365347997996221,0.23641880872568083,-0.0001159910739412795,0.8606989734228014,0.8655176304620237,0.0048186570392222405,0.21880759564367494,0.2164618821558224,-0.0023457134878525354,0.30823792236805364,0.30427254956716,-0.003965372800893652,0.0017471550147471998,R68_computed
Quito,Ecuador,Latin America,0,0.005,26144,35253,0.4811776588774842,0.725,0.2438223411225157,0.725,0.725,0.775,0.24382234112251577,0.0,1.0000000000000004,0.0,False,8.106471061706543,176,112375,0.0015661846496106786,0.0049924829092559495,176,0.005,5240,103362,3597,0,0.0,1.0041550585424148,1.0002763770117222,565,158400,pass,True,R68 full-71 low-intensity strict non-crossing geometry-null replicate,1.0,6.0,5.0,0.20962754942841744,0.2090602218250929,-0.0005673276033245356,0.23370563035495717,0.233093635250918,-0.0006119951040391702,0.6946144430844553,0.6972919216646267,0.002677478580171422,0.3484547123623011,0.34864596083231336,0.00019124847001228407,4.156468952996908,4.156468952996908,0.0,0.2794666067481684,0.2793549550638131,-0.00011165168435534056,0.798927756892018,0.8056033963429815,0.0066756394509635,0.24009063114217077,0.2369376501419524,-0.00315298100021838,0.38136055907403366,0.37692454684428917,-0.00443601222974449,0.0025887762812087855,R68_computed
Boston,United States,North America,0,0.005,24819,35843,0.4629981269779758,0.675,0.2120018730220242,0.675,0.675,0.7,0.21200187302202422,0.0,1.0000000000000002,0.0,False,7.925513982772827,179,105942,0.0016896037454456213,0.004994001618168122,179,0.005,5122,97232,3409,0,0.0,1.0027787986082186,1.00008623540617,550,161100,pass,True,R68 full-71 low-intensity strict non-crossing geometry-null replicate,1.0,3.0,2.0,0.10568311804257456,0.10593421309600201,0.00025109505342744975,0.14198799306982554,0.14227003505378943,0.00028204198396389324,0.8339981465812483,0.8329505620693823,-0.0010475845118659288,0.4442161247431403,0.44429670816713,8.058342398969964e-05,4.319671902463521,4.319671902463521,0.0,0.24308721616349577,0.24309336689133018,6.150727834414171e-06,0.8142837639345427,0.820259572929159,0.00597580899461625,0.24536588516437383,0.24273073693728606,-0.002635148227087769,0.34591487437835045,0.3416650519925079,-0.004249822385842539,0.0020630715938291183,R68_computed
Lisbon,Portugal,Europe,0,0.005,26686,36745,0.4955161486076462,0.75,0.2544838513923538,0.75,0.675,0.9,0.2544838513923538,0.0,1.0,0.0,False,7.1481077671051025,184,94990,0.001937046004842615,0.005007484011430126,184,0.005,4151,87603,3052,0,0.0,1.0032672494355488,1.0001022898041294,554,165600,pass,True,R68 full-71 low-intensity strict non-crossing geometry-null replicate,1.0,5.0,4.0,0.1377058103143285,0.13773302490134712,2.721458701862578e-05,0.16619201079217566,0.1658172824702091,-0.00037472832196655537,0.7744135501761223,0.7740388218541557,-0.0003747283219666109,0.3769766918983737,0.3771265832271603,0.00014989132878662215,4.036195400734794,4.036195400734794,0.0,0.24382578346876557,0.2438668882553989,4.110478663332806e-05,0.9020565759231406,0.9058038764619485,0.003747300538807896,0.1909783561459106,0.18865889016249748,-0.0023194659834131215,0.2506776346841076,0.2481558896905131,-0.002521744993594477,0.0013378832495381837,R68_computed
Manila,Philippines,Asia,0,0.005,25142,36895,0.4492979529208324,0.65,0.2007020470791676,0.65,0.65,0.65,0.2007020470791676,0.0,1.0,0.0,False,7.598220348358154,184,101784,0.0018077497445571013,0.004987125626778696,184,0.005,5147,92949,3504,0,0.0,1.0031344046368926,1.000467926062375,534,165600,pass,True,R68 full-71 low-intensity strict non-crossing geometry-null replicate,1.0,4.0,3.0,0.11445995392329585,0.11456836969779102,0.00010841577449517692,0.14764139686580224,0.14760162278259487,-3.977408320737785e-05,0.8080502744411742,0.8072547927770265,-0.0007954816641476681,0.46750457401956885,0.467623896269191,0.00011932224962213356,4.451389077110719,4.451389077110719,0.0,0.24525703260557746,0.24526818684659416,1.1154241016692046e-05,0.7635788694682424,0.7728765091522378,0.00929763968399544,0.2574253808590182,0.253479791029872,-0.003945589829146223,0.4116321833481496,0.40481264537184747,-0.006819537976302137,0.003000919858756289,R68_computed
Milan,Italy,Europe,0,0.005,25735,38172,0.4648772408417771,0.65,0.1851227591582229,0.65,0.65,0.7,0.1851227591582229,0.0,1.0,0.0,False,7.2366814613342285,191,94147,0.002028742285999554,0.005003667609766321,191,0.005,4541,86452,2963,0,0.0,1.0044655798481037,1.0004334436702425,550,171900,pass,True,R68 full-71 low-intensity strict non-crossing geometry-null replicate,1.0,2.0,1.0,0.066174159069475,0.06640993398302421,0.00023577491354920266,0.0892947347969691,0.08987759860112687,0.0005828638041577711,0.8875850009714397,0.8850592578200893,-0.002525743151350346,0.4833106664076161,0.48334952399455994,3.8857586943830125e-05,4.302211044744839,4.302211044744839,0.0,0.21365452379242755,0.2137207595117421,6.623571931455019e-05,0.8777226179924817,0.8824771138950513,0.0047544959025696,0.21307482462977398,0.21000584567420108,-0.0030689789555728986,0.27970333203429465,0.27663435307872175,-0.0030689789555728986,0.0020338336689675308,R68_computed
Hanoi,Vietnam,Asia,0,0.005,29320,39886,0.4889668023341342,0.75,0.2610331976658657,0.7,0.7,0.725,0.21103319766586576,0.050000000000000044,0.8084534823650967,0.19154651763490368,False,8.50075387954712,199,114981,0.0017307207277724146,0.004989219274933561,199,0.005,5057,105949,3776,0,0.0,1.0061673992667952,1.0004269517280837,619,179100,pass,True,R68 full-71 low-intensity strict non-crossing geometry-null replicate,1.0,5.0,4.0,0.17309331595045882,0.17291781577495863,-0.0001755001755001928,0.2022169167803547,0.20208049113233287,-0.00013642564802182622,0.733663028649386,0.7289904502046385,-0.004672578444747555,0.3604024556616644,0.3605388813096862,0.00013642564802179846,4.090257233114376,4.090257233114376,0.0,0.25729288629523417,0.2573336537997935,4.0767504559335865e-05,0.7935610809534418,0.8003027760369332,0.006741695083491428,0.24559898004217134,0.24235031628499976,-0.003248663757171588,0.38497278477909086,0.38055950571274455,-0.0044132790663463095,0.0027697345964684144,R68_computed
Dhaka,Bangladesh,Asia,0,0.005,35890,47996,0.501127631139325,0.725,0.2238723688606749,0.725,0.725,0.75,0.22387236886067496,0.0,1.0000000000000002,0.0,False,9.252557516098022,240,116186,0.002065653348940492,0.005000416701391783,240,0.005,5037,106376,4533,0,0.0,1.006573610924318,1.0004217570719025,710,216000,pass,True,R68 full-71 low-intensity strict non-crossing geometry-null replicate,1.0,14.0,13.0,0.18455704642053505,0.18453621135094592,-2.0835069589136834e-05,0.2101142379492895,0.20975202006129842,-0.0003622178879910676,0.7428531624407914,0.7344385622736138,-0.008414600167177544,0.3373363053775425,0.33769852326553357,0.0003622178879910676,3.9909992499374947,3.9909992499374947,0.0,0.25060064796727427,0.25070502117678434,0.0001043732095100669,0.7800881099612577,0.7865066607596648,0.006418550798407141,0.23717841630471098,0.23455771800868694,-0.0026206982960240433,0.400225526227865,0.39618484797861675,-0.004040678249248253,0.0031253686383481694,R68_computed
Melbourne,Australia,Oceania,0,0.005,35052,51621,0.4686087256486138,0.7,0.2313912743513861,0.7,0.699375,0.725,0.23139127435138618,0.0,1.0000000000000004,0.0,False,8.21595811843872,258,97372,0.002649632337838393,0.00499796594409252,258,0.005,4652,88966,3496,0,0.0,1.0026126548975718,1.000746696018518,706,232200,pass,True,R68 full-71 low-intensity strict non-crossing geometry-null replicate,1.0,2.0,1.0,0.07101760911257046,0.0710563530346177,3.874392204723798e-05,0.09540111833846857,0.09551523450872988,0.00011411617026131637,0.8913328768686523,0.8908478831450416,-0.0004849937236106605,0.4727262353075431,0.47275476435010844,2.8529042565339502e-05,4.267952964878635,4.267952964878635,0.0,0.20965159055660434,0.20967695234719536,2.5361790591010847e-05,0.791778425167014,0.7983380972243737,0.0065596720573596334,0.2520107481980428,0.24936001016721437,-0.0026507380308284367,0.3822509486374117,0.3778481817026453,-0.004402766934766433,0.0020358615484105313,R68_computed
Paris,France,Europe,0,0.005,36946,55181,0.453974052043998,0.65,0.196025947956002,0.675,0.65,0.675,0.22102594795600206,-0.025000000000000022,1.127534136478765,-0.12753413647876488,False,11.830498695373535,276,155775,0.0017717862301396244,0.005001721607074899,276,0.005,7795,142820,4884,0,0.0,1.0028061333235316,1.000185734833947,803,248400,pass,True,R68 full-71 low-intensity strict non-crossing geometry-null replicate,1.0,3.0,2.0,0.06944419274750367,0.06937170402856055,-7.248871894312281e-05,0.09619444594814053,0.09611324635955178,-8.11995885887512e-05,0.8905158880528339,0.890245222757538,-0.0002706652952958466,0.49358523250148867,0.4936393655605478,5.413305905915822e-05,4.405538138127254,4.405538138127254,0.0,0.2275824301542182,0.22747983858337276,-0.00010259157084543946,0.8587388820374434,0.863221084166672,0.004482202129228563,0.23788368668295612,0.2350124639040403,-0.0028712227789158273,0.28221898626913805,0.2795452114750187,-0.0026737747941193435,0.0014930790435844935,R68_computed
Casablanca,Morocco,Africa,0,0.005,36942,55764,0.4598827284198025,0.675,0.2151172715801975,0.675,0.65,0.675,0.21511727158019756,0.0,1.0000000000000002,0.0,False,10.72241997718811,279,136097,0.002050008449855618,0.005003227888960619,279,0.005,6490,124097,5231,0,0.0,1.003543587219685,1.0003417862787596,810,251100,pass,True,R68 full-71 low-intensity strict non-crossing geometry-null replicate,1.0,2.0,1.0,0.04970948999354422,0.04974535542644,3.586543289577776e-05,0.07054301337231336,0.07065129121325321,0.00010827784093984938,0.9200909533863895,0.9195224947214553,-0.0005684586649341572,0.509528450002707,0.5095555194629419,2.7069460234896425e-05,4.348934796642996,4.348934796642996,0.0,0.19455778380961675,0.19447004290201103,-8.774090760571562e-05,0.7675234521152026,0.7757123318591007,0.008188879743898148,0.25819540315198297,0.2546986978071369,-0.003496705344846085,0.40278911732930883,0.3970327486248217,-0.005756368704487147,0.002593507961714452,R68_computed
Bogota,Colombia,Latin America,0,0.005,40772,60476,0.4493951193413192,0.65,0.2006048806586807,0.65,0.65,0.675,0.20060488065868082,0.0,1.0000000000000004,0.0,False,12.670643329620361,302,164535,0.001835475734646124,0.004993716515642569,302,0.005,8395,149757,6081,0,0.0,1.0065422994017226,1.0002362580664883,921,271800,pass,True,R68 full-71 low-intensity strict non-crossing geometry-null replicate,1.0,9.0,8.0,0.09572392353991666,0.09608770421324161,0.00036378067332495934,0.12569900912390858,0.12587069557539488,0.00017168645148629702,0.8484744432453645,0.8410183459236731,-0.007456097321691391,0.4832973609339743,0.4834935740213872,0.00019621308741291088,4.450426615516899,4.450426615516899,0.0,0.23364890704906038,0.23366677206058664,1.7865011526257968e-05,0.7037279623540648,0.7139053552298884,0.010177392875823643,0.2828225782480754,0.27899563059180216,-0.0038269476562732274,0.4616487828077163,0.45507237761198466,-0.0065764051957316605,0.004081758596333025,R68_computed
London,United Kingdom,Europe,0,0.005,48353,62602,0.5199847165924646,0.775,0.2550152834075354,0.775,0.75,0.8,0.25501528340753543,0.0,1.0000000000000002,0.0,False,12.820701599121094,313,161942,0.0019327907522446307,0.004999840260694547,313,0.005,6651,149723,5255,0,0.0,1.0044123296953014,1.000167741127688,936,281700,pass,True,R68 full-71 low-intensity strict non-crossing geometry-null replicate,1.0,11.0,10.0,0.22459346346762085,0.22433788057889525,-0.0002555828887255973,0.23493888693566067,0.23487684321551922,-6.204372014145809e-05,0.6927181353793973,0.6932144851405291,0.0004963497611317758,0.2947076706719335,0.29491448307240503,0.00020681240047154548,3.8462668924315517,3.8462668924315517,0.0,0.26731593535045733,0.2673442090854329,2.827373497554797e-05,0.8291020455670809,0.8345404797980382,0.005438434230957356,0.23624493321815404,0.23366170509668416,-0.0025832281214698827,0.32955678118147386,0.3256279487009104,-0.003928832480563471,0.001823495886141363,R68_computed
Jakarta,Indonesia,Asia,0,0.005,50166,65445,0.512325721577254,0.7,0.1876742784227459,0.725,0.7,0.725,0.212674278422746,-0.025000000000000022,1.133209517095818,-0.13320951709581771,False,13.512893915176392,327,171271,0.0019092549234838356,0.004996561998624799,327,0.005,7123,158159,5662,0,0.0,1.0042593085294635,1.0002641820207625,972,294300,pass,True,R68 full-71 low-intensity strict non-crossing geometry-null replicate,1.0,5.0,4.0,0.21146000458400183,0.21165864466345788,0.00019864007945605278,0.23721245465056015,0.23729218992943427,7.973527887411569e-05,0.7020491966670653,0.7016903879121317,-0.0003588087549336594,0.30458876529920664,0.30466850057808076,7.973527887411569e-05,3.9037665215066086,3.9037665215066086,0.0,0.2594394401861446,0.2594587631477291,1.9322961584467002e-05,0.7571455550181809,0.7650922741344575,0.007946719116276535,0.2529571554943205,0.24959096922679486,-0.0033661862675256615,0.4244604316546763,0.41925458545024696,-0.005205846204429321,0.002450847957356478,R68_computed
Tunis,Tunisia,Africa,0,0.005,46721,67495,0.4801932298410621,0.7,0.2198067701589378,0.7,0.7,0.725,0.21980677015893785,0.0,1.0000000000000002,0.0,False,13.281014680862427,337,165724,0.0020335014843957423,0.004992962441662346,337,0.005,7579,151897,5911,0,0.0,1.0050844784034723,1.0004950767694663,995,303300,pass,True,R68 full-71 low-intensity strict non-crossing geometry-null replicate,1.0,8.0,7.0,0.08508778428031706,0.08498407289428847,-0.00010371138602859042,0.1102716123370647,0.1100575758224353,-0.00021403651462939544,0.8608548618394298,0.8597632756148199,-0.0010915862246099195,0.4446608591425697,0.4448106847028103,0.000149825560240624,4.1649899992592045,4.1649899992592045,0.0,0.20250990103738498,0.20261109554870005,0.00010119451131507251,0.7769159913953823,0.7831111339275486,0.006195142532166353,0.2521521364845829,0.24960514520696084,-0.0025469912776220627,0.39826975341140314,0.3939939384453393,-0.004275814966063829,0.0020610404144457356,R68_computed
Bangkok,Thailand,Asia,0,0.005,63366,71694,0.5689051824695883,0.85,0.2810948175304116,0.9,0.85,0.9,0.3310948175304117,-0.050000000000000044,1.1778759225775859,-0.1778759225775856,True,16.837603330612183,358,216772,0.0016515048068938792,0.004993444360755433,358,0.005,7534,202024,6856,0,0.0,1.0039170744171615,1.0007453464100147,1098,322200,pass,True,R68 full-71 low-intensity strict non-crossing geometry-null replicate,1.0,30.0,29.0,0.49545289703461937,0.4963734761625799,0.000920579127960508,0.39393365527254365,0.3935549032604236,-0.00037875201212006493,0.3866584603730707,0.3828393775841934,-0.003819082788877326,0.13144272953950067,0.13190038822081243,0.0004576586813117567,3.515524311657879,3.515524311657879,0.0,0.32528490074776106,0.325576212452211,0.00029131170444995913,0.7452228101155118,0.753117048834338,0.007894238718826219,0.27065330381444364,0.2674633592813896,-0.0031899445330540455,0.4266669840740829,0.42118377095880843,-0.0054832131152744434,0.003097972899444658,R68_computed
Addis Ababa,Ethiopia,Africa,0,0.005,51078,72263,0.482274189457948,0.7,0.2177258105420519,0.7,0.7,0.7,0.21772581054205198,0.0,1.0000000000000004,0.0,False,15.571398973464966,361,197572,0.0018271819893507177,0.0049956409227405445,361,0.005,9133,181444,6634,0,0.0,1.005444420455847,1.0002967658539292,1076,324900,pass,True,R68 full-71 low-intensity strict non-crossing geometry-null replicate,1.0,6.0,5.0,0.11361277555595534,0.11361277555595534,0.0,0.14571831316809586,0.14558126786483416,-0.00013704530326169584,0.8323740162105016,0.8324327499118994,5.8733701397861715e-05,0.4147773992717021,0.41487528877403185,9.788950232975102e-05,4.147018529537938,4.147018529537938,0.0,0.2201360148392834,0.22015063548421582,1.4620644932406002e-05,0.7961734303378334,0.8030358548842512,0.0068624245464178335,0.2354075735127271,0.2326712849877868,-0.002736288524940289,0.37481813692120824,0.3701597725543587,-0.004658364366849521,0.002064693777552457,R68_computed
Istanbul,Turkey,Middle East,0,0.005,48682,72909,0.4613033850047454,0.675,0.2136966149952546,0.675,0.675,0.675,0.21369661499525466,0.0,1.0000000000000002,0.0,False,15.754135608673096,365,204812,0.0017821221412807843,0.005006240656160419,365,0.005,9948,187103,7396,0,0.0,1.00212470032573,1.000277271626077,1087,328500,pass,True,R68 full-71 low-intensity strict non-crossing geometry-null replicate,1.0,4.0,3.0,0.0583878533514381,0.058291843256662416,-9.60100947756809e-05,0.08089232159730496,0.08083069717760158,-6.16244197033794e-05,0.9074195801322871,0.9073990386590526,-2.054147323449218e-05,0.497678813524506,0.49774043794420936,6.162441970336552e-05,4.335541565513174,4.335541565513174,0.0,0.19996118382671849,0.19995388548200407,-7.298344714412597e-06,0.8524009054776868,0.857362406308231,0.004961500830544252,0.2187029421069282,0.21597595697564062,-0.0027269851312875792,0.3055931667193926,0.3020246757355267,-0.0035684909838658574,0.0016335932762016059,R68_computed
Lima,Peru,Latin America,0,0.005,49410,75796,0.4428345242198864,0.65,0.2071654757801135,0.65,0.625,0.65,0.20716547578011363,0.0,1.0000000000000007,0.0,False,15.939325332641602,379,206407,0.001836178036597596,0.00500026386616708,379,0.005,10861,187994,7173,0,0.0,1.0038080123944235,1.0001142184156424,1057,341100,pass,True,R68 full-71 low-intensity strict non-crossing geometry-null replicate,1.0,4.0,3.0,0.059937199852234946,0.05983165338540292,-0.00010554646683202246,0.08308034810767051,0.08293867638129933,-0.00014167172637118142,0.9014571948998179,0.9017810159886662,0.0003238210888483195,0.5340416919651892,0.5341024084193483,6.071645415905991e-05,4.5163597023589634,4.5163597023589634,0.0,0.20968859264131984,0.20967316896731084,-1.542367400900191e-05,0.7068068604815122,0.7180014101885196,0.011194549707007395,0.2734676707894906,0.2692727899463079,-0.004194880843182702,0.46209124742201785,0.45551848844070786,-0.00657275898130999,0.00321903268765023,R68_computed
Seoul,South Korea,Asia,0,0.005,50914,76060,0.4516653899369949,0.675,0.2233346100630051,0.675,0.65,0.675,0.22333461006300515,0.0,1.0000000000000002,0.0,False,16.818943738937378,380,215577,0.0017627112354286403,0.004996055745464107,380,0.005,10649,196126,8422,0,0.0,1.0039027761590216,1.0000839523968559,1124,342000,pass,True,R68 full-71 low-intensity strict non-crossing geometry-null replicate,1.0,7.0,6.0,0.07985800683670786,0.07976597423087037,-9.203260583749706e-05,0.10613976509408021,0.10612012413088738,-1.9640963192832372e-05,0.8730015319951291,0.8720587657618729,-0.0009427662332561759,0.49391130141022116,0.4940291471893782,0.00011784577915702199,4.428056797265317,4.428056797265317,0.0,0.2222612729392099,0.22224618818430308,-1.5084754906802278e-05,0.8153015624287577,0.8218333429998713,0.006531780571113588,0.2428636749624404,0.2396748199217335,-0.0031888550407069005,0.3526921181242169,0.3475555080493352,-0.005136610074881698,0.0022730979269983847,R68_computed
Sao Paulo,Brazil,Latin America,0,0.005,51289,77333,0.4525467568643056,0.675,0.2224532431356944,0.65,0.65,0.675,0.1974532431356944,0.025000000000000022,0.8876168328786728,0.11238316712132741,False,17.33429217338562,387,223658,0.0017303203998962702,0.0050043319152237725,387,0.005,11308,204684,7279,0,0.0,1.001766276479315,1.0004979932700924,1152,348300,pass,True,R68 full-71 low-intensity strict non-crossing geometry-null replicate,1.0,3.0,2.0,0.0639313100487502,0.06391837895852999,-1.2931090220213992e-05,0.08959036050615142,0.08959036050615142,0.0,0.8995301136695978,0.8992376532979781,-0.00029246037161967386,0.5078086919222445,0.5078476866384605,3.899471621593431e-05,4.419432842382942,4.419432842382942,0.0,0.2121325707938297,0.2121325707938297,0.0,0.8375481174507672,0.8427093487803591,0.005161231329591898,0.2387643079515929,0.23607827532127057,-0.002686032630322327,0.32364645022354344,0.32010603684370686,-0.003540413379836571,0.0016704384002272405,R68_computed
Karachi,Pakistan,Asia,0,0.005,52156,78992,0.4466206054300997,0.675,0.2283793945699003,0.675,0.675,0.7,0.22837939456990036,0.0,1.0000000000000002,0.0,False,15.086737632751465,395,179849,0.0021962868851091747,0.0050005063803929516,395,0.005,9129,162890,7435,0,0.0,1.0027789790147257,1.0006236341458903,1119,355500,pass,True,R68 full-71 low-intensity strict non-crossing geometry-null replicate,1.0,4.0,3.0,0.07251367227060969,0.07252633178043347,1.2659509823778614e-05,0.0984354628422425,0.0984354628422425,0.0,0.8753930516143876,0.8751629726205997,-0.00023007899378790775,0.5145524963570826,0.5146100161055296,5.751974844703245e-05,4.478073728985214,4.478073728985214,0.0,0.21486469558099855,0.21483531238415046,-2.9383196848087323e-05,0.6655814396078416,0.6783583568997987,0.01277691729195718,0.28416993656214307,0.28000859407687173,-0.0041613424852713354,0.49739916094670544,0.4893252518856083,-0.008073909061097118,0.0036078439059910455,R68_computed
Riyadh,Saudi Arabia,Middle East,0,0.005,52112,79423,0.4665628855078422,0.675,0.2084371144921578,0.675,0.675,0.675,0.20843711449215785,0.0,1.0000000000000002,0.0,False,18.094051599502563,397,231841,0.0017123804676480864,0.004998552056709014,397,0.005,10950,211995,8499,0,0.0,1.0028184388969816,1.0000540693887958,1154,357300,pass,True,R68 full-71 low-intensity strict non-crossing geometry-null replicate,1.0,2.0,1.0,0.027095425758281607,0.02699469926847387,-0.0001007264898077384,0.037534540988639856,0.03734264660730734,-0.00019189438133251913,0.9487833896223519,0.9506639545594106,0.0018805649370586819,0.5241019342953638,0.5241211237334971,1.9189438133282444e-05,4.286667589992823,4.286667589992823,0.0,0.16745248193104206,0.16744429797821583,-8.183952826229524e-06,0.6422250973296001,0.6548926935833477,0.012667596253747582,0.3000587440521647,0.2957998002702226,-0.004258943781942082,0.5095929037184985,0.5024085061387534,-0.007184397579745094,0.0037548747748048137,R68_computed
Delhi,India,Asia,0,0.005,59302,85866,0.4689645379225219,0.7,0.231035462077478,0.7,0.7,0.7,0.23103546207747805,0.0,1.0000000000000002,0.0,False,17.736650943756104,429,216656,0.001980097481722177,0.004996156802459646,429,0.005,10223,197840,8164,0,0.0,1.0048147876999036,1.0003051167752863,1292,386100,pass,True,R68 full-71 low-intensity strict non-crossing geometry-null replicate,1.0,13.0,12.0,0.09817622807630494,0.0976870938438963,-0.0004891342324086362,0.1282418805436579,0.1278540352770564,-0.00038784526660148866,0.8437826717480017,0.8441030656638899,0.0003203939158882285,0.44796128292469056,0.4481636369768305,0.0002023540521399192,4.264714788158293,4.264714788158293,0.0,0.21801495867685722,0.2181735021496259,0.00015854347276866854,0.710080421726074,0.7194638466610318,0.009383424934957807,0.26945826529107525,0.26582631064408485,-0.0036319546469903985,0.4667089029312332,0.4608650059804366,-0.005843896950796568,0.0028652357068061607,R68_computed
Santiago,Chile,Latin America,0,0.005,60718,88302,0.4543405779204741,0.65,0.1956594220795258,0.65,0.65,0.65,0.1956594220795259,0.0,1.0000000000000007,0.0,False,21.310704708099365,442,271309,0.0016291387311147068,0.005005549138184865,442,0.005,13469,247577,9821,0,0.0,1.0032295085995009,1.000404039257009,1302,397800,pass,True,R68 full-71 low-intensity strict non-crossing geometry-null replicate,1.0,5.0,4.0,0.11076759303300039,0.11086951597925301,0.00010192294625262222,0.14816034783754406,0.14822622616028197,6.587832273791117e-05,0.8356829935109852,0.834777166573339,-0.0009058269376461814,0.4543133831812642,0.4543792615040021,6.587832273791117e-05,4.4019841000203845,4.4019841000203845,0.0,0.2436824030866914,0.24369919079568889,1.6787708997489936e-05,0.6666757607994958,0.6801778634794692,0.013502102679973427,0.2967656623034494,0.29238186383469167,-0.004383798468757749,0.4825316950687413,0.47405738042314977,-0.008474314645591507,0.003919120571565628,R68_computed
Athens,Greece,Europe,0,0.005,54827,88593,0.4135569642707098,0.625,0.2114430357292901,0.625,0.625,0.625,0.21144303572929019,0.0,1.0000000000000004,0.0,False,19.514379501342773,443,246402,0.0017978750172482367,0.0050003950650728615,443,0.005,14448,222818,8693,0,0.0,1.0030190535011678,1.0001586935071471,1203,398700,pass,True,R68 full-71 low-intensity strict non-crossing geometry-null replicate,1.0,5.0,4.0,0.042125224340523515,0.04204621132595126,-7.90130145722559e-05,0.06321702810658981,0.06299815784193918,-0.00021887026465063075,0.929943276123078,0.9296149707261021,-0.0003283053969759253,0.6158826855381473,0.6159556422930308,7.295675488350195e-05,4.836093145056608,4.836093145056608,0.0,0.2015517839228809,0.20150628226114684,-4.5501661734059784e-05,0.7252060051974146,0.7358507036037862,0.010644698406371611,0.2761621122013612,0.2718348255547983,-0.0043272866465629,0.4339050144242888,0.4269729532914453,-0.006932061132843503,0.0032186049802824038,R68_computed
Mexico City,Mexico,Latin America,0,0.005,59012,90635,0.4265999557561695,0.625,0.1984000442438305,0.65,0.625,0.65,0.22340004424383053,-0.025000000000000022,1.1260080364159366,-0.12600803641593658,False,19.183234453201294,453,235397,0.0019244085523604803,0.004998069178573399,453,0.005,12812,213768,8364,0,0.0,1.0018114286804847,1.0002849741922373,1218,407700,pass,True,R68 full-71 low-intensity strict non-crossing geometry-null replicate,1.0,3.0,2.0,0.08660009929938765,0.08663319909527224,3.309979588458911e-05,0.1194333355927608,0.11950111841659324,6.778282383243517e-05,0.8618586050294855,0.861621365146072,-0.0002372398834135092,0.5358910052192775,0.5359248966311937,3.389141191623146e-05,4.688233022563027,4.688233022563027,0.0,0.2408681084272422,0.24083267711443193,-3.543131281028011e-05,0.7061946888047246,0.7184463054201338,0.012251616615409189,0.2912656088939513,0.28621051591130525,-0.005055092982646059,0.4513294329729501,0.44328552803129073,-0.008043904941659352,0.0036698195775493048,R68_computed
Tokyo,Japan,Asia,0,0.005,62113,98086,0.4276266169078313,0.625,0.1973733830921686,0.625,0.625,0.625,0.19737338309216867,0.0,1.0000000000000004,0.0,False,24.21285891532898,490,301659,0.0016243506741055297,0.004995616092000897,490,0.005,16352,274181,10636,0,0.0,1.0035836484397591,1.0004345630615037,1401,441000,pass,True,R68 full-71 low-intensity strict non-crossing geometry-null replicate,1.0,2.0,1.0,0.04230980975878311,0.04233020002854638,2.0390269763269353e-05,0.06306248289408015,0.06301418382625215,-4.829906782799487e-05,0.9322203081480528,0.9321720090802248,-4.829906782799487e-05,0.5791702220147151,0.5791863217039911,1.6099689275961282e-05,4.676977346410293,4.676977346410293,0.0,0.2080095303953587,0.20799832670983817,-1.1203685520516649e-05,0.7581723684685678,0.7666932199771409,0.008520851508573069,0.26078919489216257,0.2571793541524068,-0.0036098407397557875,0.4006618041356219,0.3953778343571388,-0.005283969778483111,0.0025045214903187465,R68_computed
Tehran,Iran,Middle East,0,0.005,85612,108037,0.5095652255940534,0.7,0.1904347744059465,0.7,0.7,0.725,0.19043477440594658,0.0,1.0000000000000004,0.0,False,21.552252531051636,540,254279,0.0021236515795641795,0.004998287623684479,540,0.005,10758,232973,10008,0,0.0,1.0037318888193925,1.0004750801547677,1540,486000,pass,True,R68 full-71 low-intensity strict non-crossing geometry-null replicate,1.0,26.0,25.0,0.275692586798967,0.275637050269815,-5.553652915202267e-05,0.2825888894080269,0.28206326215951033,-0.0005256272485165692,0.6422814558706723,0.6425150679811241,0.00023361211045180852,0.2619492594496099,0.2622412745876746,0.00029201513806470514,3.924914612586429,3.924914612586429,0.0,0.2954525895009133,0.2955867808682076,0.0001341913672943118,0.7091699020059866,0.7191294256541207,0.009959523648134128,0.2835796960635418,0.2798347310134045,-0.003744965050137272,0.45454631210557594,0.4480091313001726,-0.006537180805403331,0.0030080636273993044,R68_computed
Hyderabad,India,Asia,0,0.005,98461,132094,0.4881558622014944,0.75,0.2618441377985055,0.725,0.725,0.75,0.2368441377985056,0.025000000000000022,0.9045233541976871,0.09547664580231328,False,32.23518085479736,660,399704,0.0016512219042091147,0.00499644192771814,660,0.005,18147,367822,13075,0,0.0,1.0039341546463556,1.000148108640169,1995,594000,pass,True,R68 full-71 low-intensity strict non-crossing geometry-null replicate,1.0,18.0,17.0,0.19355913213317788,0.19329416930367768,-0.0002649628295001982,0.21953870060226893,0.2193051055747961,-0.00023359502747283267,0.7269375691898315,0.7273336651059811,0.0003960959161495303,0.34159718060958144,0.3417698378038005,0.00017265719421905024,4.097052099262647,4.097052099262647,0.0,0.2587269419199935,0.2588158267942283,8.888487423480695e-05,0.7197364942872927,0.7290977473044895,0.009361253017196813,0.2619753287163985,0.25872696767899245,-0.0032483610374060556,0.4551290105617928,0.44889097480395274,-0.006238035757840044,0.0028203290836522105,R68_computed
Bengaluru,India,Asia,0,0.005,101357,136603,0.487624045120297,0.7,0.2123759548797029,0.675,0.675,0.7,0.18737595487970304,0.02499999999999991,0.8822842255651742,0.1177157744348261,False,34.29253673553467,683,420491,0.001624291601960565,0.004999890192748329,683,0.005,18923,387108,13777,0,0.0,1.0035239691680669,1.0002199356350103,2091,614700,pass,True,R68 full-71 low-intensity strict non-crossing geometry-null replicate,1.0,17.0,16.0,0.1890661259269562,0.18934430429785584,0.0002781783708996344,0.21622581568120602,0.2162751462651815,4.9330583975465414e-05,0.7332793985615201,0.7321250628964946,-0.001154335665025541,0.3477510186765591,0.3479088765452805,0.0001578578687214116,4.10152046441147,4.10152046441147,0.0,0.25884704686144844,0.25898654482438255,0.00013949796293410976,0.6949689072431923,0.7048082974005894,0.009839390157397099,0.27634040122795744,0.2728992646533876,-0.0034411365745698475,0.4675376597415578,0.4612515170985936,-0.006286142642964232,0.00300693057069026,R68_computed
Osaka,Japan,Asia,0,0.005,92460,138690,0.4467357272621854,0.625,0.1782642727378145,0.625,0.625,0.65,0.1782642727378146,0.0,1.0000000000000004,0.0,False,34.367480516433716,693,429181,0.0016147033535967342,0.004996755353666451,693,0.005,22314,390938,15236,0,0.0,1.003395853510326,1.0002436850900402,2049,623700,pass,True,R68 full-71 low-intensity strict non-crossing geometry-null replicate,1.0,8.0,7.0,0.08371908573076646,0.08361093085298146,-0.00010815487778499666,0.11287043045641358,0.11278390655418559,-8.652390222799178e-05,0.8710253082414017,0.8708847069002812,-0.00014060134112048317,0.5000108154877785,0.500086523902228,7.57084144494824e-05,4.476919749080683,4.476919749080683,0.0,0.23070317735691373,0.23070473669824115,1.5593413274228585e-06,0.720601839463063,0.7308602779225174,0.0102584384594544,0.27462860603249456,0.27071495754577196,-0.0039136484867225985,0.44180742916779403,0.43507208843879247,-0.00673534072900156,0.00303467254233029,R68_computed
Cairo,Egypt,Africa,0,0.005,118235,163341,0.4905812814983452,0.7,0.2094187185016547,0.7,0.7,0.7,0.20941871850165478,0.0,1.0000000000000004,0.0,False,34.826804399490356,817,401278,0.002035994995987819,0.005001806037675783,817,0.005,18055,365065,17341,0,0.0,1.0021928238221065,1.0004979779453538,2416,735300,pass,True,R68 full-71 low-intensity strict non-crossing geometry-null replicate,1.0,14.0,13.0,0.13733232929882883,0.1373506957836673,1.8366484838466812e-05,0.17158201886074342,0.17134520235124964,-0.0002368165094937813,0.806038820992092,0.8062840952340677,0.0002452742419757348,0.38150293906203747,0.38161288958430245,0.00010995052226497881,4.076796395271242,4.076796395271242,0.0,0.23426953650256024,0.23429312065786934,2.358415530909208e-05,0.6928231270071269,0.7030282167830577,0.01020508977593082,0.2862948034863675,0.28272373961568265,-0.003571063870684843,0.45854382287042655,0.45219459745190027,-0.006349225418526283,0.0029465480430642755,R68_computed
