ladder,instance,macro_region,replicate,swap_multiplier,n_nodes,n_edges,n_swaps,swaps_per_edge,orders,seed,graph_sha256,source_sha256,pc_control,pc_observed,pc_cebh,null_gap,organization_residual,degree_sequence_exact
mixing,Accra,Africa,1,0.02,19183,25655,1026,0.039992204248684465,1024,20268824,bd9c1886d94395bdbb50b298d4dc9d50df2d7fd6e93230435be47af8cbd93282,62ab975744338ea138a62d1fc56e19a3a82dac606fb865f2134a41ba9c0073ab,0.5875,0.725,0.5030786728370853,0.08442132716291473,0.13749999999999996,True
mixing,Accra,Africa,1,0.1,19183,25655,5131,0.2,1024,20268824,33b13eeea8786d43c8d8cbe4b089c3020886d68407fd89ea2db4a0df6c0294d4,62ab975744338ea138a62d1fc56e19a3a82dac606fb865f2134a41ba9c0073ab,0.535,0.725,0.5030786728370853,0.03192132716291474,0.18999999999999995,True
mixing,Accra,Africa,1,1.0,19183,25655,51310,2.0,1024,20268824,b5406a598f762dad200fc7a6ab9d5b547759ed7fec1be05be59466c3ad5e495a,62ab975744338ea138a62d1fc56e19a3a82dac606fb865f2134a41ba9c0073ab,0.53,0.725,0.5030786728370853,0.026921327162914732,0.19499999999999995,True
mixing,Accra,Africa,1,5.0,19183,25655,256550,10.0,1024,20268824,20b325ac3f86dec29f6b1f7eae269d95aed11f53983c110bf69df8df4f8d9734,62ab975744338ea138a62d1fc56e19a3a82dac606fb865f2134a41ba9c0073ab,0.53,0.725,0.5030786728370853,0.026921327162914732,0.19499999999999995,True
mixing,Amsterdam,Europe,1,0.02,23201,32887,1315,0.039985404567154194,1024,20268824,67819574a6bedb2306ee93e5551012cc2a2d1397c6808a5a061ccf0ef7bf6605,466b36bb0d48277bd28e30aebac933afdedd9cb3733ff72ea211057250dca800,0.5525,0.675,0.466680857102313,0.085819142897687,0.12250000000000005,True
mixing,Amsterdam,Europe,1,0.1,23201,32887,6577,0.19998783713929516,1024,20268824,52e74174b99d46f833dd28349f26123932e77c835c6fc31f2341b26d183e541d,466b36bb0d48277bd28e30aebac933afdedd9cb3733ff72ea211057250dca800,0.495,0.675,0.466680857102313,0.028319142897687,0.18000000000000005,True
mixing,Amsterdam,Europe,1,1.0,23201,32887,65774,2.0,1024,20268824,fde8e012565efcb8b8eab1a5c3b0b6b72f8e94da3b9d6ba77f3d179e27a17861,466b36bb0d48277bd28e30aebac933afdedd9cb3733ff72ea211057250dca800,0.49,0.675,0.466680857102313,0.023319142897686995,0.18500000000000005,True
mixing,Amsterdam,Europe,1,5.0,23201,32887,328870,10.0,1024,20268824,490f237e7cac2173021ee2d99796c0487c58d1dd8ddf9712cd5c66aceb665944,466b36bb0d48277bd28e30aebac933afdedd9cb3733ff72ea211057250dca800,0.4925,0.675,0.466680857102313,0.025819142897686997,0.18250000000000005,True
mixing,Auckland,Oceania,1,0.02,12533,16775,1000,0.05961251862891207,1024,20268824,5a6bcac1bc1f3e70c48f1a6ad2009626c02afd4700102bc303dd84fc3264c858,04a8fa5a988a0061d23e6f3a2ed3b53261459c235a42cda748fa1e3c4aab14de,0.5925,0.75,0.5044505924099357,0.0880494075900643,0.15749999999999997,True
mixing,Auckland,Oceania,1,0.1,12533,16775,3355,0.2,1024,20268824,503c565c5ae15854c83f7605e4905bd1e4e1875d5806bac2839ebed250b0c8e6,04a8fa5a988a0061d23e6f3a2ed3b53261459c235a42cda748fa1e3c4aab14de,0.5475,0.75,0.5044505924099357,0.04304940759006426,0.2025,True
mixing,Auckland,Oceania,1,1.0,12533,16775,33550,2.0,1024,20268824,95bf3136746fa935988578986fdda52c426ff06081f115e23d7d907f9d79e870,04a8fa5a988a0061d23e6f3a2ed3b53261459c235a42cda748fa1e3c4aab14de,0.5325,0.75,0.5044505924099357,0.028049407590064246,0.21750000000000003,True
mixing,Auckland,Oceania,1,5.0,12533,16775,167750,10.0,1024,20268824,b41c9a1a9fc487b8aa18d1c819773a2668f7529137ac90c1823f522057199d24,04a8fa5a988a0061d23e6f3a2ed3b53261459c235a42cda748fa1e3c4aab14de,0.5325,0.75,0.5044505924099357,0.028049407590064246,0.21750000000000003,True
mixing,Bangkok,Asia,1,0.02,63366,71694,2867,0.03998939939185985,1024,20268824,a07ce1267bca80e287b5d7b6265864b5fb9113e2b61eeebb9cd12c96d8afd22e,e1462165a4d58eee692be25a1afef11ac4ae74b354702427f4271d2497f2a49b,0.6675,0.92,0.5689051824695883,0.09859481753041166,0.25250000000000006,True
mixing,Bangkok,Asia,1,0.1,63366,71694,14338,0.19998884146511564,1024,20268824,254e939289a6cea102a3991993e5489b9024e6aef40aedc8037b502be359f0bd,e1462165a4d58eee692be25a1afef11ac4ae74b354702427f4271d2497f2a49b,0.6175,0.92,0.5689051824695883,0.04859481753041173,0.3025,True
mixing,Bangkok,Asia,1,1.0,63366,71694,143388,2.0,1024,20268824,ba2527a9d754584cef1aeab3fbb916edc188612707537a0a04e7ce386bbddf17,e1462165a4d58eee692be25a1afef11ac4ae74b354702427f4271d2497f2a49b,0.5925,0.92,0.5689051824695883,0.023594817530411705,0.3275,True
mixing,Bangkok,Asia,1,5.0,63366,71694,716940,10.0,1024,20268824,bfbf9d68b3e12be8a2122e723f3a37a292871722806be0eb2317d61c6ae5ca26,e1462165a4d58eee692be25a1afef11ac4ae74b354702427f4271d2497f2a49b,0.5925,0.92,0.5689051824695883,0.023594817530411705,0.3275,True
mixing,Bengaluru,Asia,1,0.02,101357,136603,5464,0.039999121541986635,1024,20268824,e2e8f7d675d51e510a8a31e1f1b85f20d1bdeaffe4f4b4027eb400b6a277a93d,a0f6df009d3b8b9764dcea9e7501de04c3077f4bab9b4cde67b36bfb10b73666,0.555,0.685,0.487624045120297,0.06737595487970305,0.13,True
mixing,Bengaluru,Asia,1,0.1,101357,136603,27320,0.19999560770993316,1024,20268824,8f2f6a23ce08ddaefbeaaf2883c94404a673dd0382407c6e0f73d40adfb504bf,a0f6df009d3b8b9764dcea9e7501de04c3077f4bab9b4cde67b36bfb10b73666,0.51,0.685,0.487624045120297,0.02237595487970301,0.17500000000000004,True
mixing,Bengaluru,Asia,1,1.0,101357,136603,273206,2.0,1024,20268824,887bfd878756f35ea66ac5bb582e0b1f3d74d972c73f96b1634f0c896477a2c8,a0f6df009d3b8b9764dcea9e7501de04c3077f4bab9b4cde67b36bfb10b73666,0.505,0.685,0.487624045120297,0.017375954879703004,0.18000000000000005,True
mixing,Bengaluru,Asia,1,5.0,101357,136603,1366030,10.0,1024,20268824,6e32f0e715abc3fcb18cdc7ea77b1bce6ee505d5dac39d2f1f6ffda7eef254cb,a0f6df009d3b8b9764dcea9e7501de04c3077f4bab9b4cde67b36bfb10b73666,0.505,0.685,0.487624045120297,0.017375954879703004,0.18000000000000005,True
mixing,Bogota,Latin America,1,0.02,40772,60476,2419,0.03999933858059396,1024,20268824,27df3a0af3c12978a8e3e7c842b3df6eff48b943ecb7f5c360e366b8768507ef,af1ed8028a379c90eddbf433fa52997c3e0d380b3383fe1bf1cd840ac4aa43ae,0.515,0.6525,0.4493951193413192,0.06560488065868081,0.13749999999999996,True
mixing,Bogota,Latin America,1,0.1,40772,60476,12095,0.19999669290296979,1024,20268824,c00d4649bd395d393cfcc71240b8eeca76944a2127b1ffd22f59d53218e84677,af1ed8028a379c90eddbf433fa52997c3e0d380b3383fe1bf1cd840ac4aa43ae,0.47250000000000003,0.6525,0.4493951193413192,0.023104880658680826,0.17999999999999994,True
mixing,Bogota,Latin America,1,1.0,40772,60476,120952,2.0,1024,20268824,b7fc69d5d809cfac9eb7cafe8bdd2968951a16034f12847f68c42b872eedebf9,af1ed8028a379c90eddbf433fa52997c3e0d380b3383fe1bf1cd840ac4aa43ae,0.4675,0.6525,0.4493951193413192,0.018104880658680822,0.18499999999999994,True
mixing,Bogota,Latin America,1,5.0,40772,60476,604760,10.0,1024,20268824,1746c16a167bfa3b4bf79b71ee2a9aa525d9049f0db873d18fa2cfe0a2153034,af1ed8028a379c90eddbf433fa52997c3e0d380b3383fe1bf1cd840ac4aa43ae,0.4675,0.6525,0.4493951193413192,0.018104880658680822,0.18499999999999994,True
mixing,Boston,North America,1,0.02,24819,35843,1433,0.039979912395725806,1024,20268824,512ac9b69c7df9d2ecdb59539ef38d0685e80234b2e1a4b34753df9d30b31a75,3f49fe2b28a080147e98804743f9221d89d877076448d4ea1df9b1b016de297f,0.5425,0.675,0.4629981269779758,0.07950187302202416,0.13250000000000006,True
mixing,Boston,North America,1,0.1,24819,35843,7168,0.1999832603297715,1024,20268824,f7d6a33ad5af11c0d487be0c8bca8d5a6710eec777458600924cb53cd6eddcfc,3f49fe2b28a080147e98804743f9221d89d877076448d4ea1df9b1b016de297f,0.4925,0.675,0.4629981269779758,0.029501873022024172,0.18250000000000005,True
mixing,Boston,North America,1,1.0,24819,35843,71686,2.0,1024,20268824,6bf1b604553dd00cf7f2cd63d4fb2859c451ef9d9e17bbf9423160c686e9b678,3f49fe2b28a080147e98804743f9221d89d877076448d4ea1df9b1b016de297f,0.4875,0.675,0.4629981269779758,0.024501873022024168,0.18750000000000006,True
mixing,Boston,North America,1,5.0,24819,35843,358430,10.0,1024,20268824,298384a4ded933ea1e78cb844bfff9de90d48feb229a4cca350f6357aaf14b78,3f49fe2b28a080147e98804743f9221d89d877076448d4ea1df9b1b016de297f,0.4875,0.675,0.4629981269779758,0.024501873022024168,0.18750000000000006,True
mixing,Dubai,Middle East,1,0.02,15724,22720,1000,0.04401408450704225,1024,20268824,6b8b8f59c053de710effc6156b25e7398db6dda85c38a2e243e290694721cfbb,dadf9d9d1fc57543c4154f08e806fdea0a532565f5865fe1a9e2e141422400a9,0.5825,0.7000000000000001,0.4908611675236571,0.09163883247634291,0.11750000000000005,True
mixing,Dubai,Middle East,1,0.1,15724,22720,4544,0.2,1024,20268824,15b379cdb732596f0dd8463b3a111c5177266e327f42dbbbdf12567747a4a477,dadf9d9d1fc57543c4154f08e806fdea0a532565f5865fe1a9e2e141422400a9,0.5275,0.7000000000000001,0.4908611675236571,0.036638832476342864,0.1725000000000001,True
mixing,Dubai,Middle East,1,1.0,15724,22720,45440,2.0,1024,20268824,bde738bb3c88f12b92ea931d8ca0b87852f7db202e56a6157b97d2d23aae9375,dadf9d9d1fc57543c4154f08e806fdea0a532565f5865fe1a9e2e141422400a9,0.515,0.7000000000000001,0.4908611675236571,0.02413883247634291,0.18500000000000005,True
mixing,Dubai,Middle East,1,5.0,15724,22720,227200,10.0,1024,20268824,6675385f0da5f058d23b4caaa48bdbeeb0c851328d1d581f15913a40e63fd315,dadf9d9d1fc57543c4154f08e806fdea0a532565f5865fe1a9e2e141422400a9,0.5175,0.7000000000000001,0.4908611675236571,0.026638832476342855,0.1825000000000001,True
order,Accra,Africa,1,1.0,19183,25655,51310,2.0,256,20261006,fa2e905e4e0daea48803cfb657b67a53dc0c0a0190e836745553228b07819d3f,62ab975744338ea138a62d1fc56e19a3a82dac606fb865f2134a41ba9c0073ab,0.5325,0.725,0.5030786728370853,0.02942132716291468,0.1925,True
order,Accra,Africa,1,1.0,19183,25655,51310,2.0,512,20261006,fa2e905e4e0daea48803cfb657b67a53dc0c0a0190e836745553228b07819d3f,62ab975744338ea138a62d1fc56e19a3a82dac606fb865f2134a41ba9c0073ab,0.5325,0.725,0.5030786728370853,0.02942132716291468,0.1925,True
order,Accra,Africa,1,1.0,19183,25655,51310,2.0,1024,20261006,fa2e905e4e0daea48803cfb657b67a53dc0c0a0190e836745553228b07819d3f,62ab975744338ea138a62d1fc56e19a3a82dac606fb865f2134a41ba9c0073ab,0.5325,0.725,0.5030786728370853,0.02942132716291468,0.1925,True
order,Accra,Africa,1,1.0,19183,25655,51310,2.0,2048,20261006,fa2e905e4e0daea48803cfb657b67a53dc0c0a0190e836745553228b07819d3f,62ab975744338ea138a62d1fc56e19a3a82dac606fb865f2134a41ba9c0073ab,0.53,0.725,0.5030786728370853,0.026921327162914732,0.19499999999999995,True
order,Accra,Africa,1,1.0,19183,25655,51310,2.0,4096,20261006,fa2e905e4e0daea48803cfb657b67a53dc0c0a0190e836745553228b07819d3f,62ab975744338ea138a62d1fc56e19a3a82dac606fb865f2134a41ba9c0073ab,0.53,0.725,0.5030786728370853,0.026921327162914732,0.19499999999999995,True
order,Accra,Africa,2,1.0,19183,25655,51310,2.0,256,20261107,a99d0add98e6099a9778a34d4e9d0ab0f73beac290fcd13715a7a1e8470bc464,62ab975744338ea138a62d1fc56e19a3a82dac606fb865f2134a41ba9c0073ab,0.53,0.725,0.5030786728370853,0.026921327162914732,0.19499999999999995,True
order,Accra,Africa,2,1.0,19183,25655,51310,2.0,512,20261107,a99d0add98e6099a9778a34d4e9d0ab0f73beac290fcd13715a7a1e8470bc464,62ab975744338ea138a62d1fc56e19a3a82dac606fb865f2134a41ba9c0073ab,0.53,0.725,0.5030786728370853,0.026921327162914732,0.19499999999999995,True
order,Accra,Africa,2,1.0,19183,25655,51310,2.0,1024,20261107,a99d0add98e6099a9778a34d4e9d0ab0f73beac290fcd13715a7a1e8470bc464,62ab975744338ea138a62d1fc56e19a3a82dac606fb865f2134a41ba9c0073ab,0.53,0.725,0.5030786728370853,0.026921327162914732,0.19499999999999995,True
order,Accra,Africa,2,1.0,19183,25655,51310,2.0,2048,20261107,a99d0add98e6099a9778a34d4e9d0ab0f73beac290fcd13715a7a1e8470bc464,62ab975744338ea138a62d1fc56e19a3a82dac606fb865f2134a41ba9c0073ab,0.53,0.725,0.5030786728370853,0.026921327162914732,0.19499999999999995,True
order,Accra,Africa,2,1.0,19183,25655,51310,2.0,4096,20261107,a99d0add98e6099a9778a34d4e9d0ab0f73beac290fcd13715a7a1e8470bc464,62ab975744338ea138a62d1fc56e19a3a82dac606fb865f2134a41ba9c0073ab,0.53,0.725,0.5030786728370853,0.026921327162914732,0.19499999999999995,True
order,Addis Ababa,Africa,1,1.0,51078,72263,144526,2.0,256,20261006,652e02bffaeacf25072363e8640b329722e392afd2aa84e1a173744dfafd63be,f856e4f6bf8e913821413b5c1ab26eb196e9bc1e374ba5558e9811cda3e69e7e,0.5025000000000001,0.7025,0.482274189457948,0.02022581054205208,0.19999999999999996,True
order,Addis Ababa,Africa,1,1.0,51078,72263,144526,2.0,512,20261006,652e02bffaeacf25072363e8640b329722e392afd2aa84e1a173744dfafd63be,f856e4f6bf8e913821413b5c1ab26eb196e9bc1e374ba5558e9811cda3e69e7e,0.5,0.7025,0.482274189457948,0.017725810542052023,0.2025,True
order,Addis Ababa,Africa,1,1.0,51078,72263,144526,2.0,1024,20261006,652e02bffaeacf25072363e8640b329722e392afd2aa84e1a173744dfafd63be,f856e4f6bf8e913821413b5c1ab26eb196e9bc1e374ba5558e9811cda3e69e7e,0.5,0.7025,0.482274189457948,0.017725810542052023,0.2025,True
order,Addis Ababa,Africa,1,1.0,51078,72263,144526,2.0,2048,20261006,652e02bffaeacf25072363e8640b329722e392afd2aa84e1a173744dfafd63be,f856e4f6bf8e913821413b5c1ab26eb196e9bc1e374ba5558e9811cda3e69e7e,0.5,0.7025,0.482274189457948,0.017725810542052023,0.2025,True
order,Addis Ababa,Africa,1,1.0,51078,72263,144526,2.0,4096,20261006,652e02bffaeacf25072363e8640b329722e392afd2aa84e1a173744dfafd63be,f856e4f6bf8e913821413b5c1ab26eb196e9bc1e374ba5558e9811cda3e69e7e,0.5025000000000001,0.7025,0.482274189457948,0.02022581054205208,0.19999999999999996,True
order,Addis Ababa,Africa,2,1.0,51078,72263,144526,2.0,256,20261107,b643eec36e4efe64f77a3604a6e902fbdc2f7c7377164ca44ddd9c518aae0fe2,f856e4f6bf8e913821413b5c1ab26eb196e9bc1e374ba5558e9811cda3e69e7e,0.4975,0.7025,0.482274189457948,0.01522581054205202,0.20500000000000002,True
order,Addis Ababa,Africa,2,1.0,51078,72263,144526,2.0,512,20261107,b643eec36e4efe64f77a3604a6e902fbdc2f7c7377164ca44ddd9c518aae0fe2,f856e4f6bf8e913821413b5c1ab26eb196e9bc1e374ba5558e9811cda3e69e7e,0.5025000000000001,0.7025,0.482274189457948,0.02022581054205208,0.19999999999999996,True
order,Addis Ababa,Africa,2,1.0,51078,72263,144526,2.0,1024,20261107,b643eec36e4efe64f77a3604a6e902fbdc2f7c7377164ca44ddd9c518aae0fe2,f856e4f6bf8e913821413b5c1ab26eb196e9bc1e374ba5558e9811cda3e69e7e,0.5025000000000001,0.7025,0.482274189457948,0.02022581054205208,0.19999999999999996,True
order,Addis Ababa,Africa,2,1.0,51078,72263,144526,2.0,2048,20261107,b643eec36e4efe64f77a3604a6e902fbdc2f7c7377164ca44ddd9c518aae0fe2,f856e4f6bf8e913821413b5c1ab26eb196e9bc1e374ba5558e9811cda3e69e7e,0.5025000000000001,0.7025,0.482274189457948,0.02022581054205208,0.19999999999999996,True
order,Addis Ababa,Africa,2,1.0,51078,72263,144526,2.0,4096,20261107,b643eec36e4efe64f77a3604a6e902fbdc2f7c7377164ca44ddd9c518aae0fe2,f856e4f6bf8e913821413b5c1ab26eb196e9bc1e374ba5558e9811cda3e69e7e,0.5025000000000001,0.7025,0.482274189457948,0.02022581054205208,0.19999999999999996,True
order,Algiers,Africa,1,1.0,21703,28885,57770,2.0,256,20261006,508bcefaffd5f50b5b59f9c632f92b129a44ef04cbb776f9514fbd7e371b3472,5cfd10123d92b60362c4d212de3958cf6c747b5f708ec9866c0b6a8e81fb0f53,0.5325,0.7425,0.5065855241235377,0.02591447587646223,0.21000000000000008,True
order,Algiers,Africa,1,1.0,21703,28885,57770,2.0,512,20261006,508bcefaffd5f50b5b59f9c632f92b129a44ef04cbb776f9514fbd7e371b3472,5cfd10123d92b60362c4d212de3958cf6c747b5f708ec9866c0b6a8e81fb0f53,0.5325,0.7425,0.5065855241235377,0.02591447587646223,0.21000000000000008,True
order,Algiers,Africa,1,1.0,21703,28885,57770,2.0,1024,20261006,508bcefaffd5f50b5b59f9c632f92b129a44ef04cbb776f9514fbd7e371b3472,5cfd10123d92b60362c4d212de3958cf6c747b5f708ec9866c0b6a8e81fb0f53,0.5325,0.7425,0.5065855241235377,0.02591447587646223,0.21000000000000008,True
order,Algiers,Africa,1,1.0,21703,28885,57770,2.0,2048,20261006,508bcefaffd5f50b5b59f9c632f92b129a44ef04cbb776f9514fbd7e371b3472,5cfd10123d92b60362c4d212de3958cf6c747b5f708ec9866c0b6a8e81fb0f53,0.5325,0.7425,0.5065855241235377,0.02591447587646223,0.21000000000000008,True
order,Algiers,Africa,1,1.0,21703,28885,57770,2.0,4096,20261006,508bcefaffd5f50b5b59f9c632f92b129a44ef04cbb776f9514fbd7e371b3472,5cfd10123d92b60362c4d212de3958cf6c747b5f708ec9866c0b6a8e81fb0f53,0.5325,0.7425,0.5065855241235377,0.02591447587646223,0.21000000000000008,True
order,Algiers,Africa,2,1.0,21703,28885,57770,2.0,256,20261107,0f798bd97668e9246282665f7d4d9ab973b452465b4e2116fa70b91c1ca06222,5cfd10123d92b60362c4d212de3958cf6c747b5f708ec9866c0b6a8e81fb0f53,0.5325,0.7425,0.5065855241235377,0.02591447587646223,0.21000000000000008,True
order,Algiers,Africa,2,1.0,21703,28885,57770,2.0,512,20261107,0f798bd97668e9246282665f7d4d9ab973b452465b4e2116fa70b91c1ca06222,5cfd10123d92b60362c4d212de3958cf6c747b5f708ec9866c0b6a8e81fb0f53,0.535,0.7425,0.5065855241235377,0.028414475876462286,0.20750000000000002,True
order,Algiers,Africa,2,1.0,21703,28885,57770,2.0,1024,20261107,0f798bd97668e9246282665f7d4d9ab973b452465b4e2116fa70b91c1ca06222,5cfd10123d92b60362c4d212de3958cf6c747b5f708ec9866c0b6a8e81fb0f53,0.5325,0.7425,0.5065855241235377,0.02591447587646223,0.21000000000000008,True
order,Algiers,Africa,2,1.0,21703,28885,57770,2.0,2048,20261107,0f798bd97668e9246282665f7d4d9ab973b452465b4e2116fa70b91c1ca06222,5cfd10123d92b60362c4d212de3958cf6c747b5f708ec9866c0b6a8e81fb0f53,0.5325,0.7425,0.5065855241235377,0.02591447587646223,0.21000000000000008,True
order,Algiers,Africa,2,1.0,21703,28885,57770,2.0,4096,20261107,0f798bd97668e9246282665f7d4d9ab973b452465b4e2116fa70b91c1ca06222,5cfd10123d92b60362c4d212de3958cf6c747b5f708ec9866c0b6a8e81fb0f53,0.5325,0.7425,0.5065855241235377,0.02591447587646223,0.21000000000000008,True
order,Amsterdam,Europe,1,1.0,23201,32887,65774,2.0,256,20261006,2e7556aa1a79bb57ea96696c39716e48fc2ad02daa121a6b3a8920bed8c0b857,466b36bb0d48277bd28e30aebac933afdedd9cb3733ff72ea211057250dca800,0.4925,0.675,0.466680857102313,0.025819142897686997,0.18250000000000005,True
order,Amsterdam,Europe,1,1.0,23201,32887,65774,2.0,512,20261006,2e7556aa1a79bb57ea96696c39716e48fc2ad02daa121a6b3a8920bed8c0b857,466b36bb0d48277bd28e30aebac933afdedd9cb3733ff72ea211057250dca800,0.49,0.675,0.466680857102313,0.023319142897686995,0.18500000000000005,True
order,Amsterdam,Europe,1,1.0,23201,32887,65774,2.0,1024,20261006,2e7556aa1a79bb57ea96696c39716e48fc2ad02daa121a6b3a8920bed8c0b857,466b36bb0d48277bd28e30aebac933afdedd9cb3733ff72ea211057250dca800,0.4925,0.675,0.466680857102313,0.025819142897686997,0.18250000000000005,True
order,Amsterdam,Europe,1,1.0,23201,32887,65774,2.0,2048,20261006,2e7556aa1a79bb57ea96696c39716e48fc2ad02daa121a6b3a8920bed8c0b857,466b36bb0d48277bd28e30aebac933afdedd9cb3733ff72ea211057250dca800,0.49,0.675,0.466680857102313,0.023319142897686995,0.18500000000000005,True
order,Amsterdam,Europe,1,1.0,23201,32887,65774,2.0,4096,20261006,2e7556aa1a79bb57ea96696c39716e48fc2ad02daa121a6b3a8920bed8c0b857,466b36bb0d48277bd28e30aebac933afdedd9cb3733ff72ea211057250dca800,0.49,0.675,0.466680857102313,0.023319142897686995,0.18500000000000005,True
order,Amsterdam,Europe,2,1.0,23201,32887,65774,2.0,256,20261107,0d11094a32b3f8aca023889b6e2428c12cfe906673a27a6bd44909e02c021d1b,466b36bb0d48277bd28e30aebac933afdedd9cb3733ff72ea211057250dca800,0.4925,0.675,0.466680857102313,0.025819142897686997,0.18250000000000005,True
order,Amsterdam,Europe,2,1.0,23201,32887,65774,2.0,512,20261107,0d11094a32b3f8aca023889b6e2428c12cfe906673a27a6bd44909e02c021d1b,466b36bb0d48277bd28e30aebac933afdedd9cb3733ff72ea211057250dca800,0.495,0.675,0.466680857102313,0.028319142897687,0.18000000000000005,True
order,Amsterdam,Europe,2,1.0,23201,32887,65774,2.0,1024,20261107,0d11094a32b3f8aca023889b6e2428c12cfe906673a27a6bd44909e02c021d1b,466b36bb0d48277bd28e30aebac933afdedd9cb3733ff72ea211057250dca800,0.495,0.675,0.466680857102313,0.028319142897687,0.18000000000000005,True
order,Amsterdam,Europe,2,1.0,23201,32887,65774,2.0,2048,20261107,0d11094a32b3f8aca023889b6e2428c12cfe906673a27a6bd44909e02c021d1b,466b36bb0d48277bd28e30aebac933afdedd9cb3733ff72ea211057250dca800,0.4925,0.675,0.466680857102313,0.025819142897686997,0.18250000000000005,True
order,Amsterdam,Europe,2,1.0,23201,32887,65774,2.0,4096,20261107,0d11094a32b3f8aca023889b6e2428c12cfe906673a27a6bd44909e02c021d1b,466b36bb0d48277bd28e30aebac933afdedd9cb3733ff72ea211057250dca800,0.4925,0.675,0.466680857102313,0.025819142897686997,0.18250000000000005,True
order,Athens,Europe,1,1.0,54827,88593,177186,2.0,256,20261006,0626ae916f386d687fcc26e093098262b554371dbd6697edc22fc30054bbbf9a,07910fdf3870d6e0ee22feaa50931092a51375c89bdae3bcf679dfe1472ac3c2,0.43,0.6225,0.4135569642707098,0.01644303572929018,0.19250000000000006,True
order,Athens,Europe,1,1.0,54827,88593,177186,2.0,512,20261006,0626ae916f386d687fcc26e093098262b554371dbd6697edc22fc30054bbbf9a,07910fdf3870d6e0ee22feaa50931092a51375c89bdae3bcf679dfe1472ac3c2,0.43,0.6225,0.4135569642707098,0.01644303572929018,0.19250000000000006,True
order,Athens,Europe,1,1.0,54827,88593,177186,2.0,1024,20261006,0626ae916f386d687fcc26e093098262b554371dbd6697edc22fc30054bbbf9a,07910fdf3870d6e0ee22feaa50931092a51375c89bdae3bcf679dfe1472ac3c2,0.43,0.6225,0.4135569642707098,0.01644303572929018,0.19250000000000006,True
order,Athens,Europe,1,1.0,54827,88593,177186,2.0,2048,20261006,0626ae916f386d687fcc26e093098262b554371dbd6697edc22fc30054bbbf9a,07910fdf3870d6e0ee22feaa50931092a51375c89bdae3bcf679dfe1472ac3c2,0.43,0.6225,0.4135569642707098,0.01644303572929018,0.19250000000000006,True
order,Athens,Europe,1,1.0,54827,88593,177186,2.0,4096,20261006,0626ae916f386d687fcc26e093098262b554371dbd6697edc22fc30054bbbf9a,07910fdf3870d6e0ee22feaa50931092a51375c89bdae3bcf679dfe1472ac3c2,0.43,0.6225,0.4135569642707098,0.01644303572929018,0.19250000000000006,True
order,Athens,Europe,2,1.0,54827,88593,177186,2.0,256,20261107,33e52ae041c98f03adffb774a36ed28e9417799846e3286c488b3799c2884314,07910fdf3870d6e0ee22feaa50931092a51375c89bdae3bcf679dfe1472ac3c2,0.4325,0.6225,0.4135569642707098,0.01894303572929018,0.19000000000000006,True
order,Athens,Europe,2,1.0,54827,88593,177186,2.0,512,20261107,33e52ae041c98f03adffb774a36ed28e9417799846e3286c488b3799c2884314,07910fdf3870d6e0ee22feaa50931092a51375c89bdae3bcf679dfe1472ac3c2,0.4325,0.6225,0.4135569642707098,0.01894303572929018,0.19000000000000006,True
order,Athens,Europe,2,1.0,54827,88593,177186,2.0,1024,20261107,33e52ae041c98f03adffb774a36ed28e9417799846e3286c488b3799c2884314,07910fdf3870d6e0ee22feaa50931092a51375c89bdae3bcf679dfe1472ac3c2,0.43,0.6225,0.4135569642707098,0.01644303572929018,0.19250000000000006,True
order,Athens,Europe,2,1.0,54827,88593,177186,2.0,2048,20261107,33e52ae041c98f03adffb774a36ed28e9417799846e3286c488b3799c2884314,07910fdf3870d6e0ee22feaa50931092a51375c89bdae3bcf679dfe1472ac3c2,0.43,0.6225,0.4135569642707098,0.01644303572929018,0.19250000000000006,True
order,Athens,Europe,2,1.0,54827,88593,177186,2.0,4096,20261107,33e52ae041c98f03adffb774a36ed28e9417799846e3286c488b3799c2884314,07910fdf3870d6e0ee22feaa50931092a51375c89bdae3bcf679dfe1472ac3c2,0.43,0.6225,0.4135569642707098,0.01644303572929018,0.19250000000000006,True
order,Auckland,Oceania,1,1.0,12533,16775,33550,2.0,256,20261006,35e86e1b815f18c3bf236b41cfdc058304eb9efeb60b28a861f7a291eb5cb09e,04a8fa5a988a0061d23e6f3a2ed3b53261459c235a42cda748fa1e3c4aab14de,0.5375,0.75,0.5044505924099357,0.03304940759006425,0.21250000000000002,True
order,Auckland,Oceania,1,1.0,12533,16775,33550,2.0,512,20261006,35e86e1b815f18c3bf236b41cfdc058304eb9efeb60b28a861f7a291eb5cb09e,04a8fa5a988a0061d23e6f3a2ed3b53261459c235a42cda748fa1e3c4aab14de,0.535,0.75,0.5044505924099357,0.030549407590064304,0.21499999999999997,True
order,Auckland,Oceania,1,1.0,12533,16775,33550,2.0,1024,20261006,35e86e1b815f18c3bf236b41cfdc058304eb9efeb60b28a861f7a291eb5cb09e,04a8fa5a988a0061d23e6f3a2ed3b53261459c235a42cda748fa1e3c4aab14de,0.535,0.75,0.5044505924099357,0.030549407590064304,0.21499999999999997,True
order,Auckland,Oceania,1,1.0,12533,16775,33550,2.0,2048,20261006,35e86e1b815f18c3bf236b41cfdc058304eb9efeb60b28a861f7a291eb5cb09e,04a8fa5a988a0061d23e6f3a2ed3b53261459c235a42cda748fa1e3c4aab14de,0.535,0.75,0.5044505924099357,0.030549407590064304,0.21499999999999997,True
order,Auckland,Oceania,1,1.0,12533,16775,33550,2.0,4096,20261006,35e86e1b815f18c3bf236b41cfdc058304eb9efeb60b28a861f7a291eb5cb09e,04a8fa5a988a0061d23e6f3a2ed3b53261459c235a42cda748fa1e3c4aab14de,0.535,0.75,0.5044505924099357,0.030549407590064304,0.21499999999999997,True
order,Auckland,Oceania,2,1.0,12533,16775,33550,2.0,256,20261107,fa62865acc872b0ead14dbf07cd8bc37f05cff65aea82bd1010aac6c43a6da32,04a8fa5a988a0061d23e6f3a2ed3b53261459c235a42cda748fa1e3c4aab14de,0.535,0.75,0.5044505924099357,0.030549407590064304,0.21499999999999997,True
order,Auckland,Oceania,2,1.0,12533,16775,33550,2.0,512,20261107,fa62865acc872b0ead14dbf07cd8bc37f05cff65aea82bd1010aac6c43a6da32,04a8fa5a988a0061d23e6f3a2ed3b53261459c235a42cda748fa1e3c4aab14de,0.535,0.75,0.5044505924099357,0.030549407590064304,0.21499999999999997,True
order,Auckland,Oceania,2,1.0,12533,16775,33550,2.0,1024,20261107,fa62865acc872b0ead14dbf07cd8bc37f05cff65aea82bd1010aac6c43a6da32,04a8fa5a988a0061d23e6f3a2ed3b53261459c235a42cda748fa1e3c4aab14de,0.535,0.75,0.5044505924099357,0.030549407590064304,0.21499999999999997,True
order,Auckland,Oceania,2,1.0,12533,16775,33550,2.0,2048,20261107,fa62865acc872b0ead14dbf07cd8bc37f05cff65aea82bd1010aac6c43a6da32,04a8fa5a988a0061d23e6f3a2ed3b53261459c235a42cda748fa1e3c4aab14de,0.535,0.75,0.5044505924099357,0.030549407590064304,0.21499999999999997,True
order,Auckland,Oceania,2,1.0,12533,16775,33550,2.0,4096,20261107,fa62865acc872b0ead14dbf07cd8bc37f05cff65aea82bd1010aac6c43a6da32,04a8fa5a988a0061d23e6f3a2ed3b53261459c235a42cda748fa1e3c4aab14de,0.535,0.75,0.5044505924099357,0.030549407590064304,0.21499999999999997,True
order,Bangkok,Asia,1,1.0,63366,71694,143388,2.0,256,20261006,fb70be864b056a24f28aeaa31738e031c5b5fa313b18aed5b31e7cc44fb42241,e1462165a4d58eee692be25a1afef11ac4ae74b354702427f4271d2497f2a49b,0.59,0.92,0.5689051824695883,0.021094817530411647,0.33000000000000007,True
order,Bangkok,Asia,1,1.0,63366,71694,143388,2.0,512,20261006,fb70be864b056a24f28aeaa31738e031c5b5fa313b18aed5b31e7cc44fb42241,e1462165a4d58eee692be25a1afef11ac4ae74b354702427f4271d2497f2a49b,0.59,0.92,0.5689051824695883,0.021094817530411647,0.33000000000000007,True
order,Bangkok,Asia,1,1.0,63366,71694,143388,2.0,1024,20261006,fb70be864b056a24f28aeaa31738e031c5b5fa313b18aed5b31e7cc44fb42241,e1462165a4d58eee692be25a1afef11ac4ae74b354702427f4271d2497f2a49b,0.59,0.92,0.5689051824695883,0.021094817530411647,0.33000000000000007,True
order,Bangkok,Asia,1,1.0,63366,71694,143388,2.0,2048,20261006,fb70be864b056a24f28aeaa31738e031c5b5fa313b18aed5b31e7cc44fb42241,e1462165a4d58eee692be25a1afef11ac4ae74b354702427f4271d2497f2a49b,0.59,0.92,0.5689051824695883,0.021094817530411647,0.33000000000000007,True
order,Bangkok,Asia,1,1.0,63366,71694,143388,2.0,4096,20261006,fb70be864b056a24f28aeaa31738e031c5b5fa313b18aed5b31e7cc44fb42241,e1462165a4d58eee692be25a1afef11ac4ae74b354702427f4271d2497f2a49b,0.59,0.92,0.5689051824695883,0.021094817530411647,0.33000000000000007,True
order,Bangkok,Asia,2,1.0,63366,71694,143388,2.0,256,20261107,e055e632f6c507c72d6ec2b4bde43fd06f548f049d82efb0b1fbb9a20338d4e3,e1462165a4d58eee692be25a1afef11ac4ae74b354702427f4271d2497f2a49b,0.59,0.92,0.5689051824695883,0.021094817530411647,0.33000000000000007,True
order,Bangkok,Asia,2,1.0,63366,71694,143388,2.0,512,20261107,e055e632f6c507c72d6ec2b4bde43fd06f548f049d82efb0b1fbb9a20338d4e3,e1462165a4d58eee692be25a1afef11ac4ae74b354702427f4271d2497f2a49b,0.59,0.92,0.5689051824695883,0.021094817530411647,0.33000000000000007,True
order,Bangkok,Asia,2,1.0,63366,71694,143388,2.0,1024,20261107,e055e632f6c507c72d6ec2b4bde43fd06f548f049d82efb0b1fbb9a20338d4e3,e1462165a4d58eee692be25a1afef11ac4ae74b354702427f4271d2497f2a49b,0.5925,0.92,0.5689051824695883,0.023594817530411705,0.3275,True
order,Bangkok,Asia,2,1.0,63366,71694,143388,2.0,2048,20261107,e055e632f6c507c72d6ec2b4bde43fd06f548f049d82efb0b1fbb9a20338d4e3,e1462165a4d58eee692be25a1afef11ac4ae74b354702427f4271d2497f2a49b,0.5925,0.92,0.5689051824695883,0.023594817530411705,0.3275,True
order,Bangkok,Asia,2,1.0,63366,71694,143388,2.0,4096,20261107,e055e632f6c507c72d6ec2b4bde43fd06f548f049d82efb0b1fbb9a20338d4e3,e1462165a4d58eee692be25a1afef11ac4ae74b354702427f4271d2497f2a49b,0.5925,0.92,0.5689051824695883,0.023594817530411705,0.3275,True
order,Barcelona,Europe,1,1.0,18674,28820,57640,2.0,256,20261006,84a552a701626eb156f2e2a59c97fab760e8f44c2e8813ccbcb181ce300669e6,8c644d7caf49057e92c28ae69518861f9b1fbfcf4f0feaaa5b9b30496d7e74cd,0.4625,0.6275000000000001,0.438814196750765,0.023685803249235027,0.16500000000000004,True
order,Barcelona,Europe,1,1.0,18674,28820,57640,2.0,512,20261006,84a552a701626eb156f2e2a59c97fab760e8f44c2e8813ccbcb181ce300669e6,8c644d7caf49057e92c28ae69518861f9b1fbfcf4f0feaaa5b9b30496d7e74cd,0.465,0.6275000000000001,0.438814196750765,0.02618580324923503,0.16250000000000003,True
order,Barcelona,Europe,1,1.0,18674,28820,57640,2.0,1024,20261006,84a552a701626eb156f2e2a59c97fab760e8f44c2e8813ccbcb181ce300669e6,8c644d7caf49057e92c28ae69518861f9b1fbfcf4f0feaaa5b9b30496d7e74cd,0.465,0.6275000000000001,0.438814196750765,0.02618580324923503,0.16250000000000003,True
order,Barcelona,Europe,1,1.0,18674,28820,57640,2.0,2048,20261006,84a552a701626eb156f2e2a59c97fab760e8f44c2e8813ccbcb181ce300669e6,8c644d7caf49057e92c28ae69518861f9b1fbfcf4f0feaaa5b9b30496d7e74cd,0.4625,0.6275000000000001,0.438814196750765,0.023685803249235027,0.16500000000000004,True
order,Barcelona,Europe,1,1.0,18674,28820,57640,2.0,4096,20261006,84a552a701626eb156f2e2a59c97fab760e8f44c2e8813ccbcb181ce300669e6,8c644d7caf49057e92c28ae69518861f9b1fbfcf4f0feaaa5b9b30496d7e74cd,0.4625,0.6275000000000001,0.438814196750765,0.023685803249235027,0.16500000000000004,True
order,Barcelona,Europe,2,1.0,18674,28820,57640,2.0,256,20261107,8b9ee8f9c6090c235f6faa8bf5ab8d2abcba75509135b426c4a32af11c5c7e99,8c644d7caf49057e92c28ae69518861f9b1fbfcf4f0feaaa5b9b30496d7e74cd,0.4625,0.6275000000000001,0.438814196750765,0.023685803249235027,0.16500000000000004,True
order,Barcelona,Europe,2,1.0,18674,28820,57640,2.0,512,20261107,8b9ee8f9c6090c235f6faa8bf5ab8d2abcba75509135b426c4a32af11c5c7e99,8c644d7caf49057e92c28ae69518861f9b1fbfcf4f0feaaa5b9b30496d7e74cd,0.465,0.6275000000000001,0.438814196750765,0.02618580324923503,0.16250000000000003,True
order,Barcelona,Europe,2,1.0,18674,28820,57640,2.0,1024,20261107,8b9ee8f9c6090c235f6faa8bf5ab8d2abcba75509135b426c4a32af11c5c7e99,8c644d7caf49057e92c28ae69518861f9b1fbfcf4f0feaaa5b9b30496d7e74cd,0.465,0.6275000000000001,0.438814196750765,0.02618580324923503,0.16250000000000003,True
order,Barcelona,Europe,2,1.0,18674,28820,57640,2.0,2048,20261107,8b9ee8f9c6090c235f6faa8bf5ab8d2abcba75509135b426c4a32af11c5c7e99,8c644d7caf49057e92c28ae69518861f9b1fbfcf4f0feaaa5b9b30496d7e74cd,0.4625,0.6275000000000001,0.438814196750765,0.023685803249235027,0.16500000000000004,True
order,Barcelona,Europe,2,1.0,18674,28820,57640,2.0,4096,20261107,8b9ee8f9c6090c235f6faa8bf5ab8d2abcba75509135b426c4a32af11c5c7e99,8c644d7caf49057e92c28ae69518861f9b1fbfcf4f0feaaa5b9b30496d7e74cd,0.4625,0.6275000000000001,0.438814196750765,0.023685803249235027,0.16500000000000004,True
order,Bengaluru,Asia,1,1.0,101357,136603,273206,2.0,256,20261006,1c1570746a5b6e941be6799427a3815d13cd96e561273bdfe8a6c530d9bb9838,a0f6df009d3b8b9764dcea9e7501de04c3077f4bab9b4cde67b36bfb10b73666,0.5075000000000001,0.685,0.487624045120297,0.01987595487970306,0.1775,True
order,Bengaluru,Asia,1,1.0,101357,136603,273206,2.0,512,20261006,1c1570746a5b6e941be6799427a3815d13cd96e561273bdfe8a6c530d9bb9838,a0f6df009d3b8b9764dcea9e7501de04c3077f4bab9b4cde67b36bfb10b73666,0.5025000000000001,0.685,0.487624045120297,0.014875954879703057,0.1825,True
order,Bengaluru,Asia,1,1.0,101357,136603,273206,2.0,1024,20261006,1c1570746a5b6e941be6799427a3815d13cd96e561273bdfe8a6c530d9bb9838,a0f6df009d3b8b9764dcea9e7501de04c3077f4bab9b4cde67b36bfb10b73666,0.5025000000000001,0.685,0.487624045120297,0.014875954879703057,0.1825,True
order,Bengaluru,Asia,1,1.0,101357,136603,273206,2.0,2048,20261006,1c1570746a5b6e941be6799427a3815d13cd96e561273bdfe8a6c530d9bb9838,a0f6df009d3b8b9764dcea9e7501de04c3077f4bab9b4cde67b36bfb10b73666,0.505,0.685,0.487624045120297,0.017375954879703004,0.18000000000000005,True
order,Bengaluru,Asia,1,1.0,101357,136603,273206,2.0,4096,20261006,1c1570746a5b6e941be6799427a3815d13cd96e561273bdfe8a6c530d9bb9838,a0f6df009d3b8b9764dcea9e7501de04c3077f4bab9b4cde67b36bfb10b73666,0.5025000000000001,0.685,0.487624045120297,0.014875954879703057,0.1825,True
order,Bengaluru,Asia,2,1.0,101357,136603,273206,2.0,256,20261107,14b0651cfca28abeeaf0d20d3716368ce42c1fe854f269dbd0c166acb534350a,a0f6df009d3b8b9764dcea9e7501de04c3077f4bab9b4cde67b36bfb10b73666,0.505,0.685,0.487624045120297,0.017375954879703004,0.18000000000000005,True
order,Bengaluru,Asia,2,1.0,101357,136603,273206,2.0,512,20261107,14b0651cfca28abeeaf0d20d3716368ce42c1fe854f269dbd0c166acb534350a,a0f6df009d3b8b9764dcea9e7501de04c3077f4bab9b4cde67b36bfb10b73666,0.505,0.685,0.487624045120297,0.017375954879703004,0.18000000000000005,True
order,Bengaluru,Asia,2,1.0,101357,136603,273206,2.0,1024,20261107,14b0651cfca28abeeaf0d20d3716368ce42c1fe854f269dbd0c166acb534350a,a0f6df009d3b8b9764dcea9e7501de04c3077f4bab9b4cde67b36bfb10b73666,0.505,0.685,0.487624045120297,0.017375954879703004,0.18000000000000005,True
order,Bengaluru,Asia,2,1.0,101357,136603,273206,2.0,2048,20261107,14b0651cfca28abeeaf0d20d3716368ce42c1fe854f269dbd0c166acb534350a,a0f6df009d3b8b9764dcea9e7501de04c3077f4bab9b4cde67b36bfb10b73666,0.5025000000000001,0.685,0.487624045120297,0.014875954879703057,0.1825,True
order,Bengaluru,Asia,2,1.0,101357,136603,273206,2.0,4096,20261107,14b0651cfca28abeeaf0d20d3716368ce42c1fe854f269dbd0c166acb534350a,a0f6df009d3b8b9764dcea9e7501de04c3077f4bab9b4cde67b36bfb10b73666,0.5025000000000001,0.685,0.487624045120297,0.014875954879703057,0.1825,True
order,Bogota,Latin America,1,1.0,40772,60476,120952,2.0,256,20261006,056404edeed982530e8ab1c46b857dcc7eeefa58a17bec075d1f486677f1d91e,af1ed8028a379c90eddbf433fa52997c3e0d380b3383fe1bf1cd840ac4aa43ae,0.47000000000000003,0.6525,0.4493951193413192,0.020604880658680824,0.18249999999999994,True
order,Bogota,Latin America,1,1.0,40772,60476,120952,2.0,512,20261006,056404edeed982530e8ab1c46b857dcc7eeefa58a17bec075d1f486677f1d91e,af1ed8028a379c90eddbf433fa52997c3e0d380b3383fe1bf1cd840ac4aa43ae,0.47000000000000003,0.6525,0.4493951193413192,0.020604880658680824,0.18249999999999994,True
order,Bogota,Latin America,1,1.0,40772,60476,120952,2.0,1024,20261006,056404edeed982530e8ab1c46b857dcc7eeefa58a17bec075d1f486677f1d91e,af1ed8028a379c90eddbf433fa52997c3e0d380b3383fe1bf1cd840ac4aa43ae,0.47000000000000003,0.6525,0.4493951193413192,0.020604880658680824,0.18249999999999994,True
order,Bogota,Latin America,1,1.0,40772,60476,120952,2.0,2048,20261006,056404edeed982530e8ab1c46b857dcc7eeefa58a17bec075d1f486677f1d91e,af1ed8028a379c90eddbf433fa52997c3e0d380b3383fe1bf1cd840ac4aa43ae,0.47000000000000003,0.6525,0.4493951193413192,0.020604880658680824,0.18249999999999994,True
order,Bogota,Latin America,1,1.0,40772,60476,120952,2.0,4096,20261006,056404edeed982530e8ab1c46b857dcc7eeefa58a17bec075d1f486677f1d91e,af1ed8028a379c90eddbf433fa52997c3e0d380b3383fe1bf1cd840ac4aa43ae,0.47000000000000003,0.6525,0.4493951193413192,0.020604880658680824,0.18249999999999994,True
order,Bogota,Latin America,2,1.0,40772,60476,120952,2.0,256,20261107,61a9711c14b7222770e379fe828edd2a070aec8153f92472e5e9ddce0733bdb4,af1ed8028a379c90eddbf433fa52997c3e0d380b3383fe1bf1cd840ac4aa43ae,0.47000000000000003,0.6525,0.4493951193413192,0.020604880658680824,0.18249999999999994,True
order,Bogota,Latin America,2,1.0,40772,60476,120952,2.0,512,20261107,61a9711c14b7222770e379fe828edd2a070aec8153f92472e5e9ddce0733bdb4,af1ed8028a379c90eddbf433fa52997c3e0d380b3383fe1bf1cd840ac4aa43ae,0.4675,0.6525,0.4493951193413192,0.018104880658680822,0.18499999999999994,True
order,Bogota,Latin America,2,1.0,40772,60476,120952,2.0,1024,20261107,61a9711c14b7222770e379fe828edd2a070aec8153f92472e5e9ddce0733bdb4,af1ed8028a379c90eddbf433fa52997c3e0d380b3383fe1bf1cd840ac4aa43ae,0.4675,0.6525,0.4493951193413192,0.018104880658680822,0.18499999999999994,True
order,Bogota,Latin America,2,1.0,40772,60476,120952,2.0,2048,20261107,61a9711c14b7222770e379fe828edd2a070aec8153f92472e5e9ddce0733bdb4,af1ed8028a379c90eddbf433fa52997c3e0d380b3383fe1bf1cd840ac4aa43ae,0.4675,0.6525,0.4493951193413192,0.018104880658680822,0.18499999999999994,True
order,Bogota,Latin America,2,1.0,40772,60476,120952,2.0,4096,20261107,61a9711c14b7222770e379fe828edd2a070aec8153f92472e5e9ddce0733bdb4,af1ed8028a379c90eddbf433fa52997c3e0d380b3383fe1bf1cd840ac4aa43ae,0.47000000000000003,0.6525,0.4493951193413192,0.020604880658680824,0.18249999999999994,True
order,Boston,North America,1,1.0,24819,35843,71686,2.0,256,20261006,3b04ac595230fcaacd5448e538edde2c481ee43bdf94c7fcd553736ed6ea79df,3f49fe2b28a080147e98804743f9221d89d877076448d4ea1df9b1b016de297f,0.4875,0.675,0.4629981269779758,0.024501873022024168,0.18750000000000006,True
order,Boston,North America,1,1.0,24819,35843,71686,2.0,512,20261006,3b04ac595230fcaacd5448e538edde2c481ee43bdf94c7fcd553736ed6ea79df,3f49fe2b28a080147e98804743f9221d89d877076448d4ea1df9b1b016de297f,0.4875,0.675,0.4629981269779758,0.024501873022024168,0.18750000000000006,True
order,Boston,North America,1,1.0,24819,35843,71686,2.0,1024,20261006,3b04ac595230fcaacd5448e538edde2c481ee43bdf94c7fcd553736ed6ea79df,3f49fe2b28a080147e98804743f9221d89d877076448d4ea1df9b1b016de297f,0.485,0.675,0.4629981269779758,0.022001873022024165,0.19000000000000006,True
order,Boston,North America,1,1.0,24819,35843,71686,2.0,2048,20261006,3b04ac595230fcaacd5448e538edde2c481ee43bdf94c7fcd553736ed6ea79df,3f49fe2b28a080147e98804743f9221d89d877076448d4ea1df9b1b016de297f,0.4875,0.675,0.4629981269779758,0.024501873022024168,0.18750000000000006,True
order,Boston,North America,1,1.0,24819,35843,71686,2.0,4096,20261006,3b04ac595230fcaacd5448e538edde2c481ee43bdf94c7fcd553736ed6ea79df,3f49fe2b28a080147e98804743f9221d89d877076448d4ea1df9b1b016de297f,0.4875,0.675,0.4629981269779758,0.024501873022024168,0.18750000000000006,True
order,Boston,North America,2,1.0,24819,35843,71686,2.0,256,20261107,c76e9122214b9ae04f055526883e3b4919d5c3cba4c6fdb04049a81e82655daf,3f49fe2b28a080147e98804743f9221d89d877076448d4ea1df9b1b016de297f,0.49,0.675,0.4629981269779758,0.02700187302202417,0.18500000000000005,True
order,Boston,North America,2,1.0,24819,35843,71686,2.0,512,20261107,c76e9122214b9ae04f055526883e3b4919d5c3cba4c6fdb04049a81e82655daf,3f49fe2b28a080147e98804743f9221d89d877076448d4ea1df9b1b016de297f,0.4875,0.675,0.4629981269779758,0.024501873022024168,0.18750000000000006,True
order,Boston,North America,2,1.0,24819,35843,71686,2.0,1024,20261107,c76e9122214b9ae04f055526883e3b4919d5c3cba4c6fdb04049a81e82655daf,3f49fe2b28a080147e98804743f9221d89d877076448d4ea1df9b1b016de297f,0.4875,0.675,0.4629981269779758,0.024501873022024168,0.18750000000000006,True
order,Boston,North America,2,1.0,24819,35843,71686,2.0,2048,20261107,c76e9122214b9ae04f055526883e3b4919d5c3cba4c6fdb04049a81e82655daf,3f49fe2b28a080147e98804743f9221d89d877076448d4ea1df9b1b016de297f,0.4875,0.675,0.4629981269779758,0.024501873022024168,0.18750000000000006,True
order,Boston,North America,2,1.0,24819,35843,71686,2.0,4096,20261107,c76e9122214b9ae04f055526883e3b4919d5c3cba4c6fdb04049a81e82655daf,3f49fe2b28a080147e98804743f9221d89d877076448d4ea1df9b1b016de297f,0.4875,0.675,0.4629981269779758,0.024501873022024168,0.18750000000000006,True
order,Brisbane,Oceania,1,1.0,25339,35174,70348,2.0,256,20261006,4c5437dffc8368565319e183a56434f9887532173719ea514dcbe474f9f31572,907fbb829f1aa4c98befee2700573198eaa9a4c68e262fbf67608530e4f8746c,0.515,0.71,0.4911197989388439,0.023880201061156126,0.19499999999999995,True
order,Brisbane,Oceania,1,1.0,25339,35174,70348,2.0,512,20261006,4c5437dffc8368565319e183a56434f9887532173719ea514dcbe474f9f31572,907fbb829f1aa4c98befee2700573198eaa9a4c68e262fbf67608530e4f8746c,0.515,0.71,0.4911197989388439,0.023880201061156126,0.19499999999999995,True
order,Brisbane,Oceania,1,1.0,25339,35174,70348,2.0,1024,20261006,4c5437dffc8368565319e183a56434f9887532173719ea514dcbe474f9f31572,907fbb829f1aa4c98befee2700573198eaa9a4c68e262fbf67608530e4f8746c,0.515,0.71,0.4911197989388439,0.023880201061156126,0.19499999999999995,True
order,Brisbane,Oceania,1,1.0,25339,35174,70348,2.0,2048,20261006,4c5437dffc8368565319e183a56434f9887532173719ea514dcbe474f9f31572,907fbb829f1aa4c98befee2700573198eaa9a4c68e262fbf67608530e4f8746c,0.515,0.71,0.4911197989388439,0.023880201061156126,0.19499999999999995,True
order,Brisbane,Oceania,1,1.0,25339,35174,70348,2.0,4096,20261006,4c5437dffc8368565319e183a56434f9887532173719ea514dcbe474f9f31572,907fbb829f1aa4c98befee2700573198eaa9a4c68e262fbf67608530e4f8746c,0.515,0.71,0.4911197989388439,0.023880201061156126,0.19499999999999995,True
order,Brisbane,Oceania,2,1.0,25339,35174,70348,2.0,256,20261107,cbd0f9c5b2f2be10c85a0ea429e31e891f531e78c66dd5da5fee088163bf530c,907fbb829f1aa4c98befee2700573198eaa9a4c68e262fbf67608530e4f8746c,0.5175,0.71,0.4911197989388439,0.026380201061156072,0.1925,True
order,Brisbane,Oceania,2,1.0,25339,35174,70348,2.0,512,20261107,cbd0f9c5b2f2be10c85a0ea429e31e891f531e78c66dd5da5fee088163bf530c,907fbb829f1aa4c98befee2700573198eaa9a4c68e262fbf67608530e4f8746c,0.5175,0.71,0.4911197989388439,0.026380201061156072,0.1925,True
order,Brisbane,Oceania,2,1.0,25339,35174,70348,2.0,1024,20261107,cbd0f9c5b2f2be10c85a0ea429e31e891f531e78c66dd5da5fee088163bf530c,907fbb829f1aa4c98befee2700573198eaa9a4c68e262fbf67608530e4f8746c,0.5175,0.71,0.4911197989388439,0.026380201061156072,0.1925,True
order,Brisbane,Oceania,2,1.0,25339,35174,70348,2.0,2048,20261107,cbd0f9c5b2f2be10c85a0ea429e31e891f531e78c66dd5da5fee088163bf530c,907fbb829f1aa4c98befee2700573198eaa9a4c68e262fbf67608530e4f8746c,0.5175,0.71,0.4911197989388439,0.026380201061156072,0.1925,True
order,Brisbane,Oceania,2,1.0,25339,35174,70348,2.0,4096,20261107,cbd0f9c5b2f2be10c85a0ea429e31e891f531e78c66dd5da5fee088163bf530c,907fbb829f1aa4c98befee2700573198eaa9a4c68e262fbf67608530e4f8746c,0.515,0.71,0.4911197989388439,0.023880201061156126,0.19499999999999995,True
order,Buenos Aires,Latin America,1,1.0,21642,37472,74944,2.0,256,20261006,ea833bb7a2618eec9b1f2a61196ed8ebd1cd4562082330249eb14cb292ef0953,d8ce99ca71d276c27121e7f9e4d804ba63fa0194bc1d8ed347d7b6a0b0c96c9d,0.4,0.555,0.3806157377781841,0.01938426222181594,0.15500000000000003,True
order,Buenos Aires,Latin America,1,1.0,21642,37472,74944,2.0,512,20261006,ea833bb7a2618eec9b1f2a61196ed8ebd1cd4562082330249eb14cb292ef0953,d8ce99ca71d276c27121e7f9e4d804ba63fa0194bc1d8ed347d7b6a0b0c96c9d,0.4,0.555,0.3806157377781841,0.01938426222181594,0.15500000000000003,True
order,Buenos Aires,Latin America,1,1.0,21642,37472,74944,2.0,1024,20261006,ea833bb7a2618eec9b1f2a61196ed8ebd1cd4562082330249eb14cb292ef0953,d8ce99ca71d276c27121e7f9e4d804ba63fa0194bc1d8ed347d7b6a0b0c96c9d,0.4,0.555,0.3806157377781841,0.01938426222181594,0.15500000000000003,True
order,Buenos Aires,Latin America,1,1.0,21642,37472,74944,2.0,2048,20261006,ea833bb7a2618eec9b1f2a61196ed8ebd1cd4562082330249eb14cb292ef0953,d8ce99ca71d276c27121e7f9e4d804ba63fa0194bc1d8ed347d7b6a0b0c96c9d,0.4025,0.555,0.3806157377781841,0.021884262221815942,0.15250000000000002,True
order,Buenos Aires,Latin America,1,1.0,21642,37472,74944,2.0,4096,20261006,ea833bb7a2618eec9b1f2a61196ed8ebd1cd4562082330249eb14cb292ef0953,d8ce99ca71d276c27121e7f9e4d804ba63fa0194bc1d8ed347d7b6a0b0c96c9d,0.4025,0.555,0.3806157377781841,0.021884262221815942,0.15250000000000002,True
order,Buenos Aires,Latin America,2,1.0,21642,37472,74944,2.0,256,20261107,5845e2746bd9f0805550005dab921308e7aa161197e9576940734c9f08283bbd,d8ce99ca71d276c27121e7f9e4d804ba63fa0194bc1d8ed347d7b6a0b0c96c9d,0.4025,0.555,0.3806157377781841,0.021884262221815942,0.15250000000000002,True
order,Buenos Aires,Latin America,2,1.0,21642,37472,74944,2.0,512,20261107,5845e2746bd9f0805550005dab921308e7aa161197e9576940734c9f08283bbd,d8ce99ca71d276c27121e7f9e4d804ba63fa0194bc1d8ed347d7b6a0b0c96c9d,0.4025,0.555,0.3806157377781841,0.021884262221815942,0.15250000000000002,True
order,Buenos Aires,Latin America,2,1.0,21642,37472,74944,2.0,1024,20261107,5845e2746bd9f0805550005dab921308e7aa161197e9576940734c9f08283bbd,d8ce99ca71d276c27121e7f9e4d804ba63fa0194bc1d8ed347d7b6a0b0c96c9d,0.4025,0.555,0.3806157377781841,0.021884262221815942,0.15250000000000002,True
order,Buenos Aires,Latin America,2,1.0,21642,37472,74944,2.0,2048,20261107,5845e2746bd9f0805550005dab921308e7aa161197e9576940734c9f08283bbd,d8ce99ca71d276c27121e7f9e4d804ba63fa0194bc1d8ed347d7b6a0b0c96c9d,0.4025,0.555,0.3806157377781841,0.021884262221815942,0.15250000000000002,True
order,Buenos Aires,Latin America,2,1.0,21642,37472,74944,2.0,4096,20261107,5845e2746bd9f0805550005dab921308e7aa161197e9576940734c9f08283bbd,d8ce99ca71d276c27121e7f9e4d804ba63fa0194bc1d8ed347d7b6a0b0c96c9d,0.4025,0.555,0.3806157377781841,0.021884262221815942,0.15250000000000002,True
order,Cairo,Africa,1,1.0,118235,163341,326682,2.0,256,20261006,a0f3dd0420b6545f7615c4a3e855022189aec6d67e0d36e451efd4682b9876cd,a597851df664ecd713b1ded810e9237f67f19a4fac3e3c8dbc5daa1e3c6a765e,0.505,0.6975,0.4905812814983452,0.014418718501654826,0.1925,True
order,Cairo,Africa,1,1.0,118235,163341,326682,2.0,512,20261006,a0f3dd0420b6545f7615c4a3e855022189aec6d67e0d36e451efd4682b9876cd,a597851df664ecd713b1ded810e9237f67f19a4fac3e3c8dbc5daa1e3c6a765e,0.505,0.6975,0.4905812814983452,0.014418718501654826,0.1925,True
order,Cairo,Africa,1,1.0,118235,163341,326682,2.0,1024,20261006,a0f3dd0420b6545f7615c4a3e855022189aec6d67e0d36e451efd4682b9876cd,a597851df664ecd713b1ded810e9237f67f19a4fac3e3c8dbc5daa1e3c6a765e,0.505,0.6975,0.4905812814983452,0.014418718501654826,0.1925,True
order,Cairo,Africa,1,1.0,118235,163341,326682,2.0,2048,20261006,a0f3dd0420b6545f7615c4a3e855022189aec6d67e0d36e451efd4682b9876cd,a597851df664ecd713b1ded810e9237f67f19a4fac3e3c8dbc5daa1e3c6a765e,0.505,0.6975,0.4905812814983452,0.014418718501654826,0.1925,True
order,Cairo,Africa,1,1.0,118235,163341,326682,2.0,4096,20261006,a0f3dd0420b6545f7615c4a3e855022189aec6d67e0d36e451efd4682b9876cd,a597851df664ecd713b1ded810e9237f67f19a4fac3e3c8dbc5daa1e3c6a765e,0.505,0.6975,0.4905812814983452,0.014418718501654826,0.1925,True
order,Cairo,Africa,2,1.0,118235,163341,326682,2.0,256,20261107,4b70d997fede5eba1f4f2463eb1c6793b59357c38d2707aedc376df1b85c14f0,a597851df664ecd713b1ded810e9237f67f19a4fac3e3c8dbc5daa1e3c6a765e,0.505,0.6975,0.4905812814983452,0.014418718501654826,0.1925,True
order,Cairo,Africa,2,1.0,118235,163341,326682,2.0,512,20261107,4b70d997fede5eba1f4f2463eb1c6793b59357c38d2707aedc376df1b85c14f0,a597851df664ecd713b1ded810e9237f67f19a4fac3e3c8dbc5daa1e3c6a765e,0.5075000000000001,0.6975,0.4905812814983452,0.016918718501654884,0.18999999999999995,True
order,Cairo,Africa,2,1.0,118235,163341,326682,2.0,1024,20261107,4b70d997fede5eba1f4f2463eb1c6793b59357c38d2707aedc376df1b85c14f0,a597851df664ecd713b1ded810e9237f67f19a4fac3e3c8dbc5daa1e3c6a765e,0.5075000000000001,0.6975,0.4905812814983452,0.016918718501654884,0.18999999999999995,True
order,Cairo,Africa,2,1.0,118235,163341,326682,2.0,2048,20261107,4b70d997fede5eba1f4f2463eb1c6793b59357c38d2707aedc376df1b85c14f0,a597851df664ecd713b1ded810e9237f67f19a4fac3e3c8dbc5daa1e3c6a765e,0.505,0.6975,0.4905812814983452,0.014418718501654826,0.1925,True
order,Cairo,Africa,2,1.0,118235,163341,326682,2.0,4096,20261107,4b70d997fede5eba1f4f2463eb1c6793b59357c38d2707aedc376df1b85c14f0,a597851df664ecd713b1ded810e9237f67f19a4fac3e3c8dbc5daa1e3c6a765e,0.505,0.6975,0.4905812814983452,0.014418718501654826,0.1925,True
order,Chennai,Asia,1,1.0,42444,56880,113760,2.0,256,20261006,25d5addaf04e1ec41269161b91171b5d56bf62d1d1e312b8935537e9e5609cfb,66717a5c6de7d020505851f74ec18faf30ca24b194c9e8457031ed4fa4de89fc,0.5225,0.7225,0.498448919501551,0.02405108049844895,0.20000000000000007,True
order,Chennai,Asia,1,1.0,42444,56880,113760,2.0,512,20261006,25d5addaf04e1ec41269161b91171b5d56bf62d1d1e312b8935537e9e5609cfb,66717a5c6de7d020505851f74ec18faf30ca24b194c9e8457031ed4fa4de89fc,0.52,0.7225,0.498448919501551,0.021551080498449005,0.2025,True
order,Chennai,Asia,1,1.0,42444,56880,113760,2.0,1024,20261006,25d5addaf04e1ec41269161b91171b5d56bf62d1d1e312b8935537e9e5609cfb,66717a5c6de7d020505851f74ec18faf30ca24b194c9e8457031ed4fa4de89fc,0.52,0.7225,0.498448919501551,0.021551080498449005,0.2025,True
order,Chennai,Asia,1,1.0,42444,56880,113760,2.0,2048,20261006,25d5addaf04e1ec41269161b91171b5d56bf62d1d1e312b8935537e9e5609cfb,66717a5c6de7d020505851f74ec18faf30ca24b194c9e8457031ed4fa4de89fc,0.52,0.7225,0.498448919501551,0.021551080498449005,0.2025,True
order,Chennai,Asia,1,1.0,42444,56880,113760,2.0,4096,20261006,25d5addaf04e1ec41269161b91171b5d56bf62d1d1e312b8935537e9e5609cfb,66717a5c6de7d020505851f74ec18faf30ca24b194c9e8457031ed4fa4de89fc,0.52,0.7225,0.498448919501551,0.021551080498449005,0.2025,True
order,Chennai,Asia,2,1.0,42444,56880,113760,2.0,256,20261107,24ab5918e9a7747ccc83b9c25f103e0cc7df203f371129d6c0ca43d7e5226410,66717a5c6de7d020505851f74ec18faf30ca24b194c9e8457031ed4fa4de89fc,0.5175,0.7225,0.498448919501551,0.019051080498448947,0.20500000000000007,True
order,Chennai,Asia,2,1.0,42444,56880,113760,2.0,512,20261107,24ab5918e9a7747ccc83b9c25f103e0cc7df203f371129d6c0ca43d7e5226410,66717a5c6de7d020505851f74ec18faf30ca24b194c9e8457031ed4fa4de89fc,0.52,0.7225,0.498448919501551,0.021551080498449005,0.2025,True
order,Chennai,Asia,2,1.0,42444,56880,113760,2.0,1024,20261107,24ab5918e9a7747ccc83b9c25f103e0cc7df203f371129d6c0ca43d7e5226410,66717a5c6de7d020505851f74ec18faf30ca24b194c9e8457031ed4fa4de89fc,0.5175,0.7225,0.498448919501551,0.019051080498448947,0.20500000000000007,True
order,Chennai,Asia,2,1.0,42444,56880,113760,2.0,2048,20261107,24ab5918e9a7747ccc83b9c25f103e0cc7df203f371129d6c0ca43d7e5226410,66717a5c6de7d020505851f74ec18faf30ca24b194c9e8457031ed4fa4de89fc,0.52,0.7225,0.498448919501551,0.021551080498449005,0.2025,True
order,Chennai,Asia,2,1.0,42444,56880,113760,2.0,4096,20261107,24ab5918e9a7747ccc83b9c25f103e0cc7df203f371129d6c0ca43d7e5226410,66717a5c6de7d020505851f74ec18faf30ca24b194c9e8457031ed4fa4de89fc,0.52,0.7225,0.498448919501551,0.021551080498449005,0.2025,True
order,Chicago,North America,1,1.0,13260,21830,43660,2.0,256,20261006,012d937ce687d14b5bf379ba50226dab93e0b1088b6884069bc47a4f6478d23a,ca354ea5d5c58310436730e566c4a8ee2f95582c7db7b8d88e844c119cf6bb06,0.42,0.6,0.3959947031400221,0.024005296859977876,0.18,True
order,Chicago,North America,1,1.0,13260,21830,43660,2.0,512,20261006,012d937ce687d14b5bf379ba50226dab93e0b1088b6884069bc47a4f6478d23a,ca354ea5d5c58310436730e566c4a8ee2f95582c7db7b8d88e844c119cf6bb06,0.42,0.6,0.3959947031400221,0.024005296859977876,0.18,True
order,Chicago,North America,1,1.0,13260,21830,43660,2.0,1024,20261006,012d937ce687d14b5bf379ba50226dab93e0b1088b6884069bc47a4f6478d23a,ca354ea5d5c58310436730e566c4a8ee2f95582c7db7b8d88e844c119cf6bb06,0.42,0.6,0.3959947031400221,0.024005296859977876,0.18,True
order,Chicago,North America,1,1.0,13260,21830,43660,2.0,2048,20261006,012d937ce687d14b5bf379ba50226dab93e0b1088b6884069bc47a4f6478d23a,ca354ea5d5c58310436730e566c4a8ee2f95582c7db7b8d88e844c119cf6bb06,0.42,0.6,0.3959947031400221,0.024005296859977876,0.18,True
order,Chicago,North America,1,1.0,13260,21830,43660,2.0,4096,20261006,012d937ce687d14b5bf379ba50226dab93e0b1088b6884069bc47a4f6478d23a,ca354ea5d5c58310436730e566c4a8ee2f95582c7db7b8d88e844c119cf6bb06,0.42,0.6,0.3959947031400221,0.024005296859977876,0.18,True
order,Chicago,North America,2,1.0,13260,21830,43660,2.0,256,20261107,2435978fd1400d1a1eeb3adfae36c1007f242bc31a021b0111bb55a976c11b7d,ca354ea5d5c58310436730e566c4a8ee2f95582c7db7b8d88e844c119cf6bb06,0.4225,0.6,0.3959947031400221,0.026505296859977878,0.1775,True
order,Chicago,North America,2,1.0,13260,21830,43660,2.0,512,20261107,2435978fd1400d1a1eeb3adfae36c1007f242bc31a021b0111bb55a976c11b7d,ca354ea5d5c58310436730e566c4a8ee2f95582c7db7b8d88e844c119cf6bb06,0.42,0.6,0.3959947031400221,0.024005296859977876,0.18,True
order,Chicago,North America,2,1.0,13260,21830,43660,2.0,1024,20261107,2435978fd1400d1a1eeb3adfae36c1007f242bc31a021b0111bb55a976c11b7d,ca354ea5d5c58310436730e566c4a8ee2f95582c7db7b8d88e844c119cf6bb06,0.4225,0.6,0.3959947031400221,0.026505296859977878,0.1775,True
order,Chicago,North America,2,1.0,13260,21830,43660,2.0,2048,20261107,2435978fd1400d1a1eeb3adfae36c1007f242bc31a021b0111bb55a976c11b7d,ca354ea5d5c58310436730e566c4a8ee2f95582c7db7b8d88e844c119cf6bb06,0.4225,0.6,0.3959947031400221,0.026505296859977878,0.1775,True
order,Chicago,North America,2,1.0,13260,21830,43660,2.0,4096,20261107,2435978fd1400d1a1eeb3adfae36c1007f242bc31a021b0111bb55a976c11b7d,ca354ea5d5c58310436730e566c4a8ee2f95582c7db7b8d88e844c119cf6bb06,0.4225,0.6,0.3959947031400221,0.026505296859977878,0.1775,True
order,Delhi,Asia,1,1.0,59302,85866,171732,2.0,256,20261006,318388a14015d21cf673878a20b37c6932652909be837a88f832c2cabe039374,23d399cc9637b658a1a8e667fa96778a68c008d6e6a721f2c0be0a28799ca8cf,0.485,0.6975,0.4689645379225219,0.01603546207747808,0.21250000000000002,True
order,Delhi,Asia,1,1.0,59302,85866,171732,2.0,512,20261006,318388a14015d21cf673878a20b37c6932652909be837a88f832c2cabe039374,23d399cc9637b658a1a8e667fa96778a68c008d6e6a721f2c0be0a28799ca8cf,0.485,0.6975,0.4689645379225219,0.01603546207747808,0.21250000000000002,True
order,Delhi,Asia,1,1.0,59302,85866,171732,2.0,1024,20261006,318388a14015d21cf673878a20b37c6932652909be837a88f832c2cabe039374,23d399cc9637b658a1a8e667fa96778a68c008d6e6a721f2c0be0a28799ca8cf,0.485,0.6975,0.4689645379225219,0.01603546207747808,0.21250000000000002,True
order,Delhi,Asia,1,1.0,59302,85866,171732,2.0,2048,20261006,318388a14015d21cf673878a20b37c6932652909be837a88f832c2cabe039374,23d399cc9637b658a1a8e667fa96778a68c008d6e6a721f2c0be0a28799ca8cf,0.485,0.6975,0.4689645379225219,0.01603546207747808,0.21250000000000002,True
order,Delhi,Asia,1,1.0,59302,85866,171732,2.0,4096,20261006,318388a14015d21cf673878a20b37c6932652909be837a88f832c2cabe039374,23d399cc9637b658a1a8e667fa96778a68c008d6e6a721f2c0be0a28799ca8cf,0.4875,0.6975,0.4689645379225219,0.018535462077478082,0.21000000000000002,True
order,Delhi,Asia,2,1.0,59302,85866,171732,2.0,256,20261107,d1e321c4a2a582dd3ab73a47bb7a5d26637d10af6197afe290d5f534a0342725,23d399cc9637b658a1a8e667fa96778a68c008d6e6a721f2c0be0a28799ca8cf,0.4875,0.6975,0.4689645379225219,0.018535462077478082,0.21000000000000002,True
order,Delhi,Asia,2,1.0,59302,85866,171732,2.0,512,20261107,d1e321c4a2a582dd3ab73a47bb7a5d26637d10af6197afe290d5f534a0342725,23d399cc9637b658a1a8e667fa96778a68c008d6e6a721f2c0be0a28799ca8cf,0.4875,0.6975,0.4689645379225219,0.018535462077478082,0.21000000000000002,True
order,Delhi,Asia,2,1.0,59302,85866,171732,2.0,1024,20261107,d1e321c4a2a582dd3ab73a47bb7a5d26637d10af6197afe290d5f534a0342725,23d399cc9637b658a1a8e667fa96778a68c008d6e6a721f2c0be0a28799ca8cf,0.4875,0.6975,0.4689645379225219,0.018535462077478082,0.21000000000000002,True
order,Delhi,Asia,2,1.0,59302,85866,171732,2.0,2048,20261107,d1e321c4a2a582dd3ab73a47bb7a5d26637d10af6197afe290d5f534a0342725,23d399cc9637b658a1a8e667fa96778a68c008d6e6a721f2c0be0a28799ca8cf,0.485,0.6975,0.4689645379225219,0.01603546207747808,0.21250000000000002,True
order,Delhi,Asia,2,1.0,59302,85866,171732,2.0,4096,20261107,d1e321c4a2a582dd3ab73a47bb7a5d26637d10af6197afe290d5f534a0342725,23d399cc9637b658a1a8e667fa96778a68c008d6e6a721f2c0be0a28799ca8cf,0.485,0.6975,0.4689645379225219,0.01603546207747808,0.21250000000000002,True
order,Dubai,Middle East,1,1.0,15724,22720,45440,2.0,256,20261006,f6aced71b389da01a1bb641654d94c0952e457e3f1378e79db7ab73fcfb86cd2,dadf9d9d1fc57543c4154f08e806fdea0a532565f5865fe1a9e2e141422400a9,0.52,0.7000000000000001,0.4908611675236571,0.029138832476342913,0.18000000000000005,True
order,Dubai,Middle East,1,1.0,15724,22720,45440,2.0,512,20261006,f6aced71b389da01a1bb641654d94c0952e457e3f1378e79db7ab73fcfb86cd2,dadf9d9d1fc57543c4154f08e806fdea0a532565f5865fe1a9e2e141422400a9,0.52,0.7000000000000001,0.4908611675236571,0.029138832476342913,0.18000000000000005,True
order,Dubai,Middle East,1,1.0,15724,22720,45440,2.0,1024,20261006,f6aced71b389da01a1bb641654d94c0952e457e3f1378e79db7ab73fcfb86cd2,dadf9d9d1fc57543c4154f08e806fdea0a532565f5865fe1a9e2e141422400a9,0.5175,0.7000000000000001,0.4908611675236571,0.026638832476342855,0.1825000000000001,True
order,Dubai,Middle East,1,1.0,15724,22720,45440,2.0,2048,20261006,f6aced71b389da01a1bb641654d94c0952e457e3f1378e79db7ab73fcfb86cd2,dadf9d9d1fc57543c4154f08e806fdea0a532565f5865fe1a9e2e141422400a9,0.5175,0.7000000000000001,0.4908611675236571,0.026638832476342855,0.1825000000000001,True
order,Dubai,Middle East,1,1.0,15724,22720,45440,2.0,4096,20261006,f6aced71b389da01a1bb641654d94c0952e457e3f1378e79db7ab73fcfb86cd2,dadf9d9d1fc57543c4154f08e806fdea0a532565f5865fe1a9e2e141422400a9,0.5175,0.7000000000000001,0.4908611675236571,0.026638832476342855,0.1825000000000001,True
order,Dubai,Middle East,2,1.0,15724,22720,45440,2.0,256,20261107,7b5f7710cab48a75c9f91a713357b0bec933326e8cea18a34f35c9d54b88fc5a,dadf9d9d1fc57543c4154f08e806fdea0a532565f5865fe1a9e2e141422400a9,0.515,0.7000000000000001,0.4908611675236571,0.02413883247634291,0.18500000000000005,True
order,Dubai,Middle East,2,1.0,15724,22720,45440,2.0,512,20261107,7b5f7710cab48a75c9f91a713357b0bec933326e8cea18a34f35c9d54b88fc5a,dadf9d9d1fc57543c4154f08e806fdea0a532565f5865fe1a9e2e141422400a9,0.5175,0.7000000000000001,0.4908611675236571,0.026638832476342855,0.1825000000000001,True
order,Dubai,Middle East,2,1.0,15724,22720,45440,2.0,1024,20261107,7b5f7710cab48a75c9f91a713357b0bec933326e8cea18a34f35c9d54b88fc5a,dadf9d9d1fc57543c4154f08e806fdea0a532565f5865fe1a9e2e141422400a9,0.515,0.7000000000000001,0.4908611675236571,0.02413883247634291,0.18500000000000005,True
order,Dubai,Middle East,2,1.0,15724,22720,45440,2.0,2048,20261107,7b5f7710cab48a75c9f91a713357b0bec933326e8cea18a34f35c9d54b88fc5a,dadf9d9d1fc57543c4154f08e806fdea0a532565f5865fe1a9e2e141422400a9,0.5175,0.7000000000000001,0.4908611675236571,0.026638832476342855,0.1825000000000001,True
order,Dubai,Middle East,2,1.0,15724,22720,45440,2.0,4096,20261107,7b5f7710cab48a75c9f91a713357b0bec933326e8cea18a34f35c9d54b88fc5a,dadf9d9d1fc57543c4154f08e806fdea0a532565f5865fe1a9e2e141422400a9,0.5175,0.7000000000000001,0.4908611675236571,0.026638832476342855,0.1825000000000001,True
order,Istanbul,Middle East,1,1.0,48682,72909,145818,2.0,256,20261006,ca459e0959ab85975a6d58db00e0f5f50df03a29a211444d46241b4fce2f0c4f,4b4b92b7dd9735ab0f1d386f45a3a67329a0874144b6999adee75ea8063a2e56,0.48,0.675,0.4613033850047454,0.0186966149952546,0.19500000000000006,True
order,Istanbul,Middle East,1,1.0,48682,72909,145818,2.0,512,20261006,ca459e0959ab85975a6d58db00e0f5f50df03a29a211444d46241b4fce2f0c4f,4b4b92b7dd9735ab0f1d386f45a3a67329a0874144b6999adee75ea8063a2e56,0.48,0.675,0.4613033850047454,0.0186966149952546,0.19500000000000006,True
order,Istanbul,Middle East,1,1.0,48682,72909,145818,2.0,1024,20261006,ca459e0959ab85975a6d58db00e0f5f50df03a29a211444d46241b4fce2f0c4f,4b4b92b7dd9735ab0f1d386f45a3a67329a0874144b6999adee75ea8063a2e56,0.48,0.675,0.4613033850047454,0.0186966149952546,0.19500000000000006,True
order,Istanbul,Middle East,1,1.0,48682,72909,145818,2.0,2048,20261006,ca459e0959ab85975a6d58db00e0f5f50df03a29a211444d46241b4fce2f0c4f,4b4b92b7dd9735ab0f1d386f45a3a67329a0874144b6999adee75ea8063a2e56,0.48,0.675,0.4613033850047454,0.0186966149952546,0.19500000000000006,True
order,Istanbul,Middle East,1,1.0,48682,72909,145818,2.0,4096,20261006,ca459e0959ab85975a6d58db00e0f5f50df03a29a211444d46241b4fce2f0c4f,4b4b92b7dd9735ab0f1d386f45a3a67329a0874144b6999adee75ea8063a2e56,0.48,0.675,0.4613033850047454,0.0186966149952546,0.19500000000000006,True
order,Istanbul,Middle East,2,1.0,48682,72909,145818,2.0,256,20261107,ed58afbce22d14474e11ef46555a82e88e506556b114bb3555e941bc66b55c66,4b4b92b7dd9735ab0f1d386f45a3a67329a0874144b6999adee75ea8063a2e56,0.4825,0.675,0.4613033850047454,0.021196614995254603,0.19250000000000006,True
order,Istanbul,Middle East,2,1.0,48682,72909,145818,2.0,512,20261107,ed58afbce22d14474e11ef46555a82e88e506556b114bb3555e941bc66b55c66,4b4b92b7dd9735ab0f1d386f45a3a67329a0874144b6999adee75ea8063a2e56,0.4825,0.675,0.4613033850047454,0.021196614995254603,0.19250000000000006,True
order,Istanbul,Middle East,2,1.0,48682,72909,145818,2.0,1024,20261107,ed58afbce22d14474e11ef46555a82e88e506556b114bb3555e941bc66b55c66,4b4b92b7dd9735ab0f1d386f45a3a67329a0874144b6999adee75ea8063a2e56,0.48,0.675,0.4613033850047454,0.0186966149952546,0.19500000000000006,True
order,Istanbul,Middle East,2,1.0,48682,72909,145818,2.0,2048,20261107,ed58afbce22d14474e11ef46555a82e88e506556b114bb3555e941bc66b55c66,4b4b92b7dd9735ab0f1d386f45a3a67329a0874144b6999adee75ea8063a2e56,0.48,0.675,0.4613033850047454,0.0186966149952546,0.19500000000000006,True
order,Istanbul,Middle East,2,1.0,48682,72909,145818,2.0,4096,20261107,ed58afbce22d14474e11ef46555a82e88e506556b114bb3555e941bc66b55c66,4b4b92b7dd9735ab0f1d386f45a3a67329a0874144b6999adee75ea8063a2e56,0.48,0.675,0.4613033850047454,0.0186966149952546,0.19500000000000006,True
order,Lima,Latin America,1,1.0,49410,75796,151592,2.0,256,20261006,6926efd83e0652d4524ef44d83ae79d228be1d1c6d7d492cf4c609701074a814,bda100542d14e90b64b4f15a13af02bdf7f44b5fc91809b2bd3de33c98d65b69,0.4575,0.645,0.4428345242198864,0.014665475780113624,0.1875,True
order,Lima,Latin America,1,1.0,49410,75796,151592,2.0,512,20261006,6926efd83e0652d4524ef44d83ae79d228be1d1c6d7d492cf4c609701074a814,bda100542d14e90b64b4f15a13af02bdf7f44b5fc91809b2bd3de33c98d65b69,0.4575,0.645,0.4428345242198864,0.014665475780113624,0.1875,True
order,Lima,Latin America,1,1.0,49410,75796,151592,2.0,1024,20261006,6926efd83e0652d4524ef44d83ae79d228be1d1c6d7d492cf4c609701074a814,bda100542d14e90b64b4f15a13af02bdf7f44b5fc91809b2bd3de33c98d65b69,0.46,0.645,0.4428345242198864,0.017165475780113626,0.185,True
order,Lima,Latin America,1,1.0,49410,75796,151592,2.0,2048,20261006,6926efd83e0652d4524ef44d83ae79d228be1d1c6d7d492cf4c609701074a814,bda100542d14e90b64b4f15a13af02bdf7f44b5fc91809b2bd3de33c98d65b69,0.46,0.645,0.4428345242198864,0.017165475780113626,0.185,True
order,Lima,Latin America,1,1.0,49410,75796,151592,2.0,4096,20261006,6926efd83e0652d4524ef44d83ae79d228be1d1c6d7d492cf4c609701074a814,bda100542d14e90b64b4f15a13af02bdf7f44b5fc91809b2bd3de33c98d65b69,0.46,0.645,0.4428345242198864,0.017165475780113626,0.185,True
order,Lima,Latin America,2,1.0,49410,75796,151592,2.0,256,20261107,7540be806d8f789b905f70a0000c938c3d7fbb63969e4e422c73ed9fcb23cefe,bda100542d14e90b64b4f15a13af02bdf7f44b5fc91809b2bd3de33c98d65b69,0.4625,0.645,0.4428345242198864,0.019665475780113628,0.1825,True
order,Lima,Latin America,2,1.0,49410,75796,151592,2.0,512,20261107,7540be806d8f789b905f70a0000c938c3d7fbb63969e4e422c73ed9fcb23cefe,bda100542d14e90b64b4f15a13af02bdf7f44b5fc91809b2bd3de33c98d65b69,0.4625,0.645,0.4428345242198864,0.019665475780113628,0.1825,True
order,Lima,Latin America,2,1.0,49410,75796,151592,2.0,1024,20261107,7540be806d8f789b905f70a0000c938c3d7fbb63969e4e422c73ed9fcb23cefe,bda100542d14e90b64b4f15a13af02bdf7f44b5fc91809b2bd3de33c98d65b69,0.4625,0.645,0.4428345242198864,0.019665475780113628,0.1825,True
order,Lima,Latin America,2,1.0,49410,75796,151592,2.0,2048,20261107,7540be806d8f789b905f70a0000c938c3d7fbb63969e4e422c73ed9fcb23cefe,bda100542d14e90b64b4f15a13af02bdf7f44b5fc91809b2bd3de33c98d65b69,0.46,0.645,0.4428345242198864,0.017165475780113626,0.185,True
order,Lima,Latin America,2,1.0,49410,75796,151592,2.0,4096,20261107,7540be806d8f789b905f70a0000c938c3d7fbb63969e4e422c73ed9fcb23cefe,bda100542d14e90b64b4f15a13af02bdf7f44b5fc91809b2bd3de33c98d65b69,0.46,0.645,0.4428345242198864,0.017165475780113626,0.185,True
order,Lisbon,Europe,1,1.0,26686,36745,73490,2.0,256,20261006,de388eb363a131dd8375f37fd689716feba1e395788fea06b43b472cffca958c,540eef8d47f8f8a70bf47b771a05c8c379190c6a0a9c07c79aa1f0ad7b74e596,0.515,0.715,0.4955161486076462,0.019483851392353813,0.19999999999999996,True
order,Lisbon,Europe,1,1.0,26686,36745,73490,2.0,512,20261006,de388eb363a131dd8375f37fd689716feba1e395788fea06b43b472cffca958c,540eef8d47f8f8a70bf47b771a05c8c379190c6a0a9c07c79aa1f0ad7b74e596,0.5175,0.715,0.4955161486076462,0.02198385139235376,0.1975,True
order,Lisbon,Europe,1,1.0,26686,36745,73490,2.0,1024,20261006,de388eb363a131dd8375f37fd689716feba1e395788fea06b43b472cffca958c,540eef8d47f8f8a70bf47b771a05c8c379190c6a0a9c07c79aa1f0ad7b74e596,0.5175,0.715,0.4955161486076462,0.02198385139235376,0.1975,True
order,Lisbon,Europe,1,1.0,26686,36745,73490,2.0,2048,20261006,de388eb363a131dd8375f37fd689716feba1e395788fea06b43b472cffca958c,540eef8d47f8f8a70bf47b771a05c8c379190c6a0a9c07c79aa1f0ad7b74e596,0.5175,0.715,0.4955161486076462,0.02198385139235376,0.1975,True
order,Lisbon,Europe,1,1.0,26686,36745,73490,2.0,4096,20261006,de388eb363a131dd8375f37fd689716feba1e395788fea06b43b472cffca958c,540eef8d47f8f8a70bf47b771a05c8c379190c6a0a9c07c79aa1f0ad7b74e596,0.5175,0.715,0.4955161486076462,0.02198385139235376,0.1975,True
order,Lisbon,Europe,2,1.0,26686,36745,73490,2.0,256,20261107,85203eb907f7e89b3f3fe0270cfcf8cccc19a06cedd15df75c503ce9fd19248d,540eef8d47f8f8a70bf47b771a05c8c379190c6a0a9c07c79aa1f0ad7b74e596,0.52,0.715,0.4955161486076462,0.024483851392353817,0.19499999999999995,True
order,Lisbon,Europe,2,1.0,26686,36745,73490,2.0,512,20261107,85203eb907f7e89b3f3fe0270cfcf8cccc19a06cedd15df75c503ce9fd19248d,540eef8d47f8f8a70bf47b771a05c8c379190c6a0a9c07c79aa1f0ad7b74e596,0.52,0.715,0.4955161486076462,0.024483851392353817,0.19499999999999995,True
order,Lisbon,Europe,2,1.0,26686,36745,73490,2.0,1024,20261107,85203eb907f7e89b3f3fe0270cfcf8cccc19a06cedd15df75c503ce9fd19248d,540eef8d47f8f8a70bf47b771a05c8c379190c6a0a9c07c79aa1f0ad7b74e596,0.5175,0.715,0.4955161486076462,0.02198385139235376,0.1975,True
order,Lisbon,Europe,2,1.0,26686,36745,73490,2.0,2048,20261107,85203eb907f7e89b3f3fe0270cfcf8cccc19a06cedd15df75c503ce9fd19248d,540eef8d47f8f8a70bf47b771a05c8c379190c6a0a9c07c79aa1f0ad7b74e596,0.52,0.715,0.4955161486076462,0.024483851392353817,0.19499999999999995,True
order,Lisbon,Europe,2,1.0,26686,36745,73490,2.0,4096,20261107,85203eb907f7e89b3f3fe0270cfcf8cccc19a06cedd15df75c503ce9fd19248d,540eef8d47f8f8a70bf47b771a05c8c379190c6a0a9c07c79aa1f0ad7b74e596,0.52,0.715,0.4955161486076462,0.024483851392353817,0.19499999999999995,True
order,Los Angeles,North America,1,1.0,22280,34611,69222,2.0,256,20261006,9ae49c220982503f78b42cbdd81be2e00772572be077886171118dc49d581c62,7493c59fdc3e036aa52decec7831e3ae1ab566fbb4fc42cc6df08c847970fa4e,0.4525,0.6025,0.4249303262083952,0.0275696737916048,0.15000000000000002,True
order,Los Angeles,North America,1,1.0,22280,34611,69222,2.0,512,20261006,9ae49c220982503f78b42cbdd81be2e00772572be077886171118dc49d581c62,7493c59fdc3e036aa52decec7831e3ae1ab566fbb4fc42cc6df08c847970fa4e,0.45,0.6025,0.4249303262083952,0.025069673791604796,0.15250000000000002,True
order,Los Angeles,North America,1,1.0,22280,34611,69222,2.0,1024,20261006,9ae49c220982503f78b42cbdd81be2e00772572be077886171118dc49d581c62,7493c59fdc3e036aa52decec7831e3ae1ab566fbb4fc42cc6df08c847970fa4e,0.4475,0.6025,0.4249303262083952,0.022569673791604794,0.15500000000000003,True
order,Los Angeles,North America,1,1.0,22280,34611,69222,2.0,2048,20261006,9ae49c220982503f78b42cbdd81be2e00772572be077886171118dc49d581c62,7493c59fdc3e036aa52decec7831e3ae1ab566fbb4fc42cc6df08c847970fa4e,0.4475,0.6025,0.4249303262083952,0.022569673791604794,0.15500000000000003,True
order,Los Angeles,North America,1,1.0,22280,34611,69222,2.0,4096,20261006,9ae49c220982503f78b42cbdd81be2e00772572be077886171118dc49d581c62,7493c59fdc3e036aa52decec7831e3ae1ab566fbb4fc42cc6df08c847970fa4e,0.4475,0.6025,0.4249303262083952,0.022569673791604794,0.15500000000000003,True
order,Los Angeles,North America,2,1.0,22280,34611,69222,2.0,256,20261107,1e8f3a863a140269fbf96a216b5d4f1e19d8ad59b9a7d01405738d2b667bb912,7493c59fdc3e036aa52decec7831e3ae1ab566fbb4fc42cc6df08c847970fa4e,0.45,0.6025,0.4249303262083952,0.025069673791604796,0.15250000000000002,True
order,Los Angeles,North America,2,1.0,22280,34611,69222,2.0,512,20261107,1e8f3a863a140269fbf96a216b5d4f1e19d8ad59b9a7d01405738d2b667bb912,7493c59fdc3e036aa52decec7831e3ae1ab566fbb4fc42cc6df08c847970fa4e,0.45,0.6025,0.4249303262083952,0.025069673791604796,0.15250000000000002,True
order,Los Angeles,North America,2,1.0,22280,34611,69222,2.0,1024,20261107,1e8f3a863a140269fbf96a216b5d4f1e19d8ad59b9a7d01405738d2b667bb912,7493c59fdc3e036aa52decec7831e3ae1ab566fbb4fc42cc6df08c847970fa4e,0.4475,0.6025,0.4249303262083952,0.022569673791604794,0.15500000000000003,True
order,Los Angeles,North America,2,1.0,22280,34611,69222,2.0,2048,20261107,1e8f3a863a140269fbf96a216b5d4f1e19d8ad59b9a7d01405738d2b667bb912,7493c59fdc3e036aa52decec7831e3ae1ab566fbb4fc42cc6df08c847970fa4e,0.4475,0.6025,0.4249303262083952,0.022569673791604794,0.15500000000000003,True
order,Los Angeles,North America,2,1.0,22280,34611,69222,2.0,4096,20261107,1e8f3a863a140269fbf96a216b5d4f1e19d8ad59b9a7d01405738d2b667bb912,7493c59fdc3e036aa52decec7831e3ae1ab566fbb4fc42cc6df08c847970fa4e,0.4475,0.6025,0.4249303262083952,0.022569673791604794,0.15500000000000003,True
order,Melbourne,Oceania,1,1.0,35052,51621,103242,2.0,256,20261006,902e6665b5c9c00934f48d0540b15db6c70955134bd08a2b6ce278255d48354a,1d67e580bc1dba1dafec23fedcfcce1c285cdcc1728e30c8048fe94e7f5018a6,0.49,0.705,0.4686087256486138,0.021391274351386214,0.21499999999999997,True
order,Melbourne,Oceania,1,1.0,35052,51621,103242,2.0,512,20261006,902e6665b5c9c00934f48d0540b15db6c70955134bd08a2b6ce278255d48354a,1d67e580bc1dba1dafec23fedcfcce1c285cdcc1728e30c8048fe94e7f5018a6,0.49,0.705,0.4686087256486138,0.021391274351386214,0.21499999999999997,True
order,Melbourne,Oceania,1,1.0,35052,51621,103242,2.0,1024,20261006,902e6665b5c9c00934f48d0540b15db6c70955134bd08a2b6ce278255d48354a,1d67e580bc1dba1dafec23fedcfcce1c285cdcc1728e30c8048fe94e7f5018a6,0.49,0.705,0.4686087256486138,0.021391274351386214,0.21499999999999997,True
order,Melbourne,Oceania,1,1.0,35052,51621,103242,2.0,2048,20261006,902e6665b5c9c00934f48d0540b15db6c70955134bd08a2b6ce278255d48354a,1d67e580bc1dba1dafec23fedcfcce1c285cdcc1728e30c8048fe94e7f5018a6,0.49,0.705,0.4686087256486138,0.021391274351386214,0.21499999999999997,True
order,Melbourne,Oceania,1,1.0,35052,51621,103242,2.0,4096,20261006,902e6665b5c9c00934f48d0540b15db6c70955134bd08a2b6ce278255d48354a,1d67e580bc1dba1dafec23fedcfcce1c285cdcc1728e30c8048fe94e7f5018a6,0.49,0.705,0.4686087256486138,0.021391274351386214,0.21499999999999997,True
order,Melbourne,Oceania,2,1.0,35052,51621,103242,2.0,256,20261107,f6e31383dd52babf82e29ae9d00f8d326f3a10d6c376387b63be30c47ca4adc5,1d67e580bc1dba1dafec23fedcfcce1c285cdcc1728e30c8048fe94e7f5018a6,0.49,0.705,0.4686087256486138,0.021391274351386214,0.21499999999999997,True
order,Melbourne,Oceania,2,1.0,35052,51621,103242,2.0,512,20261107,f6e31383dd52babf82e29ae9d00f8d326f3a10d6c376387b63be30c47ca4adc5,1d67e580bc1dba1dafec23fedcfcce1c285cdcc1728e30c8048fe94e7f5018a6,0.49,0.705,0.4686087256486138,0.021391274351386214,0.21499999999999997,True
order,Melbourne,Oceania,2,1.0,35052,51621,103242,2.0,1024,20261107,f6e31383dd52babf82e29ae9d00f8d326f3a10d6c376387b63be30c47ca4adc5,1d67e580bc1dba1dafec23fedcfcce1c285cdcc1728e30c8048fe94e7f5018a6,0.49,0.705,0.4686087256486138,0.021391274351386214,0.21499999999999997,True
order,Melbourne,Oceania,2,1.0,35052,51621,103242,2.0,2048,20261107,f6e31383dd52babf82e29ae9d00f8d326f3a10d6c376387b63be30c47ca4adc5,1d67e580bc1dba1dafec23fedcfcce1c285cdcc1728e30c8048fe94e7f5018a6,0.49,0.705,0.4686087256486138,0.021391274351386214,0.21499999999999997,True
order,Melbourne,Oceania,2,1.0,35052,51621,103242,2.0,4096,20261107,f6e31383dd52babf82e29ae9d00f8d326f3a10d6c376387b63be30c47ca4adc5,1d67e580bc1dba1dafec23fedcfcce1c285cdcc1728e30c8048fe94e7f5018a6,0.49,0.705,0.4686087256486138,0.021391274351386214,0.21499999999999997,True
order,Riyadh,Middle East,1,1.0,52112,79423,158846,2.0,256,20261006,99cf6a5a9f9b02def8250cd95cadd87d0df23afd3adf1b66b4dba0ed8d6ef6a2,325f5dea6ac45a29870d3009d4f25c1d7aca5102e9624c5b27d62df49186a375,0.4825,0.6625,0.4665628855078422,0.01593711449215779,0.18,True
order,Riyadh,Middle East,1,1.0,52112,79423,158846,2.0,512,20261006,99cf6a5a9f9b02def8250cd95cadd87d0df23afd3adf1b66b4dba0ed8d6ef6a2,325f5dea6ac45a29870d3009d4f25c1d7aca5102e9624c5b27d62df49186a375,0.4825,0.6625,0.4665628855078422,0.01593711449215779,0.18,True
order,Riyadh,Middle East,1,1.0,52112,79423,158846,2.0,1024,20261006,99cf6a5a9f9b02def8250cd95cadd87d0df23afd3adf1b66b4dba0ed8d6ef6a2,325f5dea6ac45a29870d3009d4f25c1d7aca5102e9624c5b27d62df49186a375,0.4825,0.6625,0.4665628855078422,0.01593711449215779,0.18,True
order,Riyadh,Middle East,1,1.0,52112,79423,158846,2.0,2048,20261006,99cf6a5a9f9b02def8250cd95cadd87d0df23afd3adf1b66b4dba0ed8d6ef6a2,325f5dea6ac45a29870d3009d4f25c1d7aca5102e9624c5b27d62df49186a375,0.485,0.6625,0.4665628855078422,0.01843711449215779,0.1775,True
order,Riyadh,Middle East,1,1.0,52112,79423,158846,2.0,4096,20261006,99cf6a5a9f9b02def8250cd95cadd87d0df23afd3adf1b66b4dba0ed8d6ef6a2,325f5dea6ac45a29870d3009d4f25c1d7aca5102e9624c5b27d62df49186a375,0.485,0.6625,0.4665628855078422,0.01843711449215779,0.1775,True
order,Riyadh,Middle East,2,1.0,52112,79423,158846,2.0,256,20261107,dfb4302040844d99e75a1c0f9da764884ec8aa927723686555dbd0836b5d9b1e,325f5dea6ac45a29870d3009d4f25c1d7aca5102e9624c5b27d62df49186a375,0.485,0.6625,0.4665628855078422,0.01843711449215779,0.1775,True
order,Riyadh,Middle East,2,1.0,52112,79423,158846,2.0,512,20261107,dfb4302040844d99e75a1c0f9da764884ec8aa927723686555dbd0836b5d9b1e,325f5dea6ac45a29870d3009d4f25c1d7aca5102e9624c5b27d62df49186a375,0.4825,0.6625,0.4665628855078422,0.01593711449215779,0.18,True
order,Riyadh,Middle East,2,1.0,52112,79423,158846,2.0,1024,20261107,dfb4302040844d99e75a1c0f9da764884ec8aa927723686555dbd0836b5d9b1e,325f5dea6ac45a29870d3009d4f25c1d7aca5102e9624c5b27d62df49186a375,0.4825,0.6625,0.4665628855078422,0.01593711449215779,0.18,True
order,Riyadh,Middle East,2,1.0,52112,79423,158846,2.0,2048,20261107,dfb4302040844d99e75a1c0f9da764884ec8aa927723686555dbd0836b5d9b1e,325f5dea6ac45a29870d3009d4f25c1d7aca5102e9624c5b27d62df49186a375,0.485,0.6625,0.4665628855078422,0.01843711449215779,0.1775,True
order,Riyadh,Middle East,2,1.0,52112,79423,158846,2.0,4096,20261107,dfb4302040844d99e75a1c0f9da764884ec8aa927723686555dbd0836b5d9b1e,325f5dea6ac45a29870d3009d4f25c1d7aca5102e9624c5b27d62df49186a375,0.4825,0.6625,0.4665628855078422,0.01593711449215779,0.18,True
