domain,predictor,n_instances,n_inference_units,absolute_error,absolute_error_low,absolute_error_high,signed_error,signed_error_low,signed_error_high,unsafe_integrated,unsafe_integrated_low,unsafe_integrated_high,safe_integrated,safe_integrated_low,safe_integrated_high,flip_integrated,flip_integrated_low,flip_integrated_high,unsafe_interval_separated,unsafe_interval_separated_low,unsafe_interval_separated_high,safe_interval_separated,safe_interval_separated_low,safe_interval_separated_high,grid_unsafe,grid_unsafe_low,grid_unsafe_high,grid_safe,grid_safe_low,grid_safe_high,full_band_unsafe,full_band_unsafe_low,full_band_unsafe_high,full_band_safe,full_band_safe_low,full_band_safe_high
power,CEBH,10,6,0.299391749430395,0.2408055166457651,0.3484656077193901,0.299391749430395,0.2408055166457651,0.3484656077193901,0.5433709356084803,0.4596693428346567,0.6312500000000002,0.0,0.0,0.0,0.5433709356084803,0.4596693428346567,0.6312500000000002,0.5201070467195913,0.4357320467195912,0.6107320467195914,0.0,0.0,0.0,0.5359477124183006,0.4509803921568627,0.6241830065359478,0.0,0.0,0.0,0.299391749430395,0.2408055166457651,0.3484656077193901,0.0,0.0,0.0
power,2D,10,6,0.1156454913003823,0.0746236220179225,0.1627445488987809,-0.1115292692502192,-0.1608619017636715,-0.0685491163110867,0.0051452775627038,0.0,0.0154358326881115,0.2839684506882521,0.1805874953996905,0.4038568650044369,0.2891137282509559,0.1865590550448064,0.4068613722469521,0.0034091664515927,0.0,0.0102274993547781,0.2589684506882521,0.1584364216298852,0.3802457538933259,0.0032679738562091,0.0,0.0098039215686274,0.2549019607843137,0.1633986928104575,0.369281045751634,0.0020581110250815,0.0,0.0061743330752446,0.1135873802753008,0.0722349981598762,0.1615427460017748
power,junction,10,6,0.099442894585652,0.0660949396803962,0.1349626619397537,0.099442894585652,0.0660949396803962,0.1349626619397537,0.2486072364641301,0.1652373492009906,0.3374066548493843,0.0,0.0,0.0,0.2486072364641301,0.1652373492009906,0.3374066548493843,0.2253433475752412,0.1445980078688149,0.3165720778196894,0.0,0.0,0.0,0.2352941176470588,0.1470588235294117,0.3235294117647058,0.0,0.0,0.0,0.099442894585652,0.0660949396803962,0.1349626619397537,0.0,0.0,0.0
power,nonbacktracking,10,6,0.33198951094761,0.2772334622402492,0.4076912234050949,0.33198951094761,0.2772334622402492,0.4076912234050949,0.5659722222222224,0.4822916666666668,0.6430555555555557,0.0,0.0,0.0,0.5659722222222224,0.4822916666666668,0.6430555555555557,0.5427083333333335,0.4625000000000001,0.6229166666666669,0.0,0.0,0.0,0.565359477124183,0.4803921568627451,0.6372549019607844,0.0,0.0,0.0,0.3319895109476099,0.2772334622402491,0.4076912234050949,0.0,0.0,0.0
rail,CEBH,6,6,0.2466463930775098,0.2075534169767378,0.2893385946977972,0.2466463930775098,0.2075534169767378,0.2893385946977972,0.6103659826937746,0.5188835424418445,0.7062691739756916,0.0,0.0,0.0,0.6103659826937746,0.5188835424418445,0.7062691739756916,0.587449316027108,0.5004491936969625,0.6767255711078134,0.0,0.0,0.0,0.5686274509803921,0.4803921568627451,0.6666666666666666,0.0,0.0,0.0,0.2466463930775098,0.2075534169767378,0.2893385946977972,0.0,0.0,0.0
rail,2D,6,6,0.0586877976155444,0.0351259473336824,0.0847269164060553,-0.0180454580560882,-0.0662982664883188,0.0362725511888157,0.0445529244493202,0.0,0.109591609168856,0.0959165695895409,0.0260874729582848,0.1725398285292335,0.1404694940388611,0.087814868334206,0.2035427540723439,0.0310112577826535,0.0,0.0856332758355227,0.0680060415187272,0.0033852782208045,0.1506648285292335,0.0490196078431372,0.0,0.1274509803921568,0.088235294117647,0.0294117647058823,0.1568627450980392,0.020321169779728,0.0,0.0513366436675424,0.0383666278358163,0.0104349891833139,0.0690159314116934
rail,junction,6,6,0.1472704174854135,0.1055095410748149,0.1856221277150781,0.1472704174854135,0.1055095410748149,0.1856221277150781,0.3619260437135339,0.2623630524854371,0.4475084383372849,0.0,0.0,0.0,0.3619260437135339,0.2623630524854371,0.4475084383372849,0.3390093770468671,0.2439521771626417,0.4204251050039515,0.0,0.0,0.0,0.3529411764705882,0.2549019607843137,0.4411764705882353,0.0,0.0,0.0,0.1472704174854135,0.1055095410748149,0.1856221277150781,0.0,0.0,0.0
rail,nonbacktracking,6,6,0.3656891375489473,0.3245189948810567,0.4164837979982295,0.3656891375489473,0.3245189948810567,0.4164837979982295,0.8163604185826193,0.7077208371652386,0.9125,0.0,0.0,0.0,0.8163604185826193,0.7077208371652386,0.9125,0.7934437519159526,0.6875000000000001,0.8861597414513871,0.0,0.0,0.0,0.7941176470588237,0.6862745098039217,0.9019607843137256,0.0,0.0,0.0,0.3656891375489473,0.3245189948810567,0.4164837979982295,0.0,0.0,0.0
road,CEBH,71,71,0.2122516324212402,0.2066973440627806,0.2183481944045378,0.2122516324212402,0.2066973440627806,0.2183481944045378,0.5098005223450266,0.4909852533477016,0.527219330559685,0.0,0.0,0.0,0.5098005223450266,0.4909852533477016,0.527219330559685,0.4991469131900971,0.4806966873301347,0.5164286736504098,0.0,0.0,0.0,0.4821872410936204,0.4664457332228666,0.4979287489643744,0.0,0.0,0.0,0.2122516324212402,0.2066973440627806,0.2183481944045378,0.0,0.0,0.0
road,2D,71,71,0.0227228029304838,0.0188131584333321,0.0267997214275198,-0.0181353738901408,-0.0232502779084214,-0.0130867990541328,0.0044610346051368,0.0020316683939166,0.0073916981802837,0.0504392482799536,0.0400060432122529,0.0613966360684171,0.0549002828850904,0.0453258877422069,0.0650828517158909,0.0030382056382318,0.0009968639659303,0.0056557257184176,0.0410221887571745,0.0311907652922841,0.0513694973438861,0.0024855012427506,0.0,0.0057995028997514,0.0439105219552609,0.032311516155758,0.0555095277547638,0.0022937145201714,0.001029020344216,0.0038752017462833,0.0204290884103123,0.0162117110688664,0.0248309993403734
road,junction,71,71,0.0633326794642625,0.0537276298159993,0.0736400368596563,0.0625768151477904,0.0526505384594163,0.0731778422255406,0.1549220795326719,0.1323494441003961,0.1781270018170684,0.0009448303955902,0.0,0.002190903815442,0.1558669099282621,0.1335153281927402,0.178837681616548,0.1445860398461822,0.1223673088139109,0.1674310235795767,0.000375796018634,0.0,0.0010902295386826,0.1433305716652858,0.1217895608947804,0.1657000828500414,0.0008285004142502,0.0,0.0024855012427506,0.0629547473060264,0.0532111799687634,0.0733829150294156,0.000377932158236,0.0,0.0008763615261768
road,nonbacktracking,71,71,0.3146506395817082,0.3036461528644679,0.3259461453835104,0.3146506395817082,0.3036461528644679,0.3259461453835104,0.572975352112676,0.5417231514084508,0.604225352112676,0.0,0.0,0.0,0.572975352112676,0.5417231514084508,0.604225352112676,0.5623217429577468,0.5311597711267606,0.5934816241197184,0.0,0.0,0.0,0.5633802816901409,0.5343827671913836,0.5923985086992541,0.0,0.0,0.0,0.3146506395817082,0.3036461528644679,0.3259461453835104,0.0,0.0,0.0
water,CEBH,4,4,0.2621637844098029,0.2308403954802259,0.3022769552012149,0.2621637844098029,0.2308403954802259,0.3022769552012149,0.5913469610245073,0.5309170012740821,0.6396761786863042,0.0,0.0,0.0,0.5913469610245073,0.5309170012740821,0.6396761786863042,0.5819719610245074,0.5309170012740821,0.62746793334845,0.0,0.0,0.0,0.573529411764706,0.5441176470588235,0.5882352941176471,0.0,0.0,0.0,0.2621637844098029,0.2308403954802259,0.3022769552012149,0.0,0.0,0.0
water,2D,4,4,0.0165757654567115,0.0040866692630054,0.0354049985549168,0.0057200324658568,-0.0102356285522124,0.0314823952127884,0.0,0.0,0.0,0.0127945356902655,0.0,0.025589071380531,0.0127945356902655,0.0,0.025589071380531,0.0,0.0,0.0,0.0049820356902655,0.0,0.009964071380531,0.0,0.0,0.0,0.0,0.0,0.0,0.0111478989612842,0.0,0.0334436968838526,0.0054278664954273,0.0006201044386422,0.0102356285522124
water,junction,4,4,0.228946795005111,0.1887249362519509,0.2724117191042369,0.228946795005111,0.1887249362519509,0.2724117191042369,0.5083044875127775,0.4670348702722334,0.5447966343956776,0.0,0.0,0.0,0.5083044875127775,0.4670348702722334,0.5447966343956776,0.4989294875127775,0.4529723702722335,0.5447966343956776,0.0,0.0,0.0,0.4852941176470589,0.4411764705882353,0.5294117647058824,0.0,0.0,0.0,0.228946795005111,0.1887249362519509,0.2724117191042369,0.0,0.0,0.0
water,nonbacktracking,4,4,0.3378412370690611,0.2819124813256372,0.4159345491206367,0.3378412370690611,0.2819124813256372,0.4159345491206367,0.7805405926726527,0.6876812399338577,0.8788988728015917,0.0,0.0,0.0,0.7805405926726527,0.6876812399338577,0.8788988728015917,0.7711655926726528,0.6783062399338576,0.8788988728015917,0.0,0.0,0.0,0.75,0.676470588235294,0.8382352941176471,0.0,0.0,0.0,0.3378412370690611,0.2819124813256372,0.4159345491206367,0.0,0.0,0.0
