graph,seed,stage_index,target_increment,chi_chord,chi_added,accepted_swaps,attempts,target_reached,pc,pc_low,pc_high,pc_shift,mean_length_ratio,median_length_ratio,p90_length_ratio,ks_length_statistic,wasserstein_length_normalized,n_nodes,n_edges,edge_count_preserved,no_new_parallel_edges,nodewise_degree_nx_preserved,nodewise_degree_bincount_preserved,length_bin_histogram_preserved,selfloops,zero_selfloops,positions_unchanged,connected_components,largest_component_fraction,graph_sha256,invariants_pass,n_orders,n_bootstrap,p_step,method_version
bengaluru_india,122,0,0.0,0.0146116849556744,0.0,0,0,True,0.685,0.6799375000000001,0.7000000000000001,0.0,1.0,1.0,1.0,0.0,0.0,101357,136603,True,True,True,True,True,0,True,True,1,1.0,4f05b315e5de3f3278792023f58f9edbb4e583ba025760ffab14b2ba91993ebd,True,512,1000,0.0025,canonical_v2_exact_endpoint
bengaluru_india,122,1,0.02,0.0349845903823488,0.0203729054266743,791,216770,True,0.6825,0.67,0.6875,-0.0025,1.0128194268233948,1.0,1.0008434520598228,0.0040189454111549,0.0184072289087294,101357,136603,True,True,True,True,True,0,True,True,17,0.9995461586274258,8a39f3736a9984aa80c340fa662764315d2351b3a9702ea205c197e08640e9e0,True,512,1000,0.0025,canonical_v2_exact_endpoint
bengaluru_india,122,2,0.05,0.0667701294993521,0.0521584445436776,2282,459359,True,0.6775,0.6675,0.6900000000000001,-0.0075,1.031820840212094,1.0,1.002501978383742,0.0098680116834916,0.0458842098496886,101357,136603,True,True,True,True,True,0,True,True,38,0.9988949949189498,4b5d36eec629673b4b17ec9d7d37dcf0dd7a5f6ac7bf16140b920cb1733c4933,True,512,1000,0.0025,canonical_v2_exact_endpoint
bengaluru_india,122,3,0.1,0.1072670439155801,0.0926553589599057,5027,1000000,False,0.6625,0.6575,0.6875,-0.0225,1.0564697301478456,1.0,1.005365573461089,0.0172031360951077,0.0810708248840177,101357,136603,True,True,True,True,True,0,True,True,80,0.9929555926083052,bea92b4b903da0879d087ec3302dc36cf95e77b16045d8bce9e00c308d3fa573,True,512,1000,0.0025,canonical_v2_exact_endpoint
bengaluru_india,133,0,0.0,0.0146116849556744,0.0,0,0,True,0.6825,0.6725,0.705,0.0,1.0,1.0,1.0,0.0,0.0,101357,136603,True,True,True,True,True,0,True,True,1,1.0,4f05b315e5de3f3278792023f58f9edbb4e583ba025760ffab14b2ba91993ebd,True,512,1000,0.0025,canonical_v2_exact_endpoint
bengaluru_india,133,1,0.02,0.0350285132830172,0.0204168283273427,795,204886,True,0.6875,0.6725,0.6900000000000001,0.005,1.0119322632136274,1.0,1.0014222696239916,0.003455268185911,0.0172207583948678,101357,136603,True,True,True,True,True,0,True,True,18,0.99945736357627,c4b9af2e30612c0f3e226692489b5eeb8d4375c7c4191d73d35d921c37dfea8a,True,512,1000,0.0025,canonical_v2_exact_endpoint
bengaluru_india,133,2,0.05,0.0665212330622314,0.0519095481065569,2248,458978,True,0.6725,0.665,0.6875,-0.01,1.030525239205633,1.0,1.0033113936944242,0.0090700789880163,0.0445295058318302,101357,136603,True,True,True,True,True,0,True,True,35,0.9988752626853596,43907cf5788104a7403b8372b729b9b9e7b304a6aea3e42fa05bd5b64a919cd6,True,512,1000,0.0025,canonical_v2_exact_endpoint
bengaluru_india,133,3,0.1,0.1078014392070452,0.0931897542513707,5031,1000000,False,0.6725,0.66,0.6725,-0.01,1.0550668033238484,1.0,1.0064958039886478,0.0165076901678586,0.0796143840288031,101357,136603,True,True,True,True,True,0,True,True,68,0.9981155716921376,6056ab2e36dd74ccc8d54b6ac2c250cb970f80629a8871cb2ea84ed3dc635ad8,True,512,1000,0.0025,canonical_v2_exact_endpoint
bengaluru_india,111,0,0.0,0.0146116849556744,0.0,0,0,True,0.6925,0.6775,0.7075,0.0,1.0,1.0,1.0,0.0,0.0,101357,136603,True,True,True,True,True,0,True,True,1,1.0,4f05b315e5de3f3278792023f58f9edbb4e583ba025760ffab14b2ba91993ebd,True,512,1000,0.0025,canonical_v2_exact_endpoint
bengaluru_india,111,1,0.02,0.0351236795677986,0.0205119946121241,779,222199,True,0.6925,0.6725,0.6925,0.0,1.012477380051359,1.0,1.0012574696055456,0.0039603815435971,0.0179311292920651,101357,136603,True,True,True,True,True,0,True,True,12,0.999763213196918,00ab9fcdbfe4356a1ac1ade4129a451413543e893c20d513856acf7f2a39090c,True,512,1000,0.0025,canonical_v2_exact_endpoint
bengaluru_india,111,2,0.05,0.0667847704662416,0.0521730855105671,2319,473970,True,0.68,0.6775,0.6950000000000001,-0.0124999999999999,1.0313338689777984,1.0,1.0035050376417534,0.009721602014597,0.0449952290714402,101357,136603,True,True,True,True,True,0,True,True,39,0.9990923172548516,239748c40ce9c23fffc679f0f9bcb5852b01346fccb5b4f7948a05080a74a9c9,True,512,1000,0.0025,canonical_v2_exact_endpoint
bengaluru_india,111,3,0.1,0.1076037861540376,0.0929921011983631,5092,1000000,False,0.67,0.6675,0.6875,-0.0224999999999999,1.0566485637495495,1.0,1.007127488993936,0.0170420854593237,0.0813495030319791,101357,136603,True,True,True,True,True,0,True,True,80,0.9975532030348176,87122dada9ec2b97b89a1810fa3de84cd47f3ea5f7e99635ef9cbde5d8a3c488,True,512,1000,0.0025,canonical_v2_exact_endpoint
osaka_japan,222,0,0.0,0.0382724060855144,0.0,0,0,True,0.6275000000000001,0.615,0.6275000000000001,0.0,1.0,1.0,1.0,0.0,0.0,92460,138690,True,True,True,True,True,0,True,True,1,1.0,8716f7da01a6ea100c83066836fea709c34b406534acc56a2f284e9c2ad9c7db,True,512,1000,0.0025,canonical_v2_exact_endpoint
osaka_japan,222,1,0.02,0.0588074122142908,0.0205350061287764,867,229757,True,0.6175,0.615,0.63,-0.01,1.017996045582796,1.0,1.0002788244951315,0.0052923786862787,0.0243021659062409,92460,138690,True,True,True,True,True,0,True,True,2,0.99978369024443,d81fcb19fb7d6e171ddc3dacadd4f223087b66a916390d08b4d063028398259f,True,512,1000,0.0025,canonical_v2_exact_endpoint
osaka_japan,222,2,0.05,0.09041747782825,0.0521450717427355,2673,603667,True,0.61,0.61,0.625,-0.0175,1.0456703135233325,1.0,1.0007305434466192,0.0135626216742376,0.0602781110088731,92460,138690,True,True,True,True,True,0,True,True,2,0.99978369024443,6e9dc3427a4121a9568ced6ab4410b66fda0010df7e32d9f805d8d5161c0940f,True,512,1000,0.0025,canonical_v2_exact_endpoint
osaka_japan,222,3,0.1,0.1185737976782752,0.0803013915927608,5186,1000000,False,0.61,0.605,0.6225,-0.0175,1.071875528059568,1.0,1.0016580953772949,0.0212416179969716,0.0943199596245588,92460,138690,True,True,True,True,True,0,True,True,4,0.999870214146658,076d1d8dc73d59129828eaaa45d190f3e9c0fdf0004eb913032320be3371b14b,True,512,1000,0.0025,canonical_v2_exact_endpoint
osaka_japan,233,0,0.0,0.0382724060855144,0.0,0,0,True,0.625,0.615,0.625,0.0,1.0,1.0,1.0,0.0,0.0,92460,138690,True,True,True,True,True,0,True,True,1,1.0,8716f7da01a6ea100c83066836fea709c34b406534acc56a2f284e9c2ad9c7db,True,512,1000,0.0025,canonical_v2_exact_endpoint
osaka_japan,233,1,0.02,0.0586992573365058,0.0204268512509914,859,218561,True,0.6175,0.615,0.625,-0.0074999999999999,1.0182374539280388,1.0,1.0003680444719358,0.0052995890114644,0.0240540352038944,92460,138690,True,True,True,True,True,0,True,True,2,0.999978369024443,58bff779b2d3519c34158eb481c683cbfbffe24337ecfeea9f2ada2979434661,True,512,1000,0.0025,canonical_v2_exact_endpoint
osaka_japan,233,2,0.05,0.090741942461605,0.0524695363760905,2690,603365,True,0.6175,0.61,0.62,-0.0074999999999999,1.0473937510139664,1.0,1.0009511654854004,0.0138366140312927,0.0621986733973855,92460,138690,True,True,True,True,True,0,True,True,4,0.999935107073329,819c1bcf441ff3bbfed1a5f5717c4bade3a98b59a988d4233ac441787d05e9ba,True,512,1000,0.0025,canonical_v2_exact_endpoint
osaka_japan,233,3,0.1,0.1192371475953565,0.080964741509842,5197,1000000,False,0.6125,0.61,0.6175,-0.0124999999999999,1.0717564516686,1.0,1.0015537405180643,0.0212488283221573,0.0941754465213977,92460,138690,True,True,True,True,True,0,True,True,5,0.999913476097772,cdfbadbd0be2b77a50222f40b274e6ba7579a82165fc1a06393b5f6e5f615415,True,512,1000,0.0025,canonical_v2_exact_endpoint
osaka_japan,211,0,0.0,0.0382724060855144,0.0,0,0,True,0.62,0.615,0.625,0.0,1.0,1.0,1.0,0.0,0.0,92460,138690,True,True,True,True,True,0,True,True,1,1.0,8716f7da01a6ea100c83066836fea709c34b406534acc56a2f284e9c2ad9c7db,True,512,1000,0.0025,canonical_v2_exact_endpoint
osaka_japan,211,1,0.02,0.0587280986372485,0.020455692551734,874,247267,True,0.6175,0.6075,0.6225,-0.0024999999999999,1.0181086615088537,1.0,1.000592591575763,0.0055014781166631,0.0241582852545289,92460,138690,True,True,True,True,True,0,True,True,1,1.0,a6bd5df56c01636a2a9011c3231a642ffca7d11b88b9fa92c1ed0d5d95fb6d30,True,512,1000,0.0025,canonical_v2_exact_endpoint
osaka_japan,211,2,0.05,0.0909005696156896,0.0526281635301752,2749,628222,True,0.615,0.6125,0.6175,-0.005,1.0465796926551831,1.0,1.0009424823283446,0.0139591895594491,0.0611442407065256,92460,138690,True,True,True,True,True,0,True,True,1,1.0,e31abd5ada31ce085c4e0edd338fc32cd646cf97260503ca69e60a1e504c667a,True,512,1000,0.0025,canonical_v2_exact_endpoint
osaka_japan,211,3,0.1,0.1176580863796957,0.0793856802941812,5174,1000000,False,0.605,0.605,0.62,-0.015,1.0697102811267365,1.0,1.0017934869313712,0.0205350061287764,0.0912764245358329,92460,138690,True,True,True,True,True,0,True,True,3,0.999956738048886,9b889be15ad87563b031c8b6caf9a4b4e49676e498f58b2bf8f77f401caf5d5a,True,512,1000,0.0025,canonical_v2_exact_endpoint
tehran_iran,311,0,0.0,0.0373298036783694,0.0,0,0,True,0.7075,0.6975,0.7175,0.0,1.0,1.0,1.0,0.0,0.0,85612,108037,True,True,True,True,True,0,True,True,1,1.0,aade61c16f52640e8fe72184ac08ff6e1230f57f6c2b62218fe0711186df012a,True,512,1000,0.0025,canonical_v2_exact_endpoint
tehran_iran,311,1,0.02,0.0577302220535557,0.0204004183751862,690,135829,True,0.705,0.6975,0.71,-0.0025,1.0106075478666512,1.0,1.0026128611912042,0.0032396308672029,0.0168972941141898,85612,108037,True,True,True,True,True,0,True,True,14,0.9996262206232772,81d4754272567a4dce9fd3cde97f4ae403c586d7ab50ddf1f19e45f0045f9b8b,True,512,1000,0.0025,canonical_v2_exact_endpoint
tehran_iran,311,2,0.05,0.0894878606403361,0.0521580569619667,2059,320559,True,0.7125,0.6975,0.715,0.005,1.0267276130687082,1.0,1.0058476189807508,0.0081638697853513,0.0425023264495822,85612,108037,True,True,True,True,True,0,True,True,31,0.9991823576134188,a2c56f3d42a3c2fd6ac7612057c87f65fcb77892ab58eb40dafee8f4bba5a864,True,512,1000,0.0025,canonical_v2_exact_endpoint
tehran_iran,311,3,0.1,0.14287697733184,0.1055471736534705,5817,1000000,True,0.6975,0.6925,0.7000000000000001,-0.01,1.053047973195803,1.0,1.0120165640905523,0.0163925321880467,0.085632328231264,85612,108037,True,True,True,True,True,0,True,True,66,0.9981077419053404,b389e7484bd55b229aa634b40c84698470406ee5d30023481b3c0ceebc16e4eb,True,512,1000,0.0025,canonical_v2_exact_endpoint
tehran_iran,322,0,0.0,0.0373298036783694,0.0,0,0,True,0.7025,0.6975,0.7125,0.0,1.0,1.0,1.0,0.0,0.0,85612,108037,True,True,True,True,True,0,True,True,1,1.0,aade61c16f52640e8fe72184ac08ff6e1230f57f6c2b62218fe0711186df012a,True,512,1000,0.0025,canonical_v2_exact_endpoint
tehran_iran,322,1,0.02,0.0577117098771717,0.0203819061988022,686,127721,True,0.705,0.6975,0.7125,0.0024999999999999,1.0105846448441662,1.0,1.0019111367977749,0.0032951673963549,0.0167503372012755,85612,108037,True,True,True,True,True,0,True,True,8,0.9998364715226836,042dad61993d351847e1d8130fb073a97c3b3587a841cf9a8384a6e92d863130,True,512,1000,0.0025,canonical_v2_exact_endpoint
tehran_iran,322,2,0.05,0.0895341410812962,0.0522043374029267,2038,315103,True,0.6975,0.6950000000000001,0.7025,-0.005,1.0266896554412843,1.0,1.006584301474991,0.0080805649916232,0.0424912285044334,85612,108037,True,True,True,True,True,0,True,True,26,0.99936924730178,d856cededc835878a2e5032488a9a5dd1fef13fd5753c38b6a02ede1e611b16d,True,512,1000,0.0025,canonical_v2_exact_endpoint
tehran_iran,322,3,0.1,0.1405722113720299,0.1032424076936605,5713,1000000,True,0.6950000000000001,0.6900000000000001,0.705,-0.0074999999999999,1.0540472730860022,1.0,1.01390896931444,0.0158834473374862,0.0855647791326683,85612,108037,True,True,True,True,True,0,True,True,80,0.9973017801242816,096f375b06614caf13c4ef127d1c3c02eb162c49c12a352982d61bea2aa2e3aa,True,512,1000,0.0025,canonical_v2_exact_endpoint
tehran_iran,333,0,0.0,0.0373298036783694,0.0,0,0,True,0.705,0.6975,0.715,0.0,1.0,1.0,1.0,0.0,0.0,85612,108037,True,True,True,True,True,0,True,True,1,1.0,aade61c16f52640e8fe72184ac08ff6e1230f57f6c2b62218fe0711186df012a,True,512,1000,0.0025,canonical_v2_exact_endpoint
tehran_iran,333,1,0.02,0.0577209659653637,0.0203911622869942,675,137525,True,0.705,0.7000000000000001,0.7075625,0.0,1.0109522713453647,1.0,1.0018398768991124,0.0032488869553949,0.0177474955304824,85612,108037,True,True,True,True,True,0,True,True,14,0.9992407606410316,e61a017abd259900ac9d260b856c9269d7a1cec603e2c20f7e8c01c3bd88cc31,True,512,1000,0.0025,canonical_v2_exact_endpoint
tehran_iran,333,2,0.05,0.089349019317456,0.0520192156390866,1976,303370,True,0.705,0.6900000000000001,0.7125,0.0,1.0272327184751475,1.0,1.006141605885909,0.0081268454325833,0.0431020228682222,85612,108037,True,True,True,True,True,0,True,True,31,0.9986800915759472,e1c647a2cb6f8f0549d7f458bb9ab67a58e22291f1a4532e7dcea48ee59ec853,True,512,1000,0.0025,canonical_v2_exact_endpoint
tehran_iran,333,3,0.1,0.1422475633347834,0.104917759656414,5620,1000000,True,0.7025,0.6900000000000001,0.7075,-0.0024999999999999,1.05445825579288,1.0,1.0120975298640595,0.0160037764839823,0.0869530823623975,85612,108037,True,True,True,True,True,0,True,True,72,0.9978157267672756,97131d52a760bab17dd18d9b514110376d0f9a25c09c3ab05b878eeeff742018,True,512,1000,0.0025,canonical_v2_exact_endpoint
