domain,instance,system_id,n_nodes,n_edges,mean_degree,pc_cebh,pc_dimension,pc_junction_anchor,pc,pc_low,pc_high,point_endpoint,bootstrap_endpoint_count,p_step,n_orders,n_bootstrap,mean_curve_p0,mean_curve_p1,exact_endpoint_slope,largest_component_bridges,method_version,input_hash,kind,replicate,n_swaps,degree_sequence_exact,realization_hash,seed,components_before_repair,connectivity_repairs,lcc_before_repair
road,Accra,Accra,19183,25655,2.6747641140593235,0.5030786728370853,0.747729487429351,0.6330722187859009,0.535,0.5325,0.54,False,0,0.0025,256,1000,5.21294896522963e-05,1.0,0.2625241098889642,4284,canonical_v2_exact_endpoint,dfa0955a258a58843e7005452c6fe1a07d08f2c1926faaca7ec254a91c47449c,connected,0,51310,True,f9ce9420e817252da04326dfb0b25306ad8f611455aa74baac59a8de3d9f2d06,20289327,167,166,0.9823281030078715
road,Accra,Accra,19183,25655,2.6747641140593235,0.5030786728370853,0.747729487429351,0.6330722187859009,0.5325,0.53,0.535,False,0,0.0025,256,1000,5.21294896522963e-05,1.0,0.2616900380545274,4281,canonical_v2_exact_endpoint,dfa0955a258a58843e7005452c6fe1a07d08f2c1926faaca7ec254a91c47449c,connected,1,51310,True,26e533ee0e330fa6c654173f9fdca5257914174c4490c7266bd37ec9c315d2a8,20289349,147,146,0.9840483761663972
road,Addis Ababa,Addis Ababa,51078,72263,2.8295156427424724,0.482274189457948,0.7068347563760153,0.6295381309948231,0.5,0.5,0.505,False,0,0.0025,256,1000,1.957790046595403e-05,1.0,0.1685853009123301,7786,canonical_v2_exact_endpoint,5b2688fdf9dba468b8e0ea2752d787418903b1e395993fc66c706fc505785cbc,connected,0,144526,True,d61e10ef3d93ed167caa1199171178656952451330b315197e5fd6de0339bd64,20303277,216,215,0.9911116331884569
road,Addis Ababa,Addis Ababa,51078,72263,2.8295156427424724,0.482274189457948,0.7068347563760153,0.6295381309948231,0.5,0.4975,0.505,False,0,0.0025,256,1000,1.957790046595403e-05,1.0,0.1698578644426171,7821,canonical_v2_exact_endpoint,5b2688fdf9dba468b8e0ea2752d787418903b1e395993fc66c706fc505785cbc,connected,1,144526,True,ad9bac2ad7820af00dec71da4746121c0c5c495584674dd17ec18d9858d77447,20303305,211,210,0.991503191197776
road,Algiers,Algiers,21703,28885,2.661843984702576,0.5065855241235377,0.7513588367664878,0.6343744607047784,0.5375,0.535,0.545,False,0,0.0025,256,1000,4.607657927475463e-05,1.0,0.2564161636640096,4806,canonical_v2_exact_endpoint,f2337da78ef2299bd72743cee9aa9ef286cd155a211feb23da8598c800015cdc,connected,0,57770,True,6e14d4de12212ded8e9ebe03b263403a75e48e302142e367d42eefd475680311,20294237,185,184,0.982352670137769
road,Algiers,Algiers,21703,28885,2.661843984702576,0.5065855241235377,0.7513588367664878,0.6343744607047784,0.54,0.535,0.5425,False,0,0.0025,256,1000,4.607657927475463e-05,1.0,0.2637884163479703,4856,canonical_v2_exact_endpoint,f2337da78ef2299bd72743cee9aa9ef286cd155a211feb23da8598c800015cdc,connected,1,57770,True,5e1c25bb0ecfd6f855920585405f93afdca952f9a0601e77714feffd2e06325d,20294261,197,196,0.9809242961802516
road,Amsterdam,Amsterdam,23201,32887,2.8349640101719755,0.466680857102313,0.7054763280323532,0.6160131045589082,0.495,0.4925,0.4975,False,0,0.0025,256,1000,4.310159044868756e-05,1.0,0.1919313822680056,3914,canonical_v2_exact_endpoint,94eb0da4e8a84316d5c10dc1994baf7252c5b3dbff678bdbcdac787b08618d8d,connected,0,65774,True,537aa1c105ff2af046009aa13eb1aa9b8f4f1299d0f96e77cb0e8b244f7514e0,20299268,102,101,0.9908193612344296
road,Amsterdam,Amsterdam,23201,32887,2.8349640101719755,0.466680857102313,0.7054763280323532,0.6160131045589082,0.49,0.49,0.4975,False,0,0.0025,256,1000,4.310159044868756e-05,1.0,0.1893452868410844,3885,canonical_v2_exact_endpoint,94eb0da4e8a84316d5c10dc1994baf7252c5b3dbff678bdbcdac787b08618d8d,connected,1,65774,True,82ae900e75316b0357767ca2fb27762ea0b2ce2608ef9b1a16148bfb2d36a1f7,20299294,100,99,0.990733158053532
road,Athens,Athens,54827,88593,3.231728892698853,0.4135569642707098,0.618863792850451,0.5933158856166071,0.43,0.4275,0.4325,False,0,0.0025,256,1000,1.8239188720885696e-05,1.0,0.0669195834169296,3557,canonical_v2_exact_endpoint,cb5f090c0408b76d13f17ae643c4dc090849fa4fa114ea0a15f3d6cd5ff9a975,connected,0,177186,True,e9947802f0b02a1c9f9582ef358d9803f0e3177f7058636dffe85b3101480a9d,20291875,28,27,0.9990150838090722
road,Athens,Athens,54827,88593,3.231728892698853,0.4135569642707098,0.618863792850451,0.5933158856166071,0.43,0.4275,0.4325,False,0,0.0025,256,1000,1.8239188720885696e-05,1.0,0.0660623415470479,3541,canonical_v2_exact_endpoint,cb5f090c0408b76d13f17ae643c4dc090849fa4fa114ea0a15f3d6cd5ff9a975,connected,1,177186,True,e0a344e60432a50fb4fd009e7e1e8ab8c5eec72ae8e4043da3b8eb53f009a6a9,20291898,25,24,0.9991245189413976
road,Auckland,Auckland,12533,16775,2.67693289715152,0.5044505924099357,0.747123695976155,0.6340596868091446,0.5425,0.535,0.5475,False,0,0.0025,256,1000,7.978935609989628e-05,1.0,0.2473470039096784,2664,canonical_v2_exact_endpoint,a1c23153a003d63a2f54cfe32bf607c36bac7aad5406555dfd4b32d8c58a79c2,connected,0,33550,True,f68656e34d35e05e20c96c9f62f508de3bcff7b891fe34f3db83330c848d9efd,20296520,91,90,0.9843612862044204
road,Auckland,Auckland,12533,16775,2.67693289715152,0.5044505924099357,0.747123695976155,0.6340596868091446,0.535,0.5325,0.5375,False,0,0.0025,256,1000,7.978935609989628e-05,1.0,0.251496050426873,2666,canonical_v2_exact_endpoint,a1c23153a003d63a2f54cfe32bf607c36bac7aad5406555dfd4b32d8c58a79c2,connected,1,33550,True,8b0e90bd1fc73033eb54c110826ac523f113270e69aff4f72a493d1f11f70f71,20296545,82,81,0.9863560201069176
road,Bangkok,Bangkok,63366,71694,2.2628538964113245,0.5689051824695883,0.8838396518537117,0.6354902987811591,0.64,0.6325000000000001,0.64,False,0,0.0025,256,1000,1.5781333838336017e-05,1.0,0.7463466212164253,30502,canonical_v2_exact_endpoint,2c97486a7bd38d376db2087296f3bb4b56a0ad081b4a18a93b026104f682cfea,connected,0,143388,True,8faa0e52366d7e4e25c3c4f8b39309bed0a127501bcc3e82fddd244f55b42d6c,20294135,2375,2374,0.9153962692926806
road,Bangkok,Bangkok,63366,71694,2.2628538964113245,0.5689051824695883,0.8838396518537117,0.6354902987811591,0.635,0.635,0.6425,False,0,0.0025,256,1000,1.5781333838336017e-05,1.0,0.7420856610800745,30400,canonical_v2_exact_endpoint,2c97486a7bd38d376db2087296f3bb4b56a0ad081b4a18a93b026104f682cfea,connected,1,143388,True,43ac1dadabacbe113c91dbcc6e4aaedacee389adb7f0c23741df11cd8fd0030d,20294159,2406,2405,0.913628759902787
road,Barcelona,Barcelona,18674,28820,3.086644532505088,0.438814196750765,0.6479528105482304,0.6104361612714422,0.465,0.4625,0.4675,False,0,0.0025,256,1000,5.355039091785372e-05,1.0,0.079415229731177,1421,canonical_v2_exact_endpoint,fd3e1e8319c9d2a226f1cc00c8d28949f672603801ea3f8aaa49c6c7af5c657f,connected,0,57640,True,307f896ab1f6eb2ed3f9c039d5bc00abe207cceb33361edcae0df12703360875,20299096,18,17,0.998179286708793
road,Barcelona,Barcelona,18674,28820,3.086644532505088,0.438814196750765,0.6479528105482304,0.6104361612714422,0.465,0.46,0.4675,False,0,0.0025,256,1000,5.355039091785372e-05,1.0,0.0802184855949448,1427,canonical_v2_exact_endpoint,fd3e1e8319c9d2a226f1cc00c8d28949f672603801ea3f8aaa49c6c7af5c657f,connected,1,57640,True,5082997ca7eed1be20225ee52d56773e75286e8e51f174af029d8e143264297f,20299122,8,7,0.99925029452715
road,Bengaluru,Bengaluru,101357,136603,2.695482305119528,0.487624045120297,0.7419822405071631,0.6233785158269722,0.51,0.505,0.51,False,0,0.0025,256,1000,9.86611679509062e-06,1.0,0.2777015894314157,24290,canonical_v2_exact_endpoint,4f05b315e5de3f3278792023f58f9edbb4e583ba025760ffab14b2ba91993ebd,connected,0,273206,True,baebcd353304cec8202b102a824b78226fb87484c8223fc8d370561d2a4bde7c,20299492,952,951,0.980494687096106
road,Bengaluru,Bengaluru,101357,136603,2.695482305119528,0.487624045120297,0.7419822405071631,0.6233785158269722,0.51,0.5075000000000001,0.5125,False,0,0.0025,256,1000,9.86611679509062e-06,1.0,0.2771490868908906,24283,canonical_v2_exact_endpoint,4f05b315e5de3f3278792023f58f9edbb4e583ba025760ffab14b2ba91993ebd,connected,1,273206,True,c992643121cc6cf29068f9b5879a97ee9cfefd9c6e7201d20a9d1ab4844bbd7e,20299518,982,981,0.9795968704677526
road,Bogota,Bogota,40772,60476,2.966545668596096,0.4493951193413192,0.6741848005820491,0.6114151634982622,0.47,0.4675,0.475,False,0,0.0025,256,1000,2.4526635926616303e-05,1.0,0.1427940743647601,5414,canonical_v2_exact_endpoint,8d77dcd71f2907217f5a0b1e714062beb4654b44b22e3de05279648077c67dd7,connected,0,120952,True,ff61ee23d9a16f3120d62cb8e6c91cbf826fda8f9f8dd3280acec7d5b7b92247,20291790,101,100,0.9948984597272638
road,Bogota,Bogota,40772,60476,2.966545668596096,0.4493951193413192,0.6741848005820491,0.6114151634982622,0.47,0.465,0.4725,False,0,0.0025,256,1000,2.4526635926616303e-05,1.0,0.1435789267144118,5419,canonical_v2_exact_endpoint,8d77dcd71f2907217f5a0b1e714062beb4654b44b22e3de05279648077c67dd7,connected,1,120952,True,388b8b326cee30e99a459d20fc22aa9003d0389b2181da092ad16e9aa7104242,20291813,113,112,0.9943343471009516
road,Boston,Boston,24819,35843,2.8883516660622908,0.4629981269779758,0.6924364590017578,0.6191020605979602,0.485,0.4825,0.4875,False,0,0.0025,256,1000,4.029171199484266e-05,1.0,0.1622144324912365,3655,canonical_v2_exact_endpoint,ab1c8ef8bea3a1b1d6c8460021acdda0c4c6c3f850f7873e37bc77953dbbad0e,connected,0,71686,True,e531cc96ead78d4e7582dda4f0ead2bcb45c5bba895c1bf58cc8d5305b2a8d16,20292024,87,86,0.9929086586889077
road,Boston,Boston,24819,35843,2.8883516660622908,0.4629981269779758,0.6924364590017578,0.6191020605979602,0.4875,0.485,0.495,False,0,0.0025,256,1000,4.029171199484266e-05,1.0,0.1639469761070147,3662,canonical_v2_exact_endpoint,ab1c8ef8bea3a1b1d6c8460021acdda0c4c6c3f850f7873e37bc77953dbbad0e,connected,1,71686,True,6328f85bec8cddacce4e207fcaef4dc6614bb52f44309c4b95aef8e2a28e8119,20292047,93,92,0.9924654498569644
road,Brisbane,Brisbane,25339,35174,2.776273728244998,0.4911197989388439,0.7203900608403935,0.6319786826973909,0.5175,0.5125,0.52,False,0,0.0025,256,1000,3.946485654524646e-05,1.0,0.1875369983030111,4213,canonical_v2_exact_endpoint,6370c1a0ef0082186e72fcb0cd4d0fdfbc158a565f99d0ed55bc1e88b32f1b67,connected,0,70348,True,a426292afa23b86dd3b442914f362d525d010c63381c7e0d25bc721700629107,20296538,107,106,0.9914361261296816
road,Brisbane,Brisbane,25339,35174,2.776273728244998,0.4911197989388439,0.7203900608403935,0.6319786826973909,0.5225,0.515,0.5250625,False,0,0.0025,256,1000,3.946485654524646e-05,1.0,0.1927068945104384,4245,canonical_v2_exact_endpoint,6370c1a0ef0082186e72fcb0cd4d0fdfbc158a565f99d0ed55bc1e88b32f1b67,connected,1,70348,True,a8ca9a9e45de1373dd84f599e03d8c73b11c450fa98cceb68ff970c652d9c86c,20296563,124,123,0.9898180670113264
road,Buenos Aires,Buenos Aires,21642,37472,3.462896220312356,0.3806157377781841,0.5775512382578992,0.5635553018890295,0.4,0.3975,0.4,False,0,0.0025,256,1000,4.620645042047871e-05,1.0,0.0437575085481933,928,canonical_v2_exact_endpoint,9d9d15a5d2f4fbba12698a26633ec7b121490021a8df53eda0a4066573a44ab9,connected,0,74944,True,a849b472065dbe2cffb90d21e549d5d87b69ade632b078a6fb2fb6ec2cabc2ce,20307017,6,5,0.9994917290453748
road,Buenos Aires,Buenos Aires,21642,37472,3.462896220312356,0.3806157377781841,0.5775512382578992,0.5635553018890295,0.4025,0.4,0.4075,False,0,0.0025,256,1000,4.620645042047871e-05,1.0,0.0441271601515571,933,canonical_v2_exact_endpoint,9d9d15a5d2f4fbba12698a26633ec7b121490021a8df53eda0a4066573a44ab9,connected,1,74944,True,0930632685fcf1ae82cb03fc4d658c5232b104b798b54079228d55f377c4c1a8,20307046,8,7,0.9993531096941132
road,Cairo,Cairo,118235,163341,2.762988962659111,0.4905812814983452,0.7238537782920393,0.6313273686475291,0.51,0.51,0.5125,False,0,0.0025,256,1000,8.457732481921597e-06,1.0,0.2072567344694887,21773,canonical_v2_exact_endpoint,1dd01752b9f1dbd0c8474162d1793e9ce47b810d0108b2f780896d0a7c7278ca,connected,0,326682,True,c60d6ccbfef49527d79b03818e88f44053d0549bf10e811ca2f3b78a148ca6c0,20289513,682,681,0.9879477312132616
road,Cairo,Cairo,118235,163341,2.762988962659111,0.4905812814983452,0.7238537782920393,0.6313273686475291,0.5075000000000001,0.505,0.51,False,0,0.0025,256,1000,8.457732481921597e-06,1.0,0.2065378272085254,21743,canonical_v2_exact_endpoint,1dd01752b9f1dbd0c8474162d1793e9ce47b810d0108b2f780896d0a7c7278ca,connected,1,326682,True,a3ecd5e73646ea5bac416dbd2f5248c6ec06576edb715596248f1fae218c8188,20289535,679,678,0.9879900198756714
road,Casablanca,Casablanca,36942,55764,3.019002761084944,0.4598827284198025,0.662470411017861,0.6240609680257581,0.48,0.48,0.485,False,0,0.0025,256,1000,2.7069460234962907e-05,1.0,0.073710140219804,2598,canonical_v2_exact_endpoint,f8c7a1f9e2b886aa40e9fa56bf4a3568975e4cdbaf1739150fb45b89f9b8490c,connected,0,111528,True,fa308e7a07f37425f11146bd9a644e0585202d04bd2fa3afb0edbaf9516ce32e,20301488,31,30,0.9983758323859022
road,Casablanca,Casablanca,36942,55764,3.019002761084944,0.4598827284198025,0.662470411017861,0.6240609680257581,0.48,0.4775,0.4825,False,0,0.0025,256,1000,2.7069460234962907e-05,1.0,0.0762276000216555,2628,canonical_v2_exact_endpoint,f8c7a1f9e2b886aa40e9fa56bf4a3568975e4cdbaf1739150fb45b89f9b8490c,connected,1,111528,True,60d8d95fb4f49b8ad2983755ced1a6f6712ef1a94454f15655f9cfac5891510c,20301515,20,19,0.9989713605110714
road,Chennai,Chennai,42444,56880,2.6802374893977947,0.498448919501551,0.7462025316455696,0.6299340015197303,0.525,0.52,0.5275,False,0,0.0025,256,1000,2.356045613043068e-05,1.0,0.2680473093959099,9733,canonical_v2_exact_endpoint,7cfca29680ba8cef2af8b744e09858e92d0014be372a6b8771952f4c230b3e17,connected,0,113760,True,099d56949103392f10b24932c814f069004172694bb49f8c855f29abaedcc411,20294033,365,364,0.9815992837621336
road,Chennai,Chennai,42444,56880,2.6802374893977947,0.498448919501551,0.7462025316455696,0.6299340015197303,0.525,0.5225,0.5275,False,0,0.0025,256,1000,2.356045613043068e-05,1.0,0.2652907360286495,9696,canonical_v2_exact_endpoint,7cfca29680ba8cef2af8b744e09858e92d0014be372a6b8771952f4c230b3e17,connected,1,113760,True,76475c161f9b6464d18e3b87229d5f2ed81baf8a375b69515bfbbec836bc66b0,20294057,343,342,0.9831307134106116
road,Chicago,Chicago,13260,21830,3.2926093514328807,0.3959947031400221,0.6074209803023363,0.5713408669791303,0.425,0.4175,0.4275,False,0,0.0025,256,1000,7.541478129713421e-05,1.0,0.0783559577677224,999,canonical_v2_exact_endpoint,6e54a03ece4f9e8613bb187ade95bb2ed96d1aa8c0ad94f557dd8312a3ff7df6,connected,0,43660,True,88754dee22a123b640c92823e14bdb8b63bfe1f71c424326428618bacd4a16eb,20293974,9,8,0.998793363499246
road,Chicago,Chicago,13260,21830,3.2926093514328807,0.3959947031400221,0.6074209803023363,0.5713408669791303,0.425,0.4175,0.4275,False,0,0.0025,256,1000,7.541478129713421e-05,1.0,0.0794117647058823,1006,canonical_v2_exact_endpoint,6e54a03ece4f9e8613bb187ade95bb2ed96d1aa8c0ad94f557dd8312a3ff7df6,connected,1,43660,True,bbd09f4c8fc44953b9cc36714bb35861ac4d9ceb914f78fd1dde1bb4a6d4f390,20293998,10,9,0.9984917043740572
road,Dakar,Dakar,28624,43129,3.01348518725545,0.4600377595972308,0.6636833684991537,0.6241310313438612,0.485,0.4775,0.4875,False,0,0.0025,256,1000,3.493571827836781e-05,1.0,0.080072666294019,2198,canonical_v2_exact_endpoint,d135e6c58b836e7913965c30226322d34eaf4bd8c574de7659ea7d8998805576,connected,0,86258,True,6e15df5aec6ff906d7576684bddfb85aacefd9325bdd4a40e3b8d448aa76776f,20289412,27,26,0.9981833426495248
road,Dakar,Dakar,28624,43129,3.01348518725545,0.4600377595972308,0.6636833684991537,0.6241310313438612,0.4825,0.48,0.485,False,0,0.0025,256,1000,3.493571827836781e-05,1.0,0.0801774734488541,2200,canonical_v2_exact_endpoint,d135e6c58b836e7913965c30226322d34eaf4bd8c574de7659ea7d8998805576,connected,1,86258,True,91901db98e856699ae8274796c7ac3bbe6d52a4e87aeb97ab04ee7cdb5973a1d,20289434,30,29,0.9979737283398546
road,Dar es Salaam,Dar es Salaam,22312,29826,2.6735389028325565,0.5075988359230076,0.7480721518138537,0.6359262790285476,0.54,0.5325,0.5425,False,0,0.0025,256,1000,4.481893151667265e-05,1.0,0.2567228397275009,4839,canonical_v2_exact_endpoint,3dbe8788844f68a6baa9d7d70471afabf3c868af462c46dc55b3dd77ad295122,connected,0,59652,True,af19466f037ddd667914a8ea40c8914fb65ea69d3518f3ba3e0e4d0d7d00ae3d,20308926,169,168,0.9839100035855144
road,Dar es Salaam,Dar es Salaam,22312,29826,2.6735389028325565,0.5075988359230076,0.7480721518138537,0.6359262790285476,0.535,0.5325,0.5375,False,0,0.0025,256,1000,4.481893151667265e-05,1.0,0.253002868411617,4807,canonical_v2_exact_endpoint,3dbe8788844f68a6baa9d7d70471afabf3c868af462c46dc55b3dd77ad295122,connected,1,59652,True,d954bd983c7a44284d080b678519438f603567a670cba9b3b7163202d6685bd2,20308956,178,177,0.9831929006812478
road,Delhi,Delhi,59302,85866,2.8958888401740244,0.4689645379225219,0.6906342440546899,0.6229958993794755,0.49,0.485,0.4925,False,0,0.0025,256,1000,1.6862837678324515e-05,1.0,0.1447000101177026,7919,canonical_v2_exact_endpoint,ef9646d6b32ee8d368c13f641fcff98d043f745b57904bc921c5f3509bfa4b32,connected,0,171732,True,d7907c0895bf8a39f5f7ba88c99f1d1b0f77c61fdefee82a51c9d2b22c961d69,20289421,163,162,0.9943003608647264
road,Delhi,Delhi,59302,85866,2.8958888401740244,0.4689645379225219,0.6906342440546899,0.6229958993794755,0.4875,0.485,0.49,False,0,0.0025,256,1000,1.6862837678324515e-05,1.0,0.1454082493001922,7941,canonical_v2_exact_endpoint,ef9646d6b32ee8d368c13f641fcff98d043f745b57904bc921c5f3509bfa4b32,connected,1,171732,True,00063f07261e4f995fb146e102934c0a0197f4f112073666dd862a9dd86ef613,20289443,186,185,0.9935921216822368
road,Dhaka,Dhaka,35890,47996,2.674616884926164,0.501127631139325,0.7477706475539628,0.6318677528389077,0.5275,0.525,0.53,False,0,0.0025,256,1000,2.7862914460852604e-05,1.0,0.2656450264697687,8182,canonical_v2_exact_endpoint,a65144ddcc34f23972b2d202b2d2cd55ea3e782cf425f82e62474c28beb59939,connected,0,95992,True,14f1d9e4a81e0ac6b9e317947c9dee11f13af9a0d2ae12c68a9201fd1c4d22ff,20289301,302,301,0.9821955976595153
road,Dhaka,Dhaka,35890,47996,2.674616884926164,0.501127631139325,0.7477706475539628,0.6318677528389077,0.525,0.5225,0.5375,False,0,0.0025,256,1000,2.7862914460852604e-05,1.0,0.2617442184452493,8147,canonical_v2_exact_endpoint,a65144ddcc34f23972b2d202b2d2cd55ea3e782cf425f82e62474c28beb59939,connected,1,95992,True,6894c7652d9b2db819c9896f67871710ef01a9b0d71574f0ef2d78ba1b120afb,20289323,316,315,0.9817219281136806
road,Dubai,Dubai,15724,22720,2.889849910964131,0.4908611675236571,0.6920774647887324,0.6405457811271997,0.5175,0.5125,0.5175,False,0,0.0025,256,1000,6.359704909692192e-05,1.0,0.08140422284406,1214,canonical_v2_exact_endpoint,2db898e088c7cb2fb4ac59525af70ddc3a6629bdfcf307f718dffa812066751a,connected,0,45440,True,f3f6b7f9244effd30d5cebada73d0c1b304c1d6a6ece111fe6b1f9b551b8b2f4,20289390,17,16,0.9979012973798016
road,Dubai,Dubai,15724,22720,2.889849910964131,0.4908611675236571,0.6920774647887324,0.6405457811271997,0.52,0.5125,0.5225,False,0,0.0025,256,1000,6.359704909692192e-05,1.0,0.0857924192317476,1238,canonical_v2_exact_endpoint,2db898e088c7cb2fb4ac59525af70ddc3a6629bdfcf307f718dffa812066751a,connected,1,45440,True,25bf1a19a3efd03c09c20b5d7c4fae4521e07754211a17eb8a37918be99b9a86,20289412,21,20,0.9972653268888324
road,Hanoi,Hanoi,29320,39886,2.720736698499318,0.4889668023341342,0.7350950208093064,0.6264432300188263,0.515,0.5125,0.52,False,0,0.0025,256,1000,3.410641200545704e-05,1.0,0.2490450204638472,6296,canonical_v2_exact_endpoint,4a321e4140484f274f5b6fa29d763d163fc4b6049743cfa5b35266e3aa4f820a,connected,0,79772,True,1434870620bcd751c1009c26ec82cf93ac741de221010b0e2bf05f4d28f30f75,20289496,234,233,0.9835607094133696
road,Hanoi,Hanoi,29320,39886,2.720736698499318,0.4889668023341342,0.7350950208093064,0.6264432300188263,0.515,0.51,0.5175624999999999,False,0,0.0025,256,1000,3.410641200545704e-05,1.0,0.2476466575716234,6293,canonical_v2_exact_endpoint,4a321e4140484f274f5b6fa29d763d163fc4b6049743cfa5b35266e3aa4f820a,connected,1,79772,True,c6730f7d7f17d986832a0f9218ec3279479457efb8affa77743342bf877a4197,20289518,245,244,0.982537517053206
road,Ho Chi Minh City,Ho Chi Minh City,40466,51958,2.567982998072456,0.5059497146863499,0.7788213557103815,0.6259101793107459,0.5375,0.5325,0.54,False,0,0.0025,256,1000,2.4712103988533584e-05,1.0,0.3722878465872584,12189,canonical_v2_exact_endpoint,8687b876aad2ebf2f3544c09e61dbe0084498b8528b11b33176c5376014c9c5d,connected,0,103916,True,52fedb2ce7568de228eba7dea18fd60bf0b5b2cb1093b390341420bc7be2965d,20317995,614,613,0.9679236890228834
road,Ho Chi Minh City,Ho Chi Minh City,40466,51958,2.567982998072456,0.5059497146863499,0.7788213557103815,0.6259101793107459,0.5375,0.5325,0.5425,False,0,0.0025,256,1000,2.4712103988533584e-05,1.0,0.3725843918351208,12156,canonical_v2_exact_endpoint,8687b876aad2ebf2f3544c09e61dbe0084498b8528b11b33176c5376014c9c5d,connected,1,103916,True,605641e783381fa994122566df1e150077f39233f841f9def935aa6a207f9145,20318028,608,607,0.9684920674146196
road,Hong Kong,Hong Kong,9035,13245,2.931931377974544,0.4651775366136339,0.6821442053605135,0.6214976093972292,0.5,0.4975,0.505,False,0,0.0025,256,1000,0.0001106806862202,1.0,0.1155506364139457,966,canonical_v2_exact_endpoint,8c450ae99e1d49537e3fe46c4f3b09a708194b8e3a26ee2ab24260144f99ea54,connected,0,26490,True,fb5e08f80b1ed558cf125364dadfae4e426663765ffd44bbe53b669ab1a5620e,20298617,18,17,0.9961261759822913
road,Hong Kong,Hong Kong,9035,13245,2.931931377974544,0.4651775366136339,0.6821442053605135,0.6214976093972292,0.495,0.4925,0.505,False,0,0.0025,256,1000,0.0001106806862202,1.0,0.1171001660210293,971,canonical_v2_exact_endpoint,8c450ae99e1d49537e3fe46c4f3b09a708194b8e3a26ee2ab24260144f99ea54,connected,1,26490,True,ec81d0a2b3da2f0f3c47ca4f372e0d5a6d3a64c81e03f1fa50a16ea88a903153,20298643,22,21,0.995240730492529
road,Hyderabad,Hyderabad,98461,132094,2.683174048608078,0.4881558622014944,0.7453858615834179,0.6225261371164539,0.5075000000000001,0.505,0.5125,False,0,0.0025,256,1000,1.0156305542295934e-05,1.0,0.2922172230629386,24486,canonical_v2_exact_endpoint,e4231c8b15f318853b5383dfc47cc6714ae0597f46f38eb309dd665fd8221603,connected,0,264188,True,bcb5e3dfb3ed0d23616296d499c4d2ca1032ee9fce59e750659d8d403524e260,20298932,966,965,0.9792405114715472
road,Hyderabad,Hyderabad,98461,132094,2.683174048608078,0.4881558622014944,0.7453858615834179,0.6225261371164539,0.5075000000000001,0.5075000000000001,0.51,False,0,0.0025,256,1000,1.0156305542295934e-05,1.0,0.2862148464874417,24357,canonical_v2_exact_endpoint,e4231c8b15f318853b5383dfc47cc6714ae0597f46f38eb309dd665fd8221603,connected,1,264188,True,c8131cbd6c74b090eee736d916393afe1e81f6d0088972e5b79731e8fb8cda4a,20298958,1024,1023,0.9782350372228598
road,Istanbul,Istanbul,48682,72909,2.995316544102543,0.4613033850047454,0.667709061981374,0.6246312322524161,0.4825,0.4775,0.4825,False,0,0.0025,256,1000,2.0541473234460376e-05,1.0,0.0858633581200443,3977,canonical_v2_exact_endpoint,eec3a6dbbdcd00ad23b67c1f9091e15b935660f56c8cfe1f00ddc54c0b80a322,connected,0,145818,True,a368c6c1ef413a178bd265cef8b028b48faff0772e8bf210051d3cbb2e1addfc,20296819,59,58,0.9975761061583336
road,Istanbul,Istanbul,48682,72909,2.995316544102543,0.4613033850047454,0.667709061981374,0.6246312322524161,0.48,0.4774375,0.485,False,0,0.0025,256,1000,2.0541473234460376e-05,1.0,0.0869109732550018,3994,canonical_v2_exact_endpoint,eec3a6dbbdcd00ad23b67c1f9091e15b935660f56c8cfe1f00ddc54c0b80a322,connected,1,145818,True,cf50de4fe4c1bce324db617cea6c0262aa3c921240c43eb2e2c51fa0fb83f966,20296844,55,54,0.9977404379442094
road,Jakarta,Jakarta,50166,65445,2.609137662958976,0.512325721577254,0.7665367866147147,0.6339062913771359,0.5375,0.535,0.5425,False,0,0.0025,256,1000,1.993381971853446e-05,1.0,0.3132799106964876,12951,canonical_v2_exact_endpoint,d59d38ad96562a8ea8ea6eb9efcfc96393a754eea73f17cea49fbc37d4a9e8c2,connected,0,130890,True,0358fe9a33109fcdbc468be4b935183d16052715869146cd26ecbd27dbc3e4b4,20294110,558,557,0.976577761830722
road,Jakarta,Jakarta,50166,65445,2.609137662958976,0.512325721577254,0.7665367866147147,0.6339062913771359,0.5425,0.5375,0.5425,False,0,0.0025,256,1000,1.993381971853446e-05,1.0,0.3109675876091377,12909,canonical_v2_exact_endpoint,d59d38ad96562a8ea8ea6eb9efcfc96393a754eea73f17cea49fbc37d4a9e8c2,connected,1,130890,True,a2fdd8a82f6ff21182f7866cc130ff17bf88c08ce8f95c0ff011cb4dc330f14e,20294134,530,529,0.977175776422278
road,Johannesburg,Johannesburg,22312,32632,2.9250627465041235,0.454250595097234,0.6837460161804364,0.611139872298325,0.48,0.48,0.4825,False,0,0.0025,256,1000,4.481893151667265e-05,1.0,0.1599587665830046,3269,canonical_v2_exact_endpoint,4f091fc0d64c7e37ebb8bf87212b572e814d05a9e39d7fd528eafc7620690a88,connected,0,65264,True,72fd8e85eb860ccc3b96a070c47d5c83cb49cd33a19f3c3c03f83dec4c7c536b,20307878,66,65,0.9939046253137324
road,Johannesburg,Johannesburg,22312,32632,2.9250627465041235,0.454250595097234,0.6837460161804364,0.611139872298325,0.4775,0.475,0.48,False,0,0.0025,256,1000,4.481893151667265e-05,1.0,0.1586590175690211,3260,canonical_v2_exact_endpoint,4f091fc0d64c7e37ebb8bf87212b572e814d05a9e39d7fd528eafc7620690a88,connected,1,65264,True,bc01627961f2b9ca1536da1b1ede52df058f2002f1baca6e7ef375fd4f0130ce,20307907,88,87,0.9918429544639656
road,Kampala,Kampala,35927,41391,2.3041723494864588,0.574452139397388,0.8679906259814936,0.6442676492938583,0.6375000000000001,0.625,0.64,False,0,0.0025,256,1000,2.7834219389317228e-05,1.0,0.6429426336738386,15595,canonical_v2_exact_endpoint,a3fdf2484e3d4125bab8164f7b70b3bba13444fbc8d8db4d5b040bd21d48250c,connected,0,82782,True,a228cbb0989c9eb70c54c5b670f431682e5400ddaf117495a88e1847f642a306,20294009,1096,1095,0.930859799036936
road,Kampala,Kampala,35927,41391,2.3041723494864588,0.574452139397388,0.8679906259814936,0.6442676492938583,0.63,0.6275000000000001,0.6375000000000001,False,0,0.0025,256,1000,2.7834219389317228e-05,1.0,0.6566927380521613,15660,canonical_v2_exact_endpoint,a3fdf2484e3d4125bab8164f7b70b3bba13444fbc8d8db4d5b040bd21d48250c,connected,1,82782,True,f6adfa8a939c7323fc518aa0544b79e704f3f702cafdf23161cdd1a58fb8646c,20294033,1100,1099,0.9313608149859436
road,Karachi,Karachi,52156,78992,3.0290666462152007,0.4466206054300997,0.66026939436905,0.6130062683845439,0.465,0.4625,0.47,False,0,0.0025,256,1000,1.9173249482322263e-05,1.0,0.1063731881279239,5251,canonical_v2_exact_endpoint,345bd7c3f4e02b299a268bf152f0f49a4cfd3c52f69f9f4d5eff1283f4b71a48,connected,0,157984,True,364bcc4d568e818430d3bcc4291ab4608a71fad84392a1f971a338ce4f2afef6,20293986,80,79,0.9969322800828284
road,Karachi,Karachi,52156,78992,3.0290666462152007,0.4466206054300997,0.66026939436905,0.6130062683845439,0.465,0.46,0.4675,False,0,0.0025,256,1000,1.9173249482322263e-05,1.0,0.1067566531175703,5263,canonical_v2_exact_endpoint,345bd7c3f4e02b299a268bf152f0f49a4cfd3c52f69f9f4d5eff1283f4b71a48,connected,1,157984,True,56bf58127338b82048a3753edb96576d99bbac27ff716645556cade67b2224ad,20294010,81,80,0.996913106833346
road,Kuala Lumpur,Kuala Lumpur,37213,50999,2.74092387069035,0.4969016115517276,0.7296809741367478,0.6335353536428462,0.52,0.5175,0.5225,False,0,0.0025,256,1000,2.687232956224976e-05,1.0,0.2083411710961223,6751,canonical_v2_exact_endpoint,49b7553a44a7eb0148643d5a81a8b7ab648c1a4225da6cb8aaab15e1173468b7,connected,0,101998,True,0df6035c2756334833e5b52da18c14bf912d0ad9e76cd3f2adede57a9455bf7f,20307405,192,191,0.9891973235159756
road,Kuala Lumpur,Kuala Lumpur,37213,50999,2.74092387069035,0.4969016115517276,0.7296809741367478,0.6335353536428462,0.52,0.5175,0.5225,False,0,0.0025,256,1000,2.687232956224976e-05,1.0,0.2071050439362588,6735,canonical_v2_exact_endpoint,49b7553a44a7eb0148643d5a81a8b7ab648c1a4225da6cb8aaab15e1173468b7,connected,1,101998,True,2487a16f72137bf4f8035f6249b5950504e56a40e8ff427276ec143574219458,20307434,190,189,0.9893048128342246
road,Lagos,Lagos,13226,17952,2.7146529562982007,0.4953369019369792,0.7367424242424242,0.6306685916449754,0.53,0.525,0.5325,False,0,0.0025,256,1000,7.560864962951764e-05,1.0,0.2408891577196431,2771,canonical_v2_exact_endpoint,c2a9d25f86f9b3ca4fd33a84ae643503972c6868a893966ba48b9e5af72f2436,connected,0,35904,True,13131c77b3d1d11cddc1bde85015e0caf7c87b847e1149f1abe304b5a22d27f6,20289564,90,89,0.9857855738696508
road,Lagos,Lagos,13226,17952,2.7146529562982007,0.4953369019369792,0.7367424242424242,0.6306685916449754,0.5325,0.5225,0.535,False,0,0.0025,256,1000,7.560864962951764e-05,1.0,0.2436866777559352,2769,canonical_v2_exact_endpoint,c2a9d25f86f9b3ca4fd33a84ae643503972c6868a893966ba48b9e5af72f2436,connected,1,35904,True,cf19c4012f3cbc4d74b606d0433962f7ab252efbd06219c8f5c163af49106e5f,20289586,100,99,0.9847270527748374
road,Lima,Lima,49410,75796,3.068042906294272,0.4428345242198864,0.6518813657712809,0.6125704528909682,0.4575,0.4575,0.4675,False,0,0.0025,256,1000,2.023881805302571e-05,1.0,0.0877555150779194,4144,canonical_v2_exact_endpoint,b12039ffd98f2fe4818b976b056335d9772a079095451454f90b51260e99343a,connected,0,151592,True,e07d651808147a02d9c158abe860864c6d9a2058ff688d1691fb0bcadc8f9edc,20287281,66,65,0.9972879983808944
road,Lima,Lima,49410,75796,3.068042906294272,0.4428345242198864,0.6518813657712809,0.6125704528909682,0.46,0.4575,0.465,False,0,0.0025,256,1000,2.023881805302571e-05,1.0,0.0872495446265938,4134,canonical_v2_exact_endpoint,b12039ffd98f2fe4818b976b056335d9772a079095451454f90b51260e99343a,connected,1,151592,True,11631b6c37b9b45c76680e784633316eeeabdb8c12a5036e85ad25b7715d2356,20287302,45,44,0.9981987451932808
road,Lisbon,Lisbon,26686,36745,2.7538784381323542,0.4955161486076462,0.7262484691794802,0.63267552802825,0.52,0.5175,0.5275,False,0,0.0025,256,1000,3.747283219665742e-05,1.0,0.1946713632616353,4509,canonical_v2_exact_endpoint,488bc6782067aa70f97242af41f9389b8b68e3725d7fcf1e2633d3e5eae2343f,connected,0,73490,True,c5f7c3c0307fe95ab283f447e7706856c2658a791fda9815d98ccc0af372311e,20291880,139,138,0.989170351495166
road,Lisbon,Lisbon,26686,36745,2.7538784381323542,0.4955161486076462,0.7262484691794802,0.63267552802825,0.525,0.5225,0.5275,False,0,0.0025,256,1000,3.747283219665742e-05,1.0,0.1896500037472832,4473,canonical_v2_exact_endpoint,488bc6782067aa70f97242af41f9389b8b68e3725d7fcf1e2633d3e5eae2343f,connected,1,73490,True,b12cf4d27953016c744c2ce7188506f89b004cc65820d795c1b17fcc7b04dfee,20291903,139,138,0.9892078243273628
road,London,London,48353,62602,2.589373978863773,0.5199847165924646,0.772387463659308,0.6354558633895055,0.545,0.5449375000000001,0.55,False,0,0.0025,256,1000,2.068124004715322e-05,1.0,0.3110458503091845,12228,canonical_v2_exact_endpoint,8f49355676baa87af47d44e42bfbf0f77547d73bc9a1e8dfbc595d3458d54992,connected,0,125204,True,f5940fa7709e19542d5c42d36b3c3fdc62d7878688ba02af27efe7b0ae024e29,20291900,480,479,0.9788224101917152
road,London,London,48353,62602,2.589373978863773,0.5199847165924646,0.772387463659308,0.6354558633895055,0.55,0.5425,0.55,False,0,0.0025,256,1000,2.068124004715322e-05,1.0,0.3145616611172006,12257,canonical_v2_exact_endpoint,8f49355676baa87af47d44e42bfbf0f77547d73bc9a1e8dfbc595d3458d54992,connected,1,125204,True,57bffae89d24e8c6ddebb550e3b7670b8b247ef87ebfef4fe1cddd3aff2e9864,20291923,502,501,0.9776228982689802
road,Los Angeles,Los Angeles,22280,34611,3.106912028725314,0.4249303262083952,0.6437259830689666,0.5965189729036939,0.445,0.4425,0.45,False,0,0.0025,256,1000,4.488330341113108e-05,1.0,0.1103680430879712,2320,canonical_v2_exact_endpoint,219b208ac41716e10e50a12f340935f4a88b22a4a28fb7b189651f09e882a4de,connected,0,69222,True,75da52f16ac3882b8425f2678dde5df1f1a8815f07b27334e2b3f1344afe591c,20304159,37,36,0.9967235188509874
road,Los Angeles,Los Angeles,22280,34611,3.106912028725314,0.4249303262083952,0.6437259830689666,0.5965189729036939,0.4525,0.4475,0.4525,False,0,0.0025,256,1000,4.488330341113108e-05,1.0,0.1096499102333931,2316,canonical_v2_exact_endpoint,219b208ac41716e10e50a12f340935f4a88b22a4a28fb7b189651f09e882a4de,connected,1,69222,True,d02cdc47e9562186e860d941cb459197de481fa81f1e59d2ce8aaeab60f13be3,20304187,38,37,0.9966786355475764
road,Manila,Manila,25142,36895,2.934929599872723,0.4492979529208324,0.6814473505895108,0.6085482861173116,0.4775,0.475,0.4775,False,0,0.0025,256,1000,3.977408320738208e-05,1.0,0.1666534086389308,3830,canonical_v2_exact_endpoint,7645e8072f89f7935b5e2be2cde714a704cf2c1665b04dda8aaa69a16c1ce922,connected,0,73790,True,a4a082a128248a5d0f21027082773bec64a08d189a35c10725983e39b52745df,20291680,88,87,0.9928406650226712
road,Manila,Manila,25142,36895,2.934929599872723,0.4492979529208324,0.6814473505895108,0.6085482861173116,0.475,0.47,0.4775,False,0,0.0025,256,1000,3.977408320738208e-05,1.0,0.1651022193938429,3820,canonical_v2_exact_endpoint,7645e8072f89f7935b5e2be2cde714a704cf2c1665b04dda8aaa69a16c1ce922,connected,1,73790,True,027aa5c5a1ae35967c3f21a16834aab22a3ed37a2ac866ea29cf284088ec1285,20291703,87,86,0.9929997613555008
road,Melbourne,Melbourne,35052,51621,2.9453954125299555,0.4686087256486138,0.6790259777997326,0.6267534266124408,0.49,0.4875,0.4925,False,0,0.0025,256,1000,2.852904256533149e-05,1.0,0.1051009928106812,3429,canonical_v2_exact_endpoint,b1949e34636d16072868fc476e33eed55b5af66885f7558fdf14b8a00254fe6f,connected,0,103242,True,1c45c8762e393f0b508defe769fa021081a02af00f55b0f3dab85361a77c2ae8,20299424,54,53,0.9968903343603788
road,Melbourne,Melbourne,35052,51621,2.9453954125299555,0.4686087256486138,0.6790259777997326,0.6267534266124408,0.4925,0.4925,0.495,False,0,0.0025,256,1000,2.852904256533149e-05,1.0,0.1029613146182814,3406,canonical_v2_exact_endpoint,b1949e34636d16072868fc476e33eed55b5af66885f7558fdf14b8a00254fe6f,connected,1,103242,True,cbe8d1f9dcb5bcd36184c8c16e4edefa23acf5895cfbb184745d41ed0cb975f0,20299450,45,44,0.99743238616912
road,Mexico City,Mexico City,59012,90635,3.0717481190266387,0.4265999557561695,0.6510950515805153,0.5962211342997888,0.445,0.4425,0.4475,False,0,0.0025,256,1000,1.694570595811021e-05,1.0,0.1294313021080458,7253,canonical_v2_exact_endpoint,5ddbbd7846d723b1f438609e14bcf42b2e49075c3d4d3015c000115028bbeb71,connected,0,181270,True,59543c9394a643f64076fd424697b75a4acb21ae7505032989a847cf19fd20ac,20304224,134,133,0.9954246593913102
road,Mexico City,Mexico City,59012,90635,3.0717481190266387,0.4265999557561695,0.6510950515805153,0.5962211342997888,0.44,0.44,0.4475,False,0,0.0025,256,1000,1.694570595811021e-05,1.0,0.1318714837660136,7303,canonical_v2_exact_endpoint,5ddbbd7846d723b1f438609e14bcf42b2e49075c3d4d3015c000115028bbeb71,connected,1,181270,True,1a04c354961307d629510310bb18ebe14b21ee7e087bb2752fa320f04b2d5ca1,20304252,142,141,0.9951196366840642
road,Miami,Miami,17983,28736,3.1959072457320805,0.4188310741874362,0.6258003897550111,0.5964458763612537,0.4425,0.4375,0.445,False,0,0.0025,256,1000,5.560807429238728e-05,1.0,0.0683423233053439,1183,canonical_v2_exact_endpoint,fd21fa456eaea9f49daad4426115d8267bc44b46bbe9b58a5a39830d12f1f831,connected,0,57472,True,cb217129a52d9f9fbbc1baa36e06fa26273378ba66eb01dcd061325867b058bd,20289460,15,14,0.9984429739198132
road,Miami,Miami,17983,28736,3.1959072457320805,0.4188310741874362,0.6258003897550111,0.5964458763612537,0.4425,0.44,0.445,False,0,0.0025,256,1000,5.560807429238728e-05,1.0,0.0684535394539287,1183,canonical_v2_exact_endpoint,fd21fa456eaea9f49daad4426115d8267bc44b46bbe9b58a5a39830d12f1f831,connected,1,57472,True,7a40f65486ea9b9383e8a6fa20a85f94c783d2d45e1ba264b6dcaada3eb65479,20289482,11,10,0.9988878385141524
road,Milan,Milan,25735,38172,2.9665436176413444,0.4648772408417771,0.6741852666876245,0.6252786043555665,0.49,0.485,0.4925,False,0,0.0025,256,1000,3.885758694385079e-05,1.0,0.0928696327958033,2241,canonical_v2_exact_endpoint,8a510eeeeababe0918e84b94fdeca1af18464ce1e32ea599801b1d50b4e41370,connected,0,76344,True,783d2d19540749025a5190615c7a1de481e0a3aaf27f885b1ed591f031c55e3a,20289490,29,28,0.997668544783369
road,Milan,Milan,25735,38172,2.9665436176413444,0.4648772408417771,0.6741852666876245,0.6252786043555665,0.49,0.4825,0.4925,False,0,0.0025,256,1000,3.885758694385079e-05,1.0,0.0922090538177579,2239,canonical_v2_exact_endpoint,8a510eeeeababe0918e84b94fdeca1af18464ce1e32ea599801b1d50b4e41370,connected,1,76344,True,bcf2aa9b2b34dce702520318c06708416cb4f5b41943111266650b583850e1a0,20289512,29,28,0.9978239751311444
road,Montevideo,Montevideo,13761,22450,3.2628442700385145,0.4069683126676818,0.6129621380846325,0.5861605763055557,0.4325,0.43,0.435,False,0,0.0025,256,1000,7.266913741733884e-05,1.0,0.071215754668992,949,canonical_v2_exact_endpoint,9ee40968652a95a09602706106415494c580fdffdece75f26c0056f87a424058,connected,0,44900,True,3ba40c52ad333a7a91c55d065bc5777dd963e91475456a29c10384906c203e47,20302121,6,5,0.9992733086258266
road,Montevideo,Montevideo,13761,22450,3.2628442700385145,0.4069683126676818,0.6129621380846325,0.5861605763055557,0.4375,0.4275,0.4425,False,0,0.0025,256,1000,7.266913741733884e-05,1.0,0.0702710558825666,944,canonical_v2_exact_endpoint,9ee40968652a95a09602706106415494c580fdffdece75f26c0056f87a424058,connected,1,44900,True,5ebd9f2191ef1328a78c753691666b6d5e19af27d16a9d0a3b00423bd30b9730,20302148,9,8,0.9988372938013226
road,Montreal,Montreal,20313,32065,3.157091517747256,0.4231662575553621,0.6334944643692499,0.5936174823703804,0.4475,0.4425,0.45,False,0,0.0025,256,1000,4.9229557426278746e-05,1.0,0.0698075124304632,1352,canonical_v2_exact_endpoint,fa016fc802965ee9056d5b0f9428501b44c2fee6cc23f869d0f1455a654ec912,connected,0,64130,True,6db4ee72e2f1eb59e0ccd3e3e101781b0165e71c6366dd7d8a077eac54098cb5,20296771,13,12,0.998769261064343
road,Montreal,Montreal,20313,32065,3.157091517747256,0.4231662575553621,0.6334944643692499,0.5936174823703804,0.4475,0.4425,0.4475,False,0,0.0025,256,1000,4.9229557426278746e-05,1.0,0.0710874809235465,1359,canonical_v2_exact_endpoint,fa016fc802965ee9056d5b0f9428501b44c2fee6cc23f869d0f1455a654ec912,connected,1,64130,True,2d8979f4ea0f2b643c2bd95e9c770c79a85a2c326c48f1246435b475439cf69a,20296796,12,11,0.9989169497366218
road,Mumbai,Mumbai,18270,24999,2.7366174055829227,0.4825037154272258,0.7308292331693268,0.6219120370356436,0.5125,0.5075000000000001,0.515,False,0,0.0025,256,1000,5.473453749315816e-05,1.0,0.2508483853311439,3981,canonical_v2_exact_endpoint,9ca15f4021afcac446dbb4da5ffb94e7ec8bd8300ccdfc7eaecd6101b5b8879c,connected,0,49998,True,bd40dc42888b5b2bf6181e72659fe13bdd373b10a86f960aceda4342666f6313,20291727,134,133,0.985112205801861
road,Mumbai,Mumbai,18270,24999,2.7366174055829227,0.4825037154272258,0.7308292331693268,0.6219120370356436,0.515,0.5125,0.5175,False,0,0.0025,256,1000,5.473453749315816e-05,1.0,0.2590585659551176,4016,canonical_v2_exact_endpoint,9ca15f4021afcac446dbb4da5ffb94e7ec8bd8300ccdfc7eaecd6101b5b8879c,connected,1,49998,True,ddc8f2948afe8e11a91429cf244bd756aa81ee5558d4cc55df5c37f71e0cd7b4,20291750,133,132,0.9846743295019156
road,Nairobi,Nairobi,22960,28157,2.452700348432056,0.5433092136999518,0.8154277799481479,0.6398066061854979,0.585,0.5775,0.5875,False,0,0.0025,256,1000,4.35540069686411e-05,1.0,0.4543118466898955,7776,canonical_v2_exact_endpoint,2cbde71d4249347843419c9eefe485c3d86aa4ed6a5930244faa1b08f879ae2e,connected,0,56314,True,b417116fed5f0372c639e4d1588fde5746cd50e204a8ba82081af1a6b2e9a6cc,20294139,432,431,0.9584059233449478
road,Nairobi,Nairobi,22960,28157,2.452700348432056,0.5433092136999518,0.8154277799481479,0.6398066061854979,0.5925,0.5875,0.595,False,0,0.0025,256,1000,4.35540069686411e-05,1.0,0.4382404181184669,7688,canonical_v2_exact_endpoint,2cbde71d4249347843419c9eefe485c3d86aa4ed6a5930244faa1b08f879ae2e,connected,1,56314,True,ecd146ee59c82fef85334597a700baa1fd654ae256e96080a6961d4fb95f58e3,20294163,426,425,0.9596689895470384
road,New York City,New York City,20109,34130,3.394499975135512,0.3876426827190641,0.5891883973044242,0.5686540264490313,0.41,0.4075,0.41,False,0,0.0025,256,1000,4.9728977074941546e-05,1.0,0.0583320901089064,1135,canonical_v2_exact_endpoint,75627dcff916b66ff0d79a50d0661574e261bee71a3917348d72190e1cc209cd,connected,0,68260,True,7ce8b79c438ccf9ad03c6d28a728439fd6717302ff4d9857780dc19235bdd527,20309712,13,12,0.9988065045502014
road,New York City,New York City,20109,34130,3.394499975135512,0.3876426827190641,0.5891883973044242,0.5686540264490313,0.41,0.41,0.4125,False,0,0.0025,256,1000,4.9728977074941546e-05,1.0,0.0575364264757073,1131,canonical_v2_exact_endpoint,75627dcff916b66ff0d79a50d0661574e261bee71a3917348d72190e1cc209cd,connected,1,68260,True,0f39817e22f02844274e6787fd456436cb16b80c75709d4e3451005caa759cbd,20309742,12,11,0.9989059625043512
road,Osaka,Osaka,92460,138690,3.0,0.4467357272621854,0.6666666666666666,0.6120026038397824,0.4625,0.46,0.4625,False,0,0.0025,256,1000,1.081548777849881e-05,1.0,0.1239130434782608,10719,canonical_v2_exact_endpoint,8716f7da01a6ea100c83066836fea709c34b406534acc56a2f284e9c2ad9c7db,connected,0,277380,True,fb5da85e231b011fdddd2fd8bf882e5007c659cd2d874296e29864810cb7352b,20289444,215,214,0.9952628163530176
road,Osaka,Osaka,92460,138690,3.0,0.4467357272621854,0.6666666666666666,0.6120026038397824,0.4625,0.46,0.465,False,0,0.0025,256,1000,1.081548777849881e-05,1.0,0.1230369889682024,10690,canonical_v2_exact_endpoint,8716f7da01a6ea100c83066836fea709c34b406534acc56a2f284e9c2ad9c7db,connected,1,277380,True,2f64f0dcd5310ff505ca8759ef1433c270e4e7ed031af85dc9b7cda34326225e,20289466,209,208,0.9954358641574736
road,Panama City,Panama City,9245,12302,2.661330448891293,0.4936399020906064,0.7515038205169892,0.6246834166228351,0.5325,0.53,0.54,False,0,0.0025,256,1000,0.0001081665765278,1.0,0.2972417522985398,2312,canonical_v2_exact_endpoint,93bf1c32dfc9bec7d8b42660f7eaf8b0006c7b55199906746005ba302a9e1526,connected,0,24604,True,4476aa54202a483677833413ff46331d8397918cadb2506dd346d97fead33776,20304008,82,81,0.9820443482963764
road,Panama City,Panama City,9245,12302,2.661330448891293,0.4936399020906064,0.7515038205169892,0.6246834166228351,0.535,0.53,0.5375,False,0,0.0025,256,1000,0.0001081665765278,1.0,0.2972417522985398,2317,canonical_v2_exact_endpoint,93bf1c32dfc9bec7d8b42660f7eaf8b0006c7b55199906746005ba302a9e1526,connected,1,24604,True,a701dbcadf3b76f43ab0033516a92411420a9557290be956116bd3cf677e77db,20304036,89,88,0.9796646836127636
road,Paris,Paris,36946,55181,2.987116331943918,0.453974052043998,0.6695420525180769,0.6185179616038177,0.475,0.475,0.4775,False,0,0.0025,256,1000,2.706652952958372e-05,1.0,0.1044768039841931,3573,canonical_v2_exact_endpoint,0fe84770577f910adb2fe64426447e4fa469ba5466935ff09e61d0ff2168942a,connected,0,110362,True,545a56bbcc591d9616d5a2635608365c7add2ca24760b7f959cb9a85ac13c17b,20289622,59,58,0.9968332160450388
road,Paris,Paris,36946,55181,2.987116331943918,0.453974052043998,0.6695420525180769,0.6185179616038177,0.475,0.4725,0.4775,False,0,0.0025,256,1000,2.706652952958372e-05,1.0,0.1027716126238293,3556,canonical_v2_exact_endpoint,0fe84770577f910adb2fe64426447e4fa469ba5466935ff09e61d0ff2168942a,connected,1,110362,True,a64c576b656213d6cfe4e5b5fdb8c58cdca705f7c53607ec8a29fc53107176b2,20289644,52,51,0.997130947869864
road,Prague,Prague,19787,27325,2.7619143882346995,0.4768012005095185,0.7241354071363221,0.6190045672056735,0.5075000000000001,0.505,0.5125,False,0,0.0025,256,1000,5.053823217263858e-05,1.0,0.2372770000505382,4020,canonical_v2_exact_endpoint,8feb933105574b153905c5850a1837bc2842d9b0f9161c744cc11c708e4a5e38,connected,0,54650,True,8befa1db126aec7c13fd6bcfb13b7f9523dedbbf35a6c9fef28d7402b2e02d1d,20291829,119,118,0.9870116743316318
road,Prague,Prague,19787,27325,2.7619143882346995,0.4768012005095185,0.7241354071363221,0.6190045672056735,0.51,0.5,0.5125,False,0,0.0025,256,1000,5.053823217263858e-05,1.0,0.2322231768332743,4005,canonical_v2_exact_endpoint,8feb933105574b153905c5850a1837bc2842d9b0f9161c744cc11c708e4a5e38,connected,1,54650,True,459280fdb7524207255d7987c6325cda86b7d58b1e9577f0b693978fe97763d3,20291852,128,127,0.9864052155455604
road,Quito,Quito,26144,35253,2.696832925336597,0.4811776588774842,0.7416106430658383,0.6182161993593168,0.51,0.5075000000000001,0.5125,False,0,0.0025,256,1000,3.824969400244796e-05,1.0,0.2936046511627907,6580,canonical_v2_exact_endpoint,b2a5f5615b2bac039babb0f6a8ec841b36de81f1eab4f6b184ab6e7f0ea38b26,connected,0,70506,True,ae59be431cc9c0307c1991b22a5dc1a568e61bfd50d9dbf4931ced63e441627e,20289755,274,273,0.9780064259485924
road,Quito,Quito,26144,35253,2.696832925336597,0.4811776588774842,0.7416106430658383,0.6182161993593168,0.515,0.5075000000000001,0.5175,False,0,0.0025,256,1000,3.824969400244796e-05,1.0,0.2918834149326805,6558,canonical_v2_exact_endpoint,b2a5f5615b2bac039babb0f6a8ec841b36de81f1eab4f6b184ab6e7f0ea38b26,connected,1,70506,True,655bbac0b603c08cef537eb7733ba3e16e99ce3389bcd22e9f13879c16a1015a,20289777,274,273,0.9785801713586292
road,Rio de Janeiro,Rio de Janeiro,14909,20774,2.786773090079817,0.479348377866999,0.7176759410801964,0.6239372666595148,0.51,0.505,0.5125,False,0,0.0025,256,1000,6.707357971694951e-05,1.0,0.2069219934267891,2752,canonical_v2_exact_endpoint,5cd554861366e52613b78a2de92457492fb272db3e31ad70caafa4d41839b67d,connected,0,41548,True,527c95f75201b1022c29b1b87f38f6ed68bf19c3471dd00b13398a694004dbb0,20312301,82,81,0.9889328593467034
road,Rio de Janeiro,Rio de Janeiro,14909,20774,2.786773090079817,0.479348377866999,0.7176759410801964,0.6239372666595148,0.5125,0.5075000000000001,0.5175,False,0,0.0025,256,1000,6.707357971694951e-05,1.0,0.2061171104701858,2747,canonical_v2_exact_endpoint,5cd554861366e52613b78a2de92457492fb272db3e31ad70caafa4d41839b67d,connected,1,41548,True,a3d3e71c59367f29fd4f1b0d69a2860bab3e4d8a66ed31a11c5f394a25b42e39,20312332,92,91,0.9869877255349118
road,Riyadh,Riyadh,52112,79423,3.048165489714461,0.4665628855078422,0.6561323546076074,0.6320424002526038,0.4825,0.48,0.485,False,0,0.0025,256,1000,1.9189438133251456e-05,1.0,0.0370548050353085,1880,canonical_v2_exact_endpoint,598172e9ba56032da1b853bbd215b8b8dcc7673f9afa44e34a62853b54d5f3cc,connected,0,158846,True,e5c917fb440542a89ee0482c72ca230dab5911fc7500bb195576ee183f3a13a1,20291779,13,12,0.999539453484802
road,Riyadh,Riyadh,52112,79423,3.048165489714461,0.4665628855078422,0.6561323546076074,0.6320424002526038,0.485,0.4825,0.4875,False,0,0.0025,256,1000,1.9189438133251456e-05,1.0,0.0371891311022413,1884,canonical_v2_exact_endpoint,598172e9ba56032da1b853bbd215b8b8dcc7673f9afa44e34a62853b54d5f3cc,connected,1,158846,True,7a92a13aaacdda45d0d74429482ec5d54d97002ef62537564f4b6519dab26910,20291802,16,15,0.9994243168560024
road,Rome,Rome,25843,37062,2.868242851062184,0.4705329710788918,0.697291025848578,0.6233084231605613,0.495,0.495,0.5,False,0,0.0025,256,1000,3.86951979259374e-05,1.0,0.1559029524436017,3683,canonical_v2_exact_endpoint,775d3fdc7167aa3c7e62f09d12d3a1af88893fcdf5757ff1db1f19ca80b81f8a,connected,0,74124,True,f2b03473317bdd48463374ff73da09af1fc666cbfba7d6cbcb82f3078ad4889a,20287395,91,90,0.9928026931857756
road,Rome,Rome,25843,37062,2.868242851062184,0.4705329710788918,0.697291025848578,0.6233084231605613,0.4975,0.495,0.5,False,0,0.0025,256,1000,3.86951979259374e-05,1.0,0.1588824826838989,3704,canonical_v2_exact_endpoint,775d3fdc7167aa3c7e62f09d12d3a1af88893fcdf5757ff1db1f19ca80b81f8a,connected,1,74124,True,aa1afdd13c33fb625874b527feebf1701efe6ef43e5c122c64b97bcec97350dd,20287416,79,78,0.99380876833185
road,San Francisco,San Francisco,11502,18546,3.224830464267084,0.4019767215033488,0.6201876415399546,0.5784133366942563,0.435,0.425,0.4375,False,0,0.0025,256,1000,8.694140149539213e-05,1.0,0.1024169709615719,1132,canonical_v2_exact_endpoint,9a77f5498f5072c63be911941b5ca244b84d74c1eb942d53b55cdf2a533cdffe,connected,0,37092,True,8c47f5c803da16a433d1d4c26c467d154e7446ee07baa0f7e8eff52f8b194739,20310039,21,20,0.9964354025386888
road,San Francisco,San Francisco,11502,18546,3.224830464267084,0.4019767215033488,0.6201876415399546,0.5784133366942563,0.4325,0.4275,0.435,False,0,0.0025,256,1000,8.694140149539213e-05,1.0,0.1068509824378369,1148,canonical_v2_exact_endpoint,9a77f5498f5072c63be911941b5ca244b84d74c1eb942d53b55cdf2a533cdffe,connected,1,37092,True,2873d4e32c646acde462f21eea5b7ba249ac69de79cfdab8ba0689412dffddee,20310069,19,18,0.9968701095461658
road,Santiago,Santiago,60718,88302,2.90859382720116,0.4543405779204741,0.6876174945074857,0.6118232079220822,0.47,0.47,0.475,False,0,0.0025,256,1000,1.646958068447578e-05,1.0,0.1762245133238907,9755,canonical_v2_exact_endpoint,75e7cd4f29692e9a18568e505a10786bc5bfd504bb2e77dcb249a6606cf64b92,connected,0,176604,True,ce471e274776643dd59c03f2c94c09856358882c459cae7bd01517a09ecc7723,20296686,246,245,0.9917487400770776
road,Santiago,Santiago,60718,88302,2.90859382720116,0.4543405779204741,0.6876174945074857,0.6118232079220822,0.4725,0.47,0.475,False,0,0.0025,256,1000,1.646958068447578e-05,1.0,0.1744952073520208,9726,canonical_v2_exact_endpoint,75e7cd4f29692e9a18568e505a10786bc5bfd504bb2e77dcb249a6606cf64b92,connected,1,176604,True,b9412f7066e5704dc3286a4f959950646b53e8f8fdf1a9602b8f6987de598713,20296711,232,231,0.9920451925293982
road,Sao Paulo,Sao Paulo,51289,77333,3.0155783891282733,0.4525467568643056,0.6632226863046823,0.6177745895074539,0.4725,0.4675,0.475,False,0,0.0025,256,1000,1.9497358107976368e-05,1.0,0.0957710230263799,4671,canonical_v2_exact_endpoint,104118adf016eada9c8e57555d6f0b674736c2e3603ac7573fa3cfc42b04dc31,connected,0,154666,True,ce005a5393df03bb314404586991c45707abe8b3fad25b4dd553bba2b7f8104e,20298802,60,59,0.9976603170270428
road,Sao Paulo,Sao Paulo,51289,77333,3.0155783891282733,0.4525467568643056,0.6632226863046823,0.6177745895074539,0.4725,0.47,0.4725,False,0,0.0025,256,1000,1.9497358107976368e-05,1.0,0.0962584569790793,4675,canonical_v2_exact_endpoint,104118adf016eada9c8e57555d6f0b674736c2e3603ac7573fa3cfc42b04dc31,connected,1,154666,True,0ce96db062a3b7d7026891149456794b38a7c2441090a0e0a6023e0075fca8b2,20298828,82,81,0.9968024332702918
road,Seattle,Seattle,17570,26501,3.0166192373363687,0.4417716876708675,0.6629938492887061,0.6083977700471199,0.4675,0.4625,0.475,False,0,0.0025,256,1000,5.691519635742744e-05,1.0,0.1247581104154809,2046,canonical_v2_exact_endpoint,49de4295ad5a4a67f30bef7ce88f0d68abdbc76127e2c8b428495766a106997c,connected,0,53002,True,89741f11854bf547863870e2cd8c57a54bc8c074d3c8679dfa61cfe0604d9875,20294263,43,42,0.9949914627205464
road,Seattle,Seattle,17570,26501,3.0166192373363687,0.4417716876708675,0.6629938492887061,0.6083977700471199,0.47,0.4675,0.4725,False,0,0.0025,256,1000,5.691519635742744e-05,1.0,0.1235059760956175,2040,canonical_v2_exact_endpoint,49de4295ad5a4a67f30bef7ce88f0d68abdbc76127e2c8b428495766a106997c,connected,1,53002,True,524424ca1843855535bfdd5dc6ed426a1026ddf904e8766a4c41fcb3cb26f4f8,20294287,40,39,0.9953329538986908
road,Seoul,Seoul,50914,76060,2.9877833208940565,0.4516653899369949,0.6693925848014726,0.6167580998833466,0.4675,0.4675,0.47,False,0,0.0025,256,1000,1.9640963192834975e-05,1.0,0.116038810543269,5568,canonical_v2_exact_endpoint,28613ed519fdcb353693f7186775e7ab7e21e61a60ec9c5a88d9cd9a2485ea67,connected,0,152120,True,f583e132031b310991e9d94b549ba2ff70714fd70aaf370d8e8c36cd6309d047,20289682,93,92,0.996307498919747
road,Seoul,Seoul,50914,76060,2.9877833208940565,0.4516653899369949,0.6693925848014726,0.6167580998833466,0.47,0.4675,0.475,False,0,0.0025,256,1000,1.9640963192834975e-05,1.0,0.1157441960953765,5563,canonical_v2_exact_endpoint,28613ed519fdcb353693f7186775e7ab7e21e61a60ec9c5a88d9cd9a2485ea67,connected,1,152120,True,ee424a3c17fd9b33670360d1ff1fe42b9413d5da84f9dc1585a4cc8aba7ce097,20289704,89,88,0.9964646266252896
road,Singapore,Singapore,13478,19430,2.88321709452441,0.4668204315025708,0.6936695831188883,0.6199378790433933,0.4975,0.4925,0.5025000000000001,False,0,0.0025,256,1000,7.419498441905329e-05,1.0,0.1581095117970025,1933,canonical_v2_exact_endpoint,6dbd2f1c403e04188df631f9bea5b7e958698cd051a6bee3adaa5b6ead8b3572,connected,0,38860,True,e2ff747612c4c11af31e27c7a33e3cb47390e2d4c9a23c303e1e4227f14455d3,20299370,46,45,0.9931740614334472
road,Singapore,Singapore,13478,19430,2.88321709452441,0.4668204315025708,0.6936695831188883,0.6199378790433933,0.4975,0.4975,0.5000625,False,0,0.0025,256,1000,7.419498441905329e-05,1.0,0.1611515061581837,1948,canonical_v2_exact_endpoint,6dbd2f1c403e04188df631f9bea5b7e958698cd051a6bee3adaa5b6ead8b3572,connected,1,38860,True,236c1e1f6b5feb3314be7aeab0797545fa5dccefd6e4b57fa8b2883186156d21,20299396,43,42,0.9933966463867042
road,Sydney,Sydney,22215,31013,2.792077425163178,0.487296324811841,0.7163125141069874,0.630326254748881,0.5175,0.5125,0.52,False,0,0.0025,256,1000,4.501462975467027e-05,1.0,0.1775376997524195,3561,canonical_v2_exact_endpoint,f353556b450891524e6a7f264edcd83c15c72d163c28cddb4faf1861ee441b95,connected,0,62026,True,b26c16037030dd8f4d0cb76460aa4a017b3dce6efea8c79b8c1fc5dcb1ff23b6,20292043,95,94,0.9910420886788206
road,Sydney,Sydney,22215,31013,2.792077425163178,0.487296324811841,0.7163125141069874,0.630326254748881,0.515,0.5125,0.52,False,0,0.0025,256,1000,4.501462975467027e-05,1.0,0.1783029484582489,3563,canonical_v2_exact_endpoint,f353556b450891524e6a7f264edcd83c15c72d163c28cddb4faf1861ee441b95,connected,1,62026,True,360e764550c1e9c3d63c12ed622c9eb8aecf3e98fb9818b4cb86754f88382acb,20292066,107,106,0.9903668692325006
road,Taipei,Taipei,16388,24900,3.0388088845496704,0.431684610183596,0.6581526104417671,0.6021173050401765,0.4575,0.455,0.4675,False,0,0.0025,256,1000,6.1020258725897e-05,1.0,0.1316817183304857,2046,canonical_v2_exact_endpoint,310800963b10da8c0b94671f9f037020e1d31ab8be108ba2aabf497426d344eb,connected,0,49800,True,d4f032525669b5bda7a033f5d4851ee9bdaabe09de16a795788b5952d2d7e6d4,20291763,32,31,0.9962167439589944
road,Taipei,Taipei,16388,24900,3.0388088845496704,0.431684610183596,0.6581526104417671,0.6021173050401765,0.455,0.4525,0.465,False,0,0.0025,256,1000,6.1020258725897e-05,1.0,0.1346717110080546,2067,canonical_v2_exact_endpoint,310800963b10da8c0b94671f9f037020e1d31ab8be108ba2aabf497426d344eb,connected,1,49800,True,39740799e6e5975b91b91b3820949920cb84394580071b20aefc467c39791529,20291786,49,48,0.994142055162314
road,Tehran,Tehran,85612,108037,2.5238751576881744,0.5095652255940534,0.7924322222942141,0.6248642133671398,0.54,0.54,0.5425,False,0,0.0025,256,1000,1.168060552259029e-05,1.0,0.4190650843339719,28446,canonical_v2_exact_endpoint,aade61c16f52640e8fe72184ac08ff6e1230f57f6c2b62218fe0711186df012a,connected,0,216074,True,b8757a4daffae4944fd6fe616e68b5f466c6e2034ca7015a3602e1691d5b2735,20291816,1603,1602,0.9603326636452834
road,Tehran,Tehran,85612,108037,2.5238751576881744,0.5095652255940534,0.7924322222942141,0.6248642133671398,0.5425,0.535,0.5475,False,0,0.0025,256,1000,1.168060552259029e-05,1.0,0.424905387095267,28549,canonical_v2_exact_endpoint,aade61c16f52640e8fe72184ac08ff6e1230f57f6c2b62218fe0711186df012a,connected,1,216074,True,828b590a0b9c8e939023ed16eadccb35eef94fadddaf2f625905f996bf08c4ce,20291839,1532,1531,0.961372237536794
road,Tel Aviv,Tel Aviv,21205,30263,2.85432680971469,0.4704556407107436,0.7006906122988468,0.6216476446413872,0.4975,0.495,0.5,False,0,0.0025,256,1000,4.715868898844611e-05,1.0,0.1699599151143598,3254,canonical_v2_exact_endpoint,9f1314703ee8971beeaaeefc0921c057ca266dbb7be2bb3dba804128bde66006,connected,0,60526,True,485495a779df81c73fff1589a059a528ac2c9d82a0c1cd10b1fe883f90f2c867,20296214,90,89,0.991228483848149
road,Tel Aviv,Tel Aviv,21205,30263,2.85432680971469,0.4704556407107436,0.7006906122988468,0.6216476446413872,0.4975,0.495,0.5,False,0,0.0025,256,1000,4.715868898844611e-05,1.0,0.1716576279179439,3259,canonical_v2_exact_endpoint,9f1314703ee8971beeaaeefc0921c057ca266dbb7be2bb3dba804128bde66006,connected,1,60526,True,9301bf2b9b4c83b2bcda634e73fa3acda5e245d3836a99ca2f2a408b885a0ea5,20296239,87,86,0.9917000707380336
road,Tokyo,Tokyo,62113,98086,3.158308244650878,0.4276266169078313,0.6332504129029627,0.6038329066159509,0.4425,0.4425,0.4475,False,0,0.0025,256,1000,1.6099689275996976e-05,1.0,0.0660409254101395,3968,canonical_v2_exact_endpoint,15cfd4fa93fec7c9f390f2faaa129638816fdfccb3ee81702a7920d7ebae4d36,connected,0,196172,True,b6e25dbaeb7a9e72166326e58552a141bc240f0a3cc804c2e6afb7a3ecbc5715,20289792,41,40,0.9987120248579202
road,Tokyo,Tokyo,62113,98086,3.158308244650878,0.4276266169078313,0.6332504129029627,0.6038329066159509,0.445,0.4425,0.445,False,0,0.0025,256,1000,1.6099689275996976e-05,1.0,0.0668620095632154,3987,canonical_v2_exact_endpoint,15cfd4fa93fec7c9f390f2faaa129638816fdfccb3ee81702a7920d7ebae4d36,connected,1,196172,True,a6eb91ea2b834d18c99e22d842de0959b0634fd85228c503ef07636bc8b73ff5,20289814,45,44,0.9985671276544362
road,Toronto,Toronto,12443,18430,2.962308125050229,0.4503249767873723,0.6751492132392838,0.6093514625076226,0.4825,0.475,0.485,False,0,0.0025,256,1000,8.036647110825364e-05,1.0,0.1375873985373302,1575,canonical_v2_exact_endpoint,4200b36ec2997344a60524e4d4862d268a60559a81e548bd471fe33fdad07d94,connected,0,36860,True,2fcb780d06d009a3d4288cc836a343625efcbe0e5b161397d3b1c3f2d1fc437f,20294578,32,31,0.9950172787912884
road,Toronto,Toronto,12443,18430,2.962308125050229,0.4503249767873723,0.6751492132392838,0.6093514625076226,0.48,0.4725,0.4825624999999999,False,0,0.0025,256,1000,8.036647110825364e-05,1.0,0.139114361488387,1581,canonical_v2_exact_endpoint,4200b36ec2997344a60524e4d4862d268a60559a81e548bd471fe33fdad07d94,connected,1,36860,True,d0ed3937f1368d57c7c37a8eca7b2ad295d0776e1704e4c072be717967d879d4,20294602,31,30,0.99493691232018
road,Tunis,Tunis,46721,67495,2.8892789109822137,0.4801932298410621,0.6922142380917105,0.6317793038370825,0.5025000000000001,0.4975,0.505,False,0,0.0025,256,1000,2.140365146293957e-05,1.0,0.1220650242931444,5259,canonical_v2_exact_endpoint,35e3364d1fcc0403e4638f4679bcc028c574cc7b0022685dce9d8b812e3b82f7,connected,0,134990,True,14d731d761cbf2e03ac43d3cfae1f75e9a75b775190328894279c6b9c9ba79ab,20289754,94,93,0.9959547098735044
road,Tunis,Tunis,46721,67495,2.8892789109822137,0.4801932298410621,0.6922142380917105,0.6317793038370825,0.4975,0.4975,0.505,False,0,0.0025,256,1000,2.140365146293957e-05,1.0,0.1211018599773121,5243,canonical_v2_exact_endpoint,35e3364d1fcc0403e4638f4679bcc028c574cc7b0022685dce9d8b812e3b82f7,connected,1,134990,True,75f8002a3b0b45d1bac8480f3c6eb3348870c98969619cb6d6c352886c20716b,20289776,100,99,0.9955694441471716
road,Vancouver,Vancouver,14876,22751,3.058752352783006,0.4277066531310511,0.6538613687310448,0.5947690996506795,0.4575,0.4525,0.4625,False,0,0.0025,256,1000,6.722237160527024e-05,1.0,0.1401586447969884,1910,canonical_v2_exact_endpoint,68bd74e36d2e9d7613baac0ed29ae6a4750ab861d07e760be6d7fd4111241454,connected,0,45502,True,b475a3544896ba5fe63dc910ee91946b66053457372eb9416fd20bde3257b8f1,20299588,42,41,0.994286098413552
road,Vancouver,Vancouver,14876,22751,3.058752352783006,0.4277066531310511,0.6538613687310448,0.5947690996506795,0.4525,0.45,0.46,False,0,0.0025,256,1000,6.722237160527024e-05,1.0,0.1352514116698037,1890,canonical_v2_exact_endpoint,68bd74e36d2e9d7613baac0ed29ae6a4750ab861d07e760be6d7fd4111241454,connected,1,45502,True,fccdc43ad381d22e67439f00caa8b8270120c67dc008ce5d15fd82c97f03e739,20299614,37,36,0.9948910997579996
road,Vienna,Vienna,17629,26142,2.9657949968801405,0.4456985030858935,0.6743554433478693,0.6083629848169554,0.475,0.4675,0.48,False,0,0.0025,256,1000,5.672471495830735e-05,1.0,0.143967326564184,2342,canonical_v2_exact_endpoint,8b68b8dd113f31905448268df59026a70688fb0f7528e92a635f9fc598b0d79f,connected,0,52284,True,6d93c6bba5b555e55e88c53eeffe65709ed36af128f1ffb3e8e5e35c19879aba,20291783,42,41,0.9950082250836688
road,Vienna,Vienna,17629,26142,2.9657949968801405,0.4456985030858935,0.6743554433478693,0.6083629848169554,0.4725,0.47,0.475,False,0,0.0025,256,1000,5.672471495830735e-05,1.0,0.1456690680129332,2351,canonical_v2_exact_endpoint,8b68b8dd113f31905448268df59026a70688fb0f7528e92a635f9fc598b0d79f,connected,1,52284,True,50b330151ed05108b795f9fc280deb11da0e016b1d9f9ec1e25571c84563b006,20291806,62,61,0.9929094106302117
road,Warsaw,Warsaw,17582,24341,2.76885451029462,0.4800796812749004,0.7223203648165646,0.6216663185144851,0.505,0.5025000000000001,0.515,False,0,0.0025,256,1000,5.687635081333182e-05,1.0,0.2202252303492207,3380,canonical_v2_exact_endpoint,afc7445d54d624eecd37e4237c8a75938282f861f476831d8a7728a415c87fae,connected,0,48682,True,3847e72c21612d009f6776f2744030fe0fb180935985f99b7f0f65c45a39a365,20291994,110,109,0.9868615629621204
road,Warsaw,Warsaw,17582,24341,2.76885451029462,0.4800796812749004,0.7223203648165646,0.6216663185144851,0.5075000000000001,0.505,0.515,False,0,0.0025,256,1000,5.687635081333182e-05,1.0,0.2230690478898873,3390,canonical_v2_exact_endpoint,afc7445d54d624eecd37e4237c8a75938282f861f476831d8a7728a415c87fae,connected,1,48682,True,fc101c1225a3dc345a3c4c39cd7e6edf80cbb7b02cd649db675cf38dabcc8bbf,20292017,110,109,0.986975315663747
