domain,instance,system_id,input_hash,scenario,replicate,pc_fractional,point_endpoint,auc_fractional,lcc_at_half,random_fixed_count_auc,auc_change
road,Los Angeles,Los Angeles,219b208ac41716e10e50a12f340935f4a88b22a4a28fb7b189651f09e882a4de,targeted,0,0.8300000000000001,False,0.2153154984610438,0.0153949730700179,0.3517264989856329,-0.1364110005245891
road,Los Angeles,Los Angeles,219b208ac41716e10e50a12f340935f4a88b22a4a28fb7b189651f09e882a4de,targeted,1,0.7725,False,0.2337784426262714,0.0145421903052064,0.3517264989856329,-0.1179480563593615
road,Los Angeles,Los Angeles,219b208ac41716e10e50a12f340935f4a88b22a4a28fb7b189651f09e882a4de,targeted,2,0.795,False,0.2337983094954245,0.016472172351885,0.3517264989856329,-0.1179281894902084
road,Los Angeles,Los Angeles,219b208ac41716e10e50a12f340935f4a88b22a4a28fb7b189651f09e882a4de,localized,0,0.0625,False,0.4943392475135419,0.4846499102333931,0.3517264989856329,0.1426127485279089
road,Los Angeles,Los Angeles,219b208ac41716e10e50a12f340935f4a88b22a4a28fb7b189651f09e882a4de,localized,1,0.06,False,0.4991134999681248,0.5009874326750449,0.3517264989856329,0.1473870009824918
road,Los Angeles,Los Angeles,219b208ac41716e10e50a12f340935f4a88b22a4a28fb7b189651f09e882a4de,localized,2,0.225,False,0.5170935702823175,0.5284560143626571,0.3517264989856329,0.1653670712966845
road,Los Angeles,Los Angeles,219b208ac41716e10e50a12f340935f4a88b22a4a28fb7b189651f09e882a4de,localized,3,0.2125,False,0.4969196737092383,0.5052064631956912,0.3517264989856329,0.1451931747236053
road,Los Angeles,Los Angeles,219b208ac41716e10e50a12f340935f4a88b22a4a28fb7b189651f09e882a4de,localized,4,0.17,False,0.5108702138676244,0.5236983842010772,0.3517264989856329,0.1591437148819914
road,Los Angeles,Los Angeles,219b208ac41716e10e50a12f340935f4a88b22a4a28fb7b189651f09e882a4de,localized,5,0.065,False,0.4996003692384717,0.5012118491921005,0.3517264989856329,0.1478738702528387
road,Los Angeles,Los Angeles,219b208ac41716e10e50a12f340935f4a88b22a4a28fb7b189651f09e882a4de,localized,6,0.0575,False,0.5002742983091841,0.5026929982046678,0.3517264989856329,0.1485477993235511
road,Los Angeles,Los Angeles,219b208ac41716e10e50a12f340935f4a88b22a4a28fb7b189651f09e882a4de,localized,7,0.11,False,0.4855963947234632,0.4809245960502693,0.3517264989856329,0.1338698957378302
road,Los Angeles,Los Angeles,219b208ac41716e10e50a12f340935f4a88b22a4a28fb7b189651f09e882a4de,localized,8,0.0625,False,0.4963328320709572,0.4956912028725314,0.3517264989856329,0.1446063330853242
road,Los Angeles,Los Angeles,219b208ac41716e10e50a12f340935f4a88b22a4a28fb7b189651f09e882a4de,localized,9,0.1075,False,0.5084035229042436,0.5171903052064631,0.3517264989856329,0.1566770239186106
road,Los Angeles,Los Angeles,219b208ac41716e10e50a12f340935f4a88b22a4a28fb7b189651f09e882a4de,localized,10,0.06,False,0.4906099690341386,0.4816427289048474,0.3517264989856329,0.1388834700485056
road,Los Angeles,Los Angeles,219b208ac41716e10e50a12f340935f4a88b22a4a28fb7b189651f09e882a4de,localized,11,0.085,False,0.4897901533416255,0.4884201077199281,0.3517264989856329,0.1380636543559925
road,Montreal,Montreal,fa016fc802965ee9056d5b0f9428501b44c2fee6cc23f869d0f1455a654ec912,targeted,0,0.975,False,0.1491259803719382,0.0138335056367843,0.3395946168446478,-0.1904686364727096
road,Montreal,Montreal,fa016fc802965ee9056d5b0f9428501b44c2fee6cc23f869d0f1455a654ec912,targeted,1,0.98,False,0.1657724857961058,0.0142273420961945,0.3395946168446478,-0.173822131048542
road,Montreal,Montreal,fa016fc802965ee9056d5b0f9428501b44c2fee6cc23f869d0f1455a654ec912,targeted,2,0.9825,False,0.1614618649908136,0.013439669177374,0.3395946168446478,-0.1781327518538342
road,Montreal,Montreal,fa016fc802965ee9056d5b0f9428501b44c2fee6cc23f869d0f1455a654ec912,localized,0,0.955,False,0.4931402776241512,0.4983508098262196,0.3395946168446478,0.1535456607795033
road,Montreal,Montreal,fa016fc802965ee9056d5b0f9428501b44c2fee6cc23f869d0f1455a654ec912,localized,1,0.745,False,0.4565255083377851,0.4405553094077684,0.3395946168446478,0.1169308914931372
road,Montreal,Montreal,fa016fc802965ee9056d5b0f9428501b44c2fee6cc23f869d0f1455a654ec912,localized,2,0.4775,False,0.49463287972975,0.501599960616354,0.3395946168446478,0.1550382628851021
road,Montreal,Montreal,fa016fc802965ee9056d5b0f9428501b44c2fee6cc23f869d0f1455a654ec912,localized,3,0.7775,False,0.4893298131551372,0.4866341751587653,0.3395946168446478,0.1497351963104893
road,Montreal,Montreal,fa016fc802965ee9056d5b0f9428501b44c2fee6cc23f869d0f1455a654ec912,localized,4,0.2175,False,0.486862008291584,0.4618717077733471,0.3395946168446478,0.1472673914469361
road,Montreal,Montreal,fa016fc802965ee9056d5b0f9428501b44c2fee6cc23f869d0f1455a654ec912,localized,5,0.61,False,0.4921768445149487,0.4780682321665928,0.3395946168446478,0.1525822276703008
road,Montreal,Montreal,fa016fc802965ee9056d5b0f9428501b44c2fee6cc23f869d0f1455a654ec912,localized,6,0.3625,False,0.4965402905621672,0.519421060404667,0.3395946168446478,0.1569456737175193
road,Montreal,Montreal,fa016fc802965ee9056d5b0f9428501b44c2fee6cc23f869d0f1455a654ec912,localized,7,0.72,False,0.4803184044642864,0.465563924580318,0.3395946168446478,0.1407237876196385
road,Montreal,Montreal,fa016fc802965ee9056d5b0f9428501b44c2fee6cc23f869d0f1455a654ec912,localized,8,0.32,False,0.4841011044762134,0.5027322404371585,0.3395946168446478,0.1445064876315655
road,Montreal,Montreal,fa016fc802965ee9056d5b0f9428501b44c2fee6cc23f869d0f1455a654ec912,localized,9,0.2025,False,0.4947154975667756,0.5053414069807513,0.3395946168446478,0.1551208807221277
road,Montreal,Montreal,fa016fc802965ee9056d5b0f9428501b44c2fee6cc23f869d0f1455a654ec912,localized,10,0.4725,False,0.4736091903484981,0.5222271451779649,0.3395946168446478,0.1340145735038502
road,Montreal,Montreal,fa016fc802965ee9056d5b0f9428501b44c2fee6cc23f869d0f1455a654ec912,localized,11,0.4525,False,0.4791710709771616,0.5138581204154975,0.3395946168446478,0.1395764541325137
road,Seoul,Seoul,28613ed519fdcb353693f7186775e7ab7e21e61a60ec9c5a88d9cd9a2485ea67,targeted,0,0.9125,False,0.1282304456135325,0.0054405468044152,0.3095288941573332,-0.1812984485438007
road,Seoul,Seoul,28613ed519fdcb353693f7186775e7ab7e21e61a60ec9c5a88d9cd9a2485ea67,targeted,1,0.9025,False,0.1336283955948423,0.0059708528106218,0.3095288941573332,-0.1759004985624909
road,Seoul,Seoul,28613ed519fdcb353693f7186775e7ab7e21e61a60ec9c5a88d9cd9a2485ea67,targeted,2,0.895,False,0.1183329433459902,0.0060494166633931,0.3095288941573332,-0.191195950811343
road,Seoul,Seoul,28613ed519fdcb353693f7186775e7ab7e21e61a60ec9c5a88d9cd9a2485ea67,localized,0,0.2075,False,0.4926352424149859,0.4904937738146678,0.3095288941573332,0.1831063482576526
road,Seoul,Seoul,28613ed519fdcb353693f7186775e7ab7e21e61a60ec9c5a88d9cd9a2485ea67,localized,1,0.8725,False,0.4909659513754618,0.496307498919747,0.3095288941573332,0.1814370572181285
road,Seoul,Seoul,28613ed519fdcb353693f7186775e7ab7e21e61a60ec9c5a88d9cd9a2485ea67,localized,2,0.1325,False,0.4923750177287711,0.48988490395569,0.3095288941573332,0.1828461235714378
road,Seoul,Seoul,28613ed519fdcb353693f7186775e7ab7e21e61a60ec9c5a88d9cd9a2485ea67,localized,3,0.8200000000000001,False,0.4892378224039834,0.4931845857720862,0.3095288941573332,0.1797089282466501
road,Seoul,Seoul,28613ed519fdcb353693f7186775e7ab7e21e61a60ec9c5a88d9cd9a2485ea67,localized,4,0.8775000000000001,False,0.4929285468627958,0.4919275641277448,0.3095288941573332,0.1833996527054625
road,Seoul,Seoul,28613ed519fdcb353693f7186775e7ab7e21e61a60ec9c5a88d9cd9a2485ea67,localized,5,0.145,False,0.4926994564344069,0.4891974702439408,0.3095288941573332,0.1831705622770736
road,Seoul,Seoul,28613ed519fdcb353693f7186775e7ab7e21e61a60ec9c5a88d9cd9a2485ea67,localized,6,0.91,False,0.4936250780125319,0.4943826845268492,0.3095288941573332,0.1840961838551986
road,Seoul,Seoul,28613ed519fdcb353693f7186775e7ab7e21e61a60ec9c5a88d9cd9a2485ea67,localized,7,0.615,False,0.4791051496859858,0.4204737400322111,0.3095288941573332,0.1695762555286525
road,Seoul,Seoul,28613ed519fdcb353693f7186775e7ab7e21e61a60ec9c5a88d9cd9a2485ea67,localized,8,0.9025,False,0.4910471481398912,0.4953647326864909,0.3095288941573332,0.1815182539825579
road,Seoul,Seoul,28613ed519fdcb353693f7186775e7ab7e21e61a60ec9c5a88d9cd9a2485ea67,localized,9,0.61,False,0.4881817278647506,0.4570452134972699,0.3095288941573332,0.1786528337074173
road,Seoul,Seoul,28613ed519fdcb353693f7186775e7ab7e21e61a60ec9c5a88d9cd9a2485ea67,localized,10,0.6025,False,0.4751400030632259,0.4676709745845936,0.3095288941573332,0.1656111089058926
road,Seoul,Seoul,28613ed519fdcb353693f7186775e7ab7e21e61a60ec9c5a88d9cd9a2485ea67,localized,11,0.3075,False,0.4876262010645247,0.5124327297010646,0.3095288941573332,0.1780973069071914
road,Warsaw,Warsaw,afc7445d54d624eecd37e4237c8a75938282f861f476831d8a7728a415c87fae,targeted,0,0.905,False,0.1285095887461533,0.0070526675008531,0.2779052373517049,-0.1493956486055516
road,Warsaw,Warsaw,afc7445d54d624eecd37e4237c8a75938282f861f476831d8a7728a415c87fae,targeted,1,0.9175,False,0.1508796877150227,0.0087020816744397,0.2779052373517049,-0.1270255496366822
road,Warsaw,Warsaw,afc7445d54d624eecd37e4237c8a75938282f861f476831d8a7728a415c87fae,targeted,2,0.8675,False,0.1380501064831558,0.0066545330451598,0.2779052373517049,-0.1398551308685491
road,Warsaw,Warsaw,afc7445d54d624eecd37e4237c8a75938282f861f476831d8a7728a415c87fae,localized,0,0.37,False,0.4960456519066106,0.5052895006256398,0.2779052373517049,0.2181404145549056
road,Warsaw,Warsaw,afc7445d54d624eecd37e4237c8a75938282f861f476831d8a7728a415c87fae,localized,1,0.2825,False,0.4851178942467756,0.510977135706973,0.2779052373517049,0.2072126568950706
road,Warsaw,Warsaw,afc7445d54d624eecd37e4237c8a75938282f861f476831d8a7728a415c87fae,localized,2,0.36,False,0.4739707697289353,0.4944261176202935,0.2779052373517049,0.1960655323772304
road,Warsaw,Warsaw,afc7445d54d624eecd37e4237c8a75938282f861f476831d8a7728a415c87fae,localized,3,0.3075,False,0.4820260859091751,0.5098396086907064,0.2779052373517049,0.2041208485574702
road,Warsaw,Warsaw,afc7445d54d624eecd37e4237c8a75938282f861f476831d8a7728a415c87fae,localized,4,0.415,False,0.4616232997479583,0.5158116255261063,0.2779052373517049,0.1837180623962533
road,Warsaw,Warsaw,afc7445d54d624eecd37e4237c8a75938282f861f476831d8a7728a415c87fae,localized,5,0.3525,False,0.487052554734217,0.5042657263109999,0.2779052373517049,0.209147317382512
road,Warsaw,Warsaw,afc7445d54d624eecd37e4237c8a75938282f861f476831d8a7728a415c87fae,localized,6,0.39,False,0.4978339821449523,0.5110908884085997,0.2779052373517049,0.2199287447932473
road,Warsaw,Warsaw,afc7445d54d624eecd37e4237c8a75938282f861f476831d8a7728a415c87fae,localized,7,0.525,False,0.4773147584734699,0.4311227391650551,0.2779052373517049,0.1994095211217649
road,Warsaw,Warsaw,afc7445d54d624eecd37e4237c8a75938282f861f476831d8a7728a415c87fae,localized,8,0.3875,False,0.4964510323079871,0.5108065066545331,0.2779052373517049,0.2185457949562821
road,Warsaw,Warsaw,afc7445d54d624eecd37e4237c8a75938282f861f476831d8a7728a415c87fae,localized,9,0.4475,False,0.4911982427602663,0.5087589580252531,0.2779052373517049,0.2132930054085614
road,Warsaw,Warsaw,afc7445d54d624eecd37e4237c8a75938282f861f476831d8a7728a415c87fae,localized,10,0.3475,False,0.4779361713360474,0.5069957911500398,0.2779052373517049,0.2000309339843424
road,Warsaw,Warsaw,afc7445d54d624eecd37e4237c8a75938282f861f476831d8a7728a415c87fae,localized,11,0.41,False,0.4935292291377902,0.5014787851211466,0.2779052373517049,0.2156239917860852
road,Prague,Prague,8feb933105574b153905c5850a1837bc2842d9b0f9161c744cc11c708e4a5e38,targeted,0,0.9025,False,0.1206506901427929,0.0074291201293778,0.2497401830995462,-0.1290894929567533
road,Prague,Prague,8feb933105574b153905c5850a1837bc2842d9b0f9161c744cc11c708e4a5e38,targeted,1,0.8825000000000001,False,0.1133617380084172,0.0060645878607166,0.2497401830995462,-0.136378445091129
road,Prague,Prague,8feb933105574b153905c5850a1837bc2842d9b0f9161c744cc11c708e4a5e38,targeted,2,0.86,False,0.1169994383459229,0.005862434932026,0.2497401830995462,-0.1327407447536233
road,Prague,Prague,8feb933105574b153905c5850a1837bc2842d9b0f9161c744cc11c708e4a5e38,localized,0,0.49,False,0.4439329675314746,0.4395815434376106,0.2497401830995462,0.1941927844319283
road,Prague,Prague,8feb933105574b153905c5850a1837bc2842d9b0f9161c744cc11c708e4a5e38,localized,1,0.8475,False,0.4798817100195767,0.4615656744327083,0.2497401830995462,0.2301415269200304
road,Prague,Prague,8feb933105574b153905c5850a1837bc2842d9b0f9161c744cc11c708e4a5e38,localized,2,0.47,False,0.4640538662649255,0.5109415272653762,0.2497401830995462,0.2143136831653792
road,Prague,Prague,8feb933105574b153905c5850a1837bc2842d9b0f9161c744cc11c708e4a5e38,localized,3,0.4525,False,0.4690929173372539,0.51139637135493,0.2497401830995462,0.2193527342377076
road,Prague,Prague,8feb933105574b153905c5850a1837bc2842d9b0f9161c744cc11c708e4a5e38,localized,4,0.3,False,0.4701861855291331,0.5010360337595391,0.2497401830995462,0.2204460024295868
road,Prague,Prague,8feb933105574b153905c5850a1837bc2842d9b0f9161c744cc11c708e4a5e38,localized,5,0.4975,False,0.4662239455877556,0.5047758629403144,0.2497401830995462,0.2164837624882093
road,Prague,Prague,8feb933105574b153905c5850a1837bc2842d9b0f9161c744cc11c708e4a5e38,localized,6,0.655,False,0.4669380133555023,0.4139081214939101,0.2497401830995462,0.217197830255956
road,Prague,Prague,8feb933105574b153905c5850a1837bc2842d9b0f9161c744cc11c708e4a5e38,localized,7,0.355,False,0.4846326959428064,0.5067973922272199,0.2497401830995462,0.2348925128432601
road,Prague,Prague,8feb933105574b153905c5850a1837bc2842d9b0f9161c744cc11c708e4a5e38,localized,8,0.7025,False,0.48825405573937,0.4873907110729267,0.2497401830995462,0.2385138726398237
road,Prague,Prague,8feb933105574b153905c5850a1837bc2842d9b0f9161c744cc11c708e4a5e38,localized,9,0.4775,False,0.459960663407467,0.5102845302471319,0.2497401830995462,0.2102204803079207
road,Prague,Prague,8feb933105574b153905c5850a1837bc2842d9b0f9161c744cc11c708e4a5e38,localized,10,0.6675,False,0.4675318250992466,0.4354374083994541,0.2497401830995462,0.2177916419997003
road,Prague,Prague,8feb933105574b153905c5850a1837bc2842d9b0f9161c744cc11c708e4a5e38,localized,11,0.4375,False,0.4581927962813109,0.5052812452620408,0.2497401830995462,0.2084526131817646
road,Dar es Salaam,Dar es Salaam,3dbe8788844f68a6baa9d7d70471afabf3c868af462c46dc55b3dd77ad295122,targeted,0,0.985,False,0.0733479388112099,0.0095016134815346,0.2337432262110171,-0.1603952873998072
road,Dar es Salaam,Dar es Salaam,3dbe8788844f68a6baa9d7d70471afabf3c868af462c46dc55b3dd77ad295122,targeted,1,0.9925,False,0.0736965004471855,0.0117873789888849,0.2337432262110171,-0.1600467257638316
road,Dar es Salaam,Dar es Salaam,3dbe8788844f68a6baa9d7d70471afabf3c868af462c46dc55b3dd77ad295122,targeted,2,0.98,False,0.0744648267048198,0.0108013624955181,0.2337432262110171,-0.1592783995061973
road,Dar es Salaam,Dar es Salaam,3dbe8788844f68a6baa9d7d70471afabf3c868af462c46dc55b3dd77ad295122,localized,0,0.3275,False,0.4897090310065861,0.4536124058802438,0.2337432262110171,0.2559658047955689
road,Dar es Salaam,Dar es Salaam,3dbe8788844f68a6baa9d7d70471afabf3c868af462c46dc55b3dd77ad295122,localized,1,0.3325,False,0.4833289014794232,0.507932950878451,0.2337432262110171,0.249585675268406
road,Dar es Salaam,Dar es Salaam,3dbe8788844f68a6baa9d7d70471afabf3c868af462c46dc55b3dd77ad295122,localized,2,0.5325,False,0.4743810120270414,0.3864736464682682,0.2337432262110171,0.2406377858160242
road,Dar es Salaam,Dar es Salaam,3dbe8788844f68a6baa9d7d70471afabf3c868af462c46dc55b3dd77ad295122,localized,3,0.6725,False,0.4573402084125696,0.4217909645034062,0.2337432262110171,0.2235969822015524
road,Dar es Salaam,Dar es Salaam,3dbe8788844f68a6baa9d7d70471afabf3c868af462c46dc55b3dd77ad295122,localized,4,0.4125,False,0.481116994193188,0.4987002509860165,0.2337432262110171,0.2473737679821708
road,Dar es Salaam,Dar es Salaam,3dbe8788844f68a6baa9d7d70471afabf3c868af462c46dc55b3dd77ad295122,localized,5,0.3825,False,0.4676258541623404,0.4681785586231624,0.2337432262110171,0.2338826279513232
road,Dar es Salaam,Dar es Salaam,3dbe8788844f68a6baa9d7d70471afabf3c868af462c46dc55b3dd77ad295122,localized,6,0.4825,False,0.4835221506261354,0.5038992470419505,0.2337432262110171,0.2497789244151182
road,Dar es Salaam,Dar es Salaam,3dbe8788844f68a6baa9d7d70471afabf3c868af462c46dc55b3dd77ad295122,localized,7,0.4275,False,0.489150176828161,0.5033166009322337,0.2337432262110171,0.2554069506171438
road,Dar es Salaam,Dar es Salaam,3dbe8788844f68a6baa9d7d70471afabf3c868af462c46dc55b3dd77ad295122,localized,8,0.6475,False,0.4147306927388125,0.3083094299031911,0.2337432262110171,0.1809874665277953
road,Dar es Salaam,Dar es Salaam,3dbe8788844f68a6baa9d7d70471afabf3c868af462c46dc55b3dd77ad295122,localized,9,0.735,False,0.4409395133882409,0.3705181068483327,0.2337432262110171,0.2071962871772237
road,Dar es Salaam,Dar es Salaam,3dbe8788844f68a6baa9d7d70471afabf3c868af462c46dc55b3dd77ad295122,localized,10,0.715,False,0.4066738173494231,0.3186626030835425,0.2337432262110171,0.1729305911384059
road,Dar es Salaam,Dar es Salaam,3dbe8788844f68a6baa9d7d70471afabf3c868af462c46dc55b3dd77ad295122,localized,11,0.42,False,0.463634223861129,0.4212083183936895,0.2337432262110171,0.2298909976501118
road,Bengaluru,Bengaluru,4f05b315e5de3f3278792023f58f9edbb4e583ba025760ffab14b2ba91993ebd,targeted,0,0.9225,False,0.0864179692698677,0.0012727290665666,0.2527661679049959,-0.1663481986351282
road,Bengaluru,Bengaluru,4f05b315e5de3f3278792023f58f9edbb4e583ba025760ffab14b2ba91993ebd,targeted,1,0.9375,False,0.0748958292161542,0.001312193533747,0.2527661679049959,-0.1778703386888417
road,Bengaluru,Bengaluru,4f05b315e5de3f3278792023f58f9edbb4e583ba025760ffab14b2ba91993ebd,targeted,2,0.935,False,0.080716481912817,0.0012727290665666,0.2527661679049959,-0.1720496859921789
road,Bengaluru,Bengaluru,4f05b315e5de3f3278792023f58f9edbb4e583ba025760ffab14b2ba91993ebd,localized,0,0.155,False,0.5085524156059111,0.5089633671083398,0.2527661679049959,0.2557862477009152
road,Bengaluru,Bengaluru,4f05b315e5de3f3278792023f58f9edbb4e583ba025760ffab14b2ba91993ebd,localized,1,0.075,False,0.4963315588551618,0.4848604437779334,0.2527661679049959,0.2435653909501658
road,Bengaluru,Bengaluru,4f05b315e5de3f3278792023f58f9edbb4e583ba025760ffab14b2ba91993ebd,localized,2,0.5575,False,0.4917435725203252,0.4471225470367118,0.2527661679049959,0.2389774046153292
road,Bengaluru,Bengaluru,4f05b315e5de3f3278792023f58f9edbb4e583ba025760ffab14b2ba91993ebd,localized,3,0.1575,False,0.5080106670409672,0.5041881665795159,0.2527661679049959,0.2552444991359712
road,Bengaluru,Bengaluru,4f05b315e5de3f3278792023f58f9edbb4e583ba025760ffab14b2ba91993ebd,localized,4,0.165,False,0.5097923232206373,0.5080754165967817,0.2527661679049959,0.2570261553156413
road,Bengaluru,Bengaluru,4f05b315e5de3f3278792023f58f9edbb4e583ba025760ffab14b2ba91993ebd,localized,5,0.1425,False,0.5067586758653355,0.5143699991120495,0.2527661679049959,0.2539925079603395
road,Bengaluru,Bengaluru,4f05b315e5de3f3278792023f58f9edbb4e583ba025760ffab14b2ba91993ebd,localized,6,0.1775,False,0.5098199105452321,0.5238020067681561,0.2527661679049959,0.2570537426402361
road,Bengaluru,Bengaluru,4f05b315e5de3f3278792023f58f9edbb4e583ba025760ffab14b2ba91993ebd,localized,7,0.16,False,0.493116239543879,0.4959795574060006,0.2527661679049959,0.240350071638883
road,Bengaluru,Bengaluru,4f05b315e5de3f3278792023f58f9edbb4e583ba025760ffab14b2ba91993ebd,localized,8,0.125,False,0.5072035404243955,0.5156920587625916,0.2527661679049959,0.2544373725193996
road,Bengaluru,Bengaluru,4f05b315e5de3f3278792023f58f9edbb4e583ba025760ffab14b2ba91993ebd,localized,9,0.2175,False,0.5077070614431362,0.5175666209536588,0.2527661679049959,0.2549408935381402
road,Bengaluru,Bengaluru,4f05b315e5de3f3278792023f58f9edbb4e583ba025760ffab14b2ba91993ebd,localized,10,0.1275,False,0.5036103180648972,0.5091212249770612,0.2527661679049959,0.2508441501599012
road,Bengaluru,Bengaluru,4f05b315e5de3f3278792023f58f9edbb4e583ba025760ffab14b2ba91993ebd,localized,11,0.1275,False,0.5059207505953469,0.5156920587625916,0.2527661679049959,0.2531545826903509
road,Ho Chi Minh City,Ho Chi Minh City,8687b876aad2ebf2f3544c09e61dbe0084498b8528b11b33176c5376014c9c5d,targeted,0,0.93,False,0.080599985162274,0.0024217861908762,0.2192366057922758,-0.1386366206300018
road,Ho Chi Minh City,Ho Chi Minh City,8687b876aad2ebf2f3544c09e61dbe0084498b8528b11b33176c5376014c9c5d,targeted,1,0.9275,False,0.0789148629958729,0.0027677556467157,0.2192366057922758,-0.1403217427964029
road,Ho Chi Minh City,Ho Chi Minh City,8687b876aad2ebf2f3544c09e61dbe0084498b8528b11b33176c5376014c9c5d,targeted,2,0.945,False,0.0721719201469552,0.0027430435427272,0.2192366057922758,-0.1470646856453206
road,Ho Chi Minh City,Ho Chi Minh City,8687b876aad2ebf2f3544c09e61dbe0084498b8528b11b33176c5376014c9c5d,localized,0,0.2275,False,0.4740664135430876,0.4921662630356349,0.2192366057922758,0.2548298077508117
road,Ho Chi Minh City,Ho Chi Minh City,8687b876aad2ebf2f3544c09e61dbe0084498b8528b11b33176c5376014c9c5d,localized,1,0.115,False,0.4883415412891791,0.4975782138091237,0.2192366057922758,0.2691049354969033
road,Ho Chi Minh City,Ho Chi Minh City,8687b876aad2ebf2f3544c09e61dbe0084498b8528b11b33176c5376014c9c5d,localized,2,0.225,False,0.4843021053751852,0.488978401621114,0.2192366057922758,0.2650654995829093
road,Ho Chi Minh City,Ho Chi Minh City,8687b876aad2ebf2f3544c09e61dbe0084498b8528b11b33176c5376014c9c5d,localized,3,0.2075,False,0.4787907016766354,0.485321010230811,0.2192366057922758,0.2595540958843596
road,Ho Chi Minh City,Ho Chi Minh City,8687b876aad2ebf2f3544c09e61dbe0084498b8528b11b33176c5376014c9c5d,localized,4,0.135,False,0.4811315759168876,0.4769188948747096,0.2192366057922758,0.2618949701246118
road,Ho Chi Minh City,Ho Chi Minh City,8687b876aad2ebf2f3544c09e61dbe0084498b8528b11b33176c5376014c9c5d,localized,5,0.275,False,0.4770897233933174,0.4392082241882074,0.2192366057922758,0.2578531176010415
road,Ho Chi Minh City,Ho Chi Minh City,8687b876aad2ebf2f3544c09e61dbe0084498b8528b11b33176c5376014c9c5d,localized,6,0.2225,False,0.494002568839333,0.518015123807641,0.2192366057922758,0.2747659630470572
road,Ho Chi Minh City,Ho Chi Minh City,8687b876aad2ebf2f3544c09e61dbe0084498b8528b11b33176c5376014c9c5d,localized,7,0.4325,False,0.4621995135763015,0.4840359808234073,0.2192366057922758,0.2429629077840257
road,Ho Chi Minh City,Ho Chi Minh City,8687b876aad2ebf2f3544c09e61dbe0084498b8528b11b33176c5376014c9c5d,localized,8,0.225,False,0.4933231243841725,0.5037562398062571,0.2192366057922758,0.2740865185918967
road,Ho Chi Minh City,Ho Chi Minh City,8687b876aad2ebf2f3544c09e61dbe0084498b8528b11b33176c5376014c9c5d,localized,9,0.38,False,0.4856575665143558,0.4802797410171502,0.2192366057922758,0.26642096072208
road,Ho Chi Minh City,Ho Chi Minh City,8687b876aad2ebf2f3544c09e61dbe0084498b8528b11b33176c5376014c9c5d,localized,10,0.0775,False,0.4862834950291668,0.4933030198191074,0.2192366057922758,0.267046889236891
road,Ho Chi Minh City,Ho Chi Minh City,8687b876aad2ebf2f3544c09e61dbe0084498b8528b11b33176c5376014c9c5d,localized,11,0.135,False,0.4804764254984419,0.4817624672564622,0.2192366057922758,0.261239819706166
road,Tunis,Tunis,35e3364d1fcc0403e4638f4679bcc028c574cc7b0022685dce9d8b812e3b82f7,targeted,0,0.9325,False,0.0907751693967252,0.0044733631557543,0.2742553476508468,-0.1834801782541216
road,Tunis,Tunis,35e3364d1fcc0403e4638f4679bcc028c574cc7b0022685dce9d8b812e3b82f7,targeted,1,0.915,False,0.0777906289359523,0.004601785064532,0.2742553476508468,-0.1964647187148945
road,Tunis,Tunis,35e3364d1fcc0403e4638f4679bcc028c574cc7b0022685dce9d8b812e3b82f7,targeted,2,0.925,False,0.0852184868774615,0.0046231887159949,0.2742553476508468,-0.1890368607733853
road,Tunis,Tunis,35e3364d1fcc0403e4638f4679bcc028c574cc7b0022685dce9d8b812e3b82f7,localized,0,0.5725,False,0.4260736596160675,0.2686800368142805,0.2742553476508468,0.1518183119652207
road,Tunis,Tunis,35e3364d1fcc0403e4638f4679bcc028c574cc7b0022685dce9d8b812e3b82f7,localized,1,0.675,False,0.4607879328956093,0.4040367286659104,0.2742553476508468,0.1865325852447625
road,Tunis,Tunis,35e3364d1fcc0403e4638f4679bcc028c574cc7b0022685dce9d8b812e3b82f7,localized,2,0.5025000000000001,False,0.4434327956635349,0.2563729372230902,0.2742553476508468,0.169177448012688
road,Tunis,Tunis,35e3364d1fcc0403e4638f4679bcc028c574cc7b0022685dce9d8b812e3b82f7,localized,3,0.7925,False,0.4603730775209417,0.4540570621348002,0.2742553476508468,0.1861177298700949
road,Tunis,Tunis,35e3364d1fcc0403e4638f4679bcc028c574cc7b0022685dce9d8b812e3b82f7,localized,4,0.465,False,0.4517386748644686,0.5079514565184821,0.2742553476508468,0.1774833272136218
road,Tunis,Tunis,35e3364d1fcc0403e4638f4679bcc028c574cc7b0022685dce9d8b812e3b82f7,localized,5,0.81,False,0.4809810982259389,0.4826951477922133,0.2742553476508468,0.206725750575092
road,Tunis,Tunis,35e3364d1fcc0403e4638f4679bcc028c574cc7b0022685dce9d8b812e3b82f7,localized,6,0.86,False,0.4717681646534087,0.4659360886967316,0.2742553476508468,0.1975128170025619
road,Tunis,Tunis,35e3364d1fcc0403e4638f4679bcc028c574cc7b0022685dce9d8b812e3b82f7,localized,7,0.5750000000000001,False,0.4341760060900214,0.3493718028295627,0.2742553476508468,0.1599206584391745
road,Tunis,Tunis,35e3364d1fcc0403e4638f4679bcc028c574cc7b0022685dce9d8b812e3b82f7,localized,8,0.55,False,0.4346112294197942,0.2751653432075512,0.2742553476508468,0.1603558817689473
road,Tunis,Tunis,35e3364d1fcc0403e4638f4679bcc028c574cc7b0022685dce9d8b812e3b82f7,localized,9,0.4575,False,0.4679951037946206,0.5069668885511869,0.2742553476508468,0.1937397561437738
road,Tunis,Tunis,35e3364d1fcc0403e4638f4679bcc028c574cc7b0022685dce9d8b812e3b82f7,localized,10,0.2925,False,0.4839372527896291,0.51114060058646,0.2742553476508468,0.2096819051387823
road,Tunis,Tunis,35e3364d1fcc0403e4638f4679bcc028c574cc7b0022685dce9d8b812e3b82f7,localized,11,0.48,False,0.4745083517915317,0.5036065152715054,0.2742553476508468,0.2002530041406849
road,Hong Kong,Hong Kong,8c450ae99e1d49537e3fe46c4f3b09a708194b8e3a26ee2ab24260144f99ea54,targeted,0,0.965,False,0.1741646459816205,0.020033204205866,0.2994926010663825,-0.125327955084762
road,Hong Kong,Hong Kong,8c450ae99e1d49537e3fe46c4f3b09a708194b8e3a26ee2ab24260144f99ea54,targeted,1,0.955,False,0.1569696973495339,0.0206972883231876,0.2994926010663825,-0.1425229037168486
road,Hong Kong,Hong Kong,8c450ae99e1d49537e3fe46c4f3b09a708194b8e3a26ee2ab24260144f99ea54,targeted,2,0.9725,False,0.1679758365970347,0.0242390702822357,0.2994926010663825,-0.1315167644693478
road,Hong Kong,Hong Kong,8c450ae99e1d49537e3fe46c4f3b09a708194b8e3a26ee2ab24260144f99ea54,localized,0,0.705,False,0.4464717408058047,0.3971223021582734,0.2994926010663825,0.1469791397394222
road,Hong Kong,Hong Kong,8c450ae99e1d49537e3fe46c4f3b09a708194b8e3a26ee2ab24260144f99ea54,localized,1,0.7475,False,0.4423937278437552,0.3969009407858329,0.2994926010663825,0.1429011267773727
road,Hong Kong,Hong Kong,8c450ae99e1d49537e3fe46c4f3b09a708194b8e3a26ee2ab24260144f99ea54,localized,2,0.2675,False,0.4774351411805481,0.4607636967349197,0.2994926010663825,0.1779425401141656
road,Hong Kong,Hong Kong,8c450ae99e1d49537e3fe46c4f3b09a708194b8e3a26ee2ab24260144f99ea54,localized,3,0.59,False,0.4240400873830076,0.2224681793027116,0.2994926010663825,0.1245474863166251
road,Hong Kong,Hong Kong,8c450ae99e1d49537e3fe46c4f3b09a708194b8e3a26ee2ab24260144f99ea54,localized,4,0.8375,False,0.4388138322863793,0.4353071389042612,0.2994926010663825,0.1393212312199968
road,Hong Kong,Hong Kong,8c450ae99e1d49537e3fe46c4f3b09a708194b8e3a26ee2ab24260144f99ea54,localized,5,0.375,False,0.4643938394018647,0.520420586607637,0.2994926010663825,0.1649012383354822
road,Hong Kong,Hong Kong,8c450ae99e1d49537e3fe46c4f3b09a708194b8e3a26ee2ab24260144f99ea54,localized,6,0.95,False,0.4587834859736569,0.4817930271167681,0.2994926010663825,0.1592908849072744
road,Hong Kong,Hong Kong,8c450ae99e1d49537e3fe46c4f3b09a708194b8e3a26ee2ab24260144f99ea54,localized,7,0.24,False,0.4759831810481574,0.4670724958494742,0.2994926010663825,0.1764905799817749
road,Hong Kong,Hong Kong,8c450ae99e1d49537e3fe46c4f3b09a708194b8e3a26ee2ab24260144f99ea54,localized,8,0.9675,False,0.4846087370890812,0.4894299944659657,0.2994926010663825,0.1851161360226987
road,Hong Kong,Hong Kong,8c450ae99e1d49537e3fe46c4f3b09a708194b8e3a26ee2ab24260144f99ea54,localized,9,0.7375,False,0.4774649485046514,0.4716104039845047,0.2994926010663825,0.1779723474382689
road,Hong Kong,Hong Kong,8c450ae99e1d49537e3fe46c4f3b09a708194b8e3a26ee2ab24260144f99ea54,localized,10,0.5775,False,0.4323381806794307,0.302158273381295,0.2994926010663825,0.1328455796130482
road,Hong Kong,Hong Kong,8c450ae99e1d49537e3fe46c4f3b09a708194b8e3a26ee2ab24260144f99ea54,localized,11,0.405,False,0.468264078518525,0.4928610957387935,0.2994926010663825,0.1687714774521425
power,case1354pegase,PEGASE,08a062c71c1996d764126c4b0f619a85ed034677728971cca59705c0fd334f25,targeted,0,0.765,False,0.2155059300145982,0.018463810930576,0.3532375654617827,-0.1377316354471845
power,case1354pegase,PEGASE,08a062c71c1996d764126c4b0f619a85ed034677728971cca59705c0fd334f25,targeted,1,0.77,False,0.2153318735045392,0.018463810930576,0.3532375654617827,-0.1379056919572435
power,case1354pegase,PEGASE,08a062c71c1996d764126c4b0f619a85ed034677728971cca59705c0fd334f25,targeted,2,0.8150000000000001,False,0.2062446552126253,0.0192023633677991,0.3532375654617827,-0.1469929102491574
power,case2869pegase,PEGASE,289385196c138ceee8a90e4eb371323a94d8cb30bc6df645e663cac429d33517,targeted,0,0.8175,False,0.1997423269038329,0.0226559776925758,0.317718139095313,-0.1179758121914801
power,case2869pegase,PEGASE,289385196c138ceee8a90e4eb371323a94d8cb30bc6df645e663cac429d33517,targeted,1,0.785,False,0.2063380519232283,0.0226559776925758,0.317718139095313,-0.1113800871720847
power,case2869pegase,PEGASE,289385196c138ceee8a90e4eb371323a94d8cb30bc6df645e663cac429d33517,targeted,2,0.835,False,0.1687353832401983,0.0205646566747995,0.317718139095313,-0.1489827558551147
road,Miami,Miami,fd21fa456eaea9f49daad4426115d8267bc44b46bbe9b58a5a39830d12f1f831,targeted,0,0.8,False,0.2055720590852508,0.0139020185730968,0.3473194040390631,-0.1417473449538123
road,Miami,Miami,fd21fa456eaea9f49daad4426115d8267bc44b46bbe9b58a5a39830d12f1f831,targeted,1,0.85,False,0.2081375833393502,0.0190735694822888,0.3473194040390631,-0.1391818206997129
road,Miami,Miami,fd21fa456eaea9f49daad4426115d8267bc44b46bbe9b58a5a39830d12f1f831,targeted,2,0.855,False,0.1962622038978411,0.0259133626202524,0.3473194040390631,-0.151057200141222
road,Miami,Miami,fd21fa456eaea9f49daad4426115d8267bc44b46bbe9b58a5a39830d12f1f831,localized,0,0.74,False,0.4922816646958207,0.5000278040371462,0.3473194040390631,0.1449622606567575
road,Miami,Miami,fd21fa456eaea9f49daad4426115d8267bc44b46bbe9b58a5a39830d12f1f831,localized,1,0.6675,False,0.4535802253136375,0.374075515764889,0.3473194040390631,0.1062608212745743
road,Miami,Miami,fd21fa456eaea9f49daad4426115d8267bc44b46bbe9b58a5a39830d12f1f831,localized,2,0.5025000000000001,False,0.4630958241834932,0.3636211977979202,0.3473194040390631,0.11577642014443
road,Miami,Miami,fd21fa456eaea9f49daad4426115d8267bc44b46bbe9b58a5a39830d12f1f831,localized,3,0.2075,False,0.5004971616505665,0.5145971195017517,0.3473194040390631,0.1531777576115033
road,Miami,Miami,fd21fa456eaea9f49daad4426115d8267bc44b46bbe9b58a5a39830d12f1f831,localized,4,0.6625,False,0.4476842909945758,0.374353556136351,0.3473194040390631,0.1003648869555126
road,Miami,Miami,fd21fa456eaea9f49daad4426115d8267bc44b46bbe9b58a5a39830d12f1f831,localized,5,0.425,False,0.4738313813020884,0.5115942834899627,0.3473194040390631,0.1265119772630252
road,Miami,Miami,fd21fa456eaea9f49daad4426115d8267bc44b46bbe9b58a5a39830d12f1f831,localized,6,0.5625,False,0.4640507423058673,0.3670688984040482,0.3473194040390631,0.1167313382668041
road,Miami,Miami,fd21fa456eaea9f49daad4426115d8267bc44b46bbe9b58a5a39830d12f1f831,localized,7,0.595,False,0.4747769024029995,0.4120002224322971,0.3473194040390631,0.1274574983639363
road,Miami,Miami,fd21fa456eaea9f49daad4426115d8267bc44b46bbe9b58a5a39830d12f1f831,localized,8,0.5325,False,0.4722597681651082,0.3751876772507368,0.3473194040390631,0.124940364126045
road,Miami,Miami,fd21fa456eaea9f49daad4426115d8267bc44b46bbe9b58a5a39830d12f1f831,localized,9,0.47,False,0.4448543690793347,0.498137129511205,0.3473194040390631,0.0975349650402715
road,Miami,Miami,fd21fa456eaea9f49daad4426115d8267bc44b46bbe9b58a5a39830d12f1f831,localized,10,0.595,False,0.4749454411565637,0.424623255296669,0.3473194040390631,0.1276260371175005
road,Miami,Miami,fd21fa456eaea9f49daad4426115d8267bc44b46bbe9b58a5a39830d12f1f831,localized,11,0.4475,False,0.4711617331736345,0.4838458544180615,0.3473194040390631,0.1238423291345713
power,case1888rte,RTE,7ee12136b6947ef950987903f52f96418f3827375092057e817a70bd89ce5f9c,targeted,0,0.735,False,0.2151019253223864,0.0148305084745762,0.3362906510951154,-0.121188725772729
power,case1888rte,RTE,7ee12136b6947ef950987903f52f96418f3827375092057e817a70bd89ce5f9c,targeted,1,0.7775,False,0.2228313502408718,0.017478813559322,0.3362906510951154,-0.1134593008542436
power,case1888rte,RTE,7ee12136b6947ef950987903f52f96418f3827375092057e817a70bd89ce5f9c,targeted,2,0.8175,False,0.2140416853317863,0.0180084745762711,0.3362906510951154,-0.1222489657633291
power,case9241pegase,PEGASE,2861fa197a084e6da48288afedabba2d8541be634681c4e65ddb1b34854d25df,targeted,0,0.9175,False,0.1520073516557674,0.0133102478086787,0.3252661044638131,-0.1732587528080457
power,case9241pegase,PEGASE,2861fa197a084e6da48288afedabba2d8541be634681c4e65ddb1b34854d25df,targeted,1,0.92,False,0.1591874975297418,0.0246726544746239,0.3252661044638131,-0.1660786069340713
power,case9241pegase,PEGASE,2861fa197a084e6da48288afedabba2d8541be634681c4e65ddb1b34854d25df,targeted,2,0.9275,False,0.1553496961200702,0.0194784114273347,0.3252661044638131,-0.1699164083437429
power,case2848rte,RTE,ca13efd4eebedb4db3b4ab82085d64e3fc3dbb8165015dc27c9354d6f618c792,targeted,0,0.8200000000000001,False,0.1869219518146622,0.0098314606741573,0.3272326946258544,-0.1403107428111922
power,case2848rte,RTE,ca13efd4eebedb4db3b4ab82085d64e3fc3dbb8165015dc27c9354d6f618c792,targeted,1,0.8375,False,0.1702479675228015,0.0115870786516853,0.3272326946258544,-0.1569847271030529
power,case2848rte,RTE,ca13efd4eebedb4db3b4ab82085d64e3fc3dbb8165015dc27c9354d6f618c792,targeted,2,0.81,False,0.1936727670905993,0.0115870786516853,0.3272326946258544,-0.1335599275352551
power,case3120sp,Polish,8b8093061a8c89de9a6cb628070582d42b058e4bc93b5ec34377192973fcc3a0,targeted,0,0.71,False,0.2518549983991759,0.0150641025641025,0.2838408716641939,-0.031985873265018
power,case3120sp,Polish,8b8093061a8c89de9a6cb628070582d42b058e4bc93b5ec34377192973fcc3a0,targeted,1,0.7275,False,0.245697480790111,0.0144230769230769,0.2838408716641939,-0.0381433908740829
power,case3120sp,Polish,8b8093061a8c89de9a6cb628070582d42b058e4bc93b5ec34377192973fcc3a0,targeted,2,0.735,False,0.2489757770956875,0.0153846153846153,0.2838408716641939,-0.0348650945685064
power,case6470rte,RTE,d5ce90f37cbbd74086c489ed67b8cc9ee1e5355380221aaf30a31ac425285cd3,targeted,0,0.8425,False,0.1733618531964461,0.0049459041731066,0.3311432677184964,-0.1577814145220503
power,case6470rte,RTE,d5ce90f37cbbd74086c489ed67b8cc9ee1e5355380221aaf30a31ac425285cd3,targeted,1,0.805,False,0.1675754143463259,0.0068006182380216,0.3311432677184964,-0.1635678533721705
power,case6470rte,RTE,d5ce90f37cbbd74086c489ed67b8cc9ee1e5355380221aaf30a31ac425285cd3,targeted,2,0.81,False,0.1677834545831511,0.006646058732612,0.3311432677184964,-0.1633598131353452
power,case_illinois200,Illinois,52cb27ce6a1a8ceccead9e6b7f2b4244bcf889cc4e6f63510669f2648b4ce1ad,targeted,0,0.8300000000000001,False,0.2461938775510203,0.075,0.3298110809326171,-0.0836172033815968
power,case_illinois200,Illinois,52cb27ce6a1a8ceccead9e6b7f2b4244bcf889cc4e6f63510669f2648b4ce1ad,targeted,1,0.6875,False,0.2846020408163265,0.105,0.3298110809326171,-0.0452090401162906
power,case_illinois200,Illinois,52cb27ce6a1a8ceccead9e6b7f2b4244bcf889cc4e6f63510669f2648b4ce1ad,targeted,2,0.8575,False,0.2719285714285714,0.1,0.3298110809326171,-0.0578825095040457
power,case300,IEEE300,d350784c04b97c77c646823f54717711d0989cabc7da184f242c27888c1fb683,targeted,0,0.8025,False,0.2105990220048899,0.0733333333333333,0.3386458669026692,-0.1280468448977793
power,case300,IEEE300,d350784c04b97c77c646823f54717711d0989cabc7da184f242c27888c1fb683,targeted,1,0.8025,False,0.2097188264058679,0.09,0.3386458669026692,-0.1289270404968013
power,case300,IEEE300,d350784c04b97c77c646823f54717711d0989cabc7da184f242c27888c1fb683,targeted,2,0.8625,False,0.1957579462102689,0.08,0.3386458669026692,-0.1428879206924003
power,GBnetwork,GB,ccdfb0d868d65f28d6352684eda7592caa4adfb899a5ccfb2e10dd9bbd3ebf73,targeted,0,0.945,False,0.1066968019735424,0.0098920863309352,0.3028199412668351,-0.1961231392932927
power,GBnetwork,GB,ccdfb0d868d65f28d6352684eda7592caa4adfb899a5ccfb2e10dd9bbd3ebf73,targeted,1,0.945,False,0.1053838010190991,0.0076438848920863,0.3028199412668351,-0.197436140247736
power,GBnetwork,GB,ccdfb0d868d65f28d6352684eda7592caa4adfb899a5ccfb2e10dd9bbd3ebf73,targeted,2,0.955,False,0.0947487819302332,0.0076438848920863,0.3028199412668351,-0.2080711593366019
water,ky4,ky4,9ffe690e568e0070affcf90df7d756ed8b4a78bbd90a54ef83a5421810bef117,targeted,0,0.9525,False,0.105645361419182,0.0228215767634854,0.1966732515833684,-0.0910278901641864
water,ky4,ky4,9ffe690e568e0070affcf90df7d756ed8b4a78bbd90a54ef83a5421810bef117,targeted,1,0.955,False,0.1226926614042194,0.0176348547717842,0.1966732515833684,-0.073980590179149
water,ky4,ky4,9ffe690e568e0070affcf90df7d756ed8b4a78bbd90a54ef83a5421810bef117,targeted,2,0.945,False,0.1235575712455796,0.0207468879668049,0.1966732515833684,-0.0731156803377888
water,ky10,ky10,eaa7837d92087407f1845d0f37540495590849e2b79364da83864d999f9185da,targeted,0,1.0,True,0.1366913595208879,0.0299465240641711,0.1679094499394217,-0.0312180904185338
water,ky10,ky10,eaa7837d92087407f1845d0f37540495590849e2b79364da83864d999f9185da,targeted,1,1.0,True,0.1365136113678023,0.0481283422459893,0.1679094499394217,-0.0313958385716194
water,ky10,ky10,eaa7837d92087407f1845d0f37540495590849e2b79364da83864d999f9185da,targeted,2,1.0,True,0.1231118045982235,0.0459893048128342,0.1679094499394217,-0.0447976453411982
water,Net3,Net3,d54b7bd1708d6b9bf744d9ae3fa11390398871b84cd0c8df38f4473aadc59efc,targeted,0,0.8275,False,0.2641427705102659,0.134020618556701,0.3043102901498067,-0.0401675196395408
water,Net3,Net3,d54b7bd1708d6b9bf744d9ae3fa11390398871b84cd0c8df38f4473aadc59efc,targeted,1,0.8275,False,0.2602443039071298,0.134020618556701,0.3043102901498067,-0.0440659862426769
water,Net3,Net3,d54b7bd1708d6b9bf744d9ae3fa11390398871b84cd0c8df38f4473aadc59efc,targeted,2,0.8025,False,0.2613705275924802,0.134020618556701,0.3043102901498067,-0.0429397625573265
road,Tel Aviv,Tel Aviv,9f1314703ee8971beeaaeefc0921c057ca266dbb7be2bb3dba804128bde66006,targeted,0,0.9275,False,0.131640774331555,0.0044329167649139,0.2854662013612696,-0.1538254270297146
road,Tel Aviv,Tel Aviv,9f1314703ee8971beeaaeefc0921c057ca266dbb7be2bb3dba804128bde66006,targeted,1,0.8825000000000001,False,0.1371420255919919,0.0053289318556944,0.2854662013612696,-0.1483241757692777
road,Tel Aviv,Tel Aviv,9f1314703ee8971beeaaeefc0921c057ca266dbb7be2bb3dba804128bde66006,targeted,2,0.9575,False,0.1261893729359941,0.0043857580759254,0.2854662013612696,-0.1592768284252755
road,Tel Aviv,Tel Aviv,9f1314703ee8971beeaaeefc0921c057ca266dbb7be2bb3dba804128bde66006,localized,0,0.2225,False,0.4946221555940193,0.5091723650082528,0.2854662013612696,0.2091559542327496
road,Tel Aviv,Tel Aviv,9f1314703ee8971beeaaeefc0921c057ca266dbb7be2bb3dba804128bde66006,localized,1,0.6125,False,0.4397478107958118,0.3315727422777647,0.2854662013612696,0.1542816094345422
road,Tel Aviv,Tel Aviv,9f1314703ee8971beeaaeefc0921c057ca266dbb7be2bb3dba804128bde66006,localized,2,0.14,False,0.5005025432040668,0.5092666823862296,0.2854662013612696,0.2150363418427972
road,Tel Aviv,Tel Aviv,9f1314703ee8971beeaaeefc0921c057ca266dbb7be2bb3dba804128bde66006,localized,3,0.735,False,0.4737459546947629,0.4444706437161047,0.2854662013612696,0.1882797533334932
road,Tel Aviv,Tel Aviv,9f1314703ee8971beeaaeefc0921c057ca266dbb7be2bb3dba804128bde66006,localized,4,0.4875,False,0.4564816219372691,0.4719170007073803,0.2854662013612696,0.1710154205759995
road,Tel Aviv,Tel Aviv,9f1314703ee8971beeaaeefc0921c057ca266dbb7be2bb3dba804128bde66006,localized,5,0.6075,False,0.4602693857713604,0.3792030181560952,0.2854662013612696,0.1748031844100908
road,Tel Aviv,Tel Aviv,9f1314703ee8971beeaaeefc0921c057ca266dbb7be2bb3dba804128bde66006,localized,6,0.155,False,0.5010508543186162,0.5083235086064607,0.2854662013612696,0.2155846529573465
road,Tel Aviv,Tel Aviv,9f1314703ee8971beeaaeefc0921c057ca266dbb7be2bb3dba804128bde66006,localized,7,0.5475,False,0.4790573354711169,0.4041971233199717,0.2854662013612696,0.1935911341098473
road,Tel Aviv,Tel Aviv,9f1314703ee8971beeaaeefc0921c057ca266dbb7be2bb3dba804128bde66006,localized,8,0.4675,False,0.4838940127670973,0.486158924781891,0.2854662013612696,0.1984278114058277
road,Tel Aviv,Tel Aviv,9f1314703ee8971beeaaeefc0921c057ca266dbb7be2bb3dba804128bde66006,localized,9,0.5275,False,0.4980050073168585,0.4835651968875265,0.2854662013612696,0.2125388059555888
road,Tel Aviv,Tel Aviv,9f1314703ee8971beeaaeefc0921c057ca266dbb7be2bb3dba804128bde66006,localized,10,0.4375,False,0.4578718737393148,0.4725300636642301,0.2854662013612696,0.1724056723780452
road,Tel Aviv,Tel Aviv,9f1314703ee8971beeaaeefc0921c057ca266dbb7be2bb3dba804128bde66006,localized,11,0.7225,False,0.4716512521529505,0.4327281301579816,0.2854662013612696,0.1861850507916809
water,Net6,Net6,ff1718e77cd7ee289770e36535c35daacaadfb0f97fc1b7c54aff465cc26395a,targeted,0,0.9825,False,0.0746276883769998,0.0190703218116805,0.1259356704002625,-0.0513079820232627
water,Net6,Net6,ff1718e77cd7ee289770e36535c35daacaadfb0f97fc1b7c54aff465cc26395a,targeted,1,0.9925,False,0.0925275878594746,0.019964243146603,0.1259356704002625,-0.0334080825407879
water,Net6,Net6,ff1718e77cd7ee289770e36535c35daacaadfb0f97fc1b7c54aff465cc26395a,targeted,2,0.965,False,0.0882964380074501,0.0172824791418355,0.1259356704002625,-0.0376392323928124
rail,Berlin,Berlin,fbc1459c615f6edb0549e2ba761fd8361759fdff4faa80f41af23328e1ce50f4,targeted,0,1.0,True,0.0868238773648266,0.011398717644265,0.1846603763881983,-0.0978364990233717
rail,Berlin,Berlin,fbc1459c615f6edb0549e2ba761fd8361759fdff4faa80f41af23328e1ce50f4,targeted,1,1.0,True,0.0867810745544929,0.011873664212776,0.1846603763881983,-0.0978793018337054
rail,Berlin,Berlin,fbc1459c615f6edb0549e2ba761fd8361759fdff4faa80f41af23328e1ce50f4,targeted,2,1.0,True,0.0854808477316088,0.0137734504868202,0.1846603763881983,-0.0991795286565895
rail,Berlin,Berlin,fbc1459c615f6edb0549e2ba761fd8361759fdff4faa80f41af23328e1ce50f4,localized,0,0.5375,False,0.327554748155535,0.1809546426027072,0.1846603763881983,0.1428943717673367
rail,Berlin,Berlin,fbc1459c615f6edb0549e2ba761fd8361759fdff4faa80f41af23328e1ce50f4,localized,1,0.9625,False,0.3879111922169491,0.3887437663262883,0.1846603763881983,0.2032508158287508
rail,Berlin,Berlin,fbc1459c615f6edb0549e2ba761fd8361759fdff4faa80f41af23328e1ce50f4,localized,2,0.96,False,0.3283829550977941,0.2873426739491807,0.1846603763881983,0.1437225787095958
rail,Berlin,Berlin,fbc1459c615f6edb0549e2ba761fd8361759fdff4faa80f41af23328e1ce50f4,localized,3,0.9975,False,0.3538919667127665,0.3600094989313702,0.1846603763881983,0.1692315903245682
rail,Berlin,Berlin,fbc1459c615f6edb0549e2ba761fd8361759fdff4faa80f41af23328e1ce50f4,localized,4,0.935,False,0.3347054697921681,0.2757064830206602,0.1846603763881983,0.1500450934039698
rail,Berlin,Berlin,fbc1459c615f6edb0549e2ba761fd8361759fdff4faa80f41af23328e1ce50f4,localized,5,0.7775,False,0.3296551040087713,0.3082403229636666,0.1846603763881983,0.144994727620573
rail,Berlin,Berlin,fbc1459c615f6edb0549e2ba761fd8361759fdff4faa80f41af23328e1ce50f4,localized,6,0.9475,False,0.3214784868090747,0.2303490857278556,0.1846603763881983,0.1368181104208764
rail,Berlin,Berlin,fbc1459c615f6edb0549e2ba761fd8361759fdff4faa80f41af23328e1ce50f4,localized,7,0.9725,False,0.385072579344452,0.3887437663262883,0.1846603763881983,0.2004122029562537
rail,Berlin,Berlin,fbc1459c615f6edb0549e2ba761fd8361759fdff4faa80f41af23328e1ce50f4,localized,8,1.0,True,0.3438487628547335,0.3578722393730705,0.1846603763881983,0.1591883864665352
rail,Berlin,Berlin,fbc1459c615f6edb0549e2ba761fd8361759fdff4faa80f41af23328e1ce50f4,localized,9,0.9825,False,0.3261610502382895,0.2239373070529565,0.1846603763881983,0.1415006738500912
rail,Berlin,Berlin,fbc1459c615f6edb0549e2ba761fd8361759fdff4faa80f41af23328e1ce50f4,localized,10,0.8200000000000001,False,0.3113631218028507,0.2878176205176918,0.1846603763881983,0.1267027454146524
rail,Berlin,Berlin,fbc1459c615f6edb0549e2ba761fd8361759fdff4faa80f41af23328e1ce50f4,localized,11,0.9825,False,0.3261563858294711,0.2239373070529565,0.1846603763881983,0.1414960094412728
rail,Hamburg,Hamburg,bc86ef66a0008e2d58c289ca0d17f6388dff51f10ebfee38bdd7e1dd3dfe7446,targeted,0,1.0,True,0.0833384983137198,0.0125,0.1873685991580669,-0.1040301008443471
rail,Hamburg,Hamburg,bc86ef66a0008e2d58c289ca0d17f6388dff51f10ebfee38bdd7e1dd3dfe7446,targeted,1,1.0,True,0.0838997246340413,0.0134615384615384,0.1873685991580669,-0.1034688745240256
rail,Hamburg,Hamburg,bc86ef66a0008e2d58c289ca0d17f6388dff51f10ebfee38bdd7e1dd3dfe7446,targeted,2,0.975,False,0.0633980562930539,0.0120192307692307,0.1873685991580669,-0.123970542865013
rail,Hamburg,Hamburg,bc86ef66a0008e2d58c289ca0d17f6388dff51f10ebfee38bdd7e1dd3dfe7446,localized,0,0.2725,False,0.421826676413605,0.4314903846153846,0.1873685991580669,0.234458077255538
rail,Hamburg,Hamburg,bc86ef66a0008e2d58c289ca0d17f6388dff51f10ebfee38bdd7e1dd3dfe7446,localized,1,0.99,False,0.434863550337256,0.4521634615384615,0.1873685991580669,0.247494951179189
rail,Hamburg,Hamburg,bc86ef66a0008e2d58c289ca0d17f6388dff51f10ebfee38bdd7e1dd3dfe7446,localized,2,0.5575,False,0.3998106746914466,0.3348557692307692,0.1873685991580669,0.2124420755333796
rail,Hamburg,Hamburg,bc86ef66a0008e2d58c289ca0d17f6388dff51f10ebfee38bdd7e1dd3dfe7446,localized,3,0.9275,False,0.3136050740886912,0.2867788461538461,0.1873685991580669,0.1262364749306243
rail,Hamburg,Hamburg,bc86ef66a0008e2d58c289ca0d17f6388dff51f10ebfee38bdd7e1dd3dfe7446,localized,4,0.915,False,0.2482403711610218,0.210576923076923,0.1873685991580669,0.0608717720029548
rail,Hamburg,Hamburg,bc86ef66a0008e2d58c289ca0d17f6388dff51f10ebfee38bdd7e1dd3dfe7446,localized,5,0.925,False,0.2584970804032721,0.1915865384615384,0.1873685991580669,0.0711284812452051
rail,Hamburg,Hamburg,bc86ef66a0008e2d58c289ca0d17f6388dff51f10ebfee38bdd7e1dd3dfe7446,localized,6,0.8,False,0.3810458748923651,0.3557692307692308,0.1873685991580669,0.1936772757342981
rail,Hamburg,Hamburg,bc86ef66a0008e2d58c289ca0d17f6388dff51f10ebfee38bdd7e1dd3dfe7446,localized,7,0.8875000000000001,False,0.3505675274469001,0.3466346153846154,0.1873685991580669,0.1631989282888332
rail,Hamburg,Hamburg,bc86ef66a0008e2d58c289ca0d17f6388dff51f10ebfee38bdd7e1dd3dfe7446,localized,8,0.2925,False,0.4339907209744546,0.4612980769230769,0.1873685991580669,0.2466221218163877
rail,Hamburg,Hamburg,bc86ef66a0008e2d58c289ca0d17f6388dff51f10ebfee38bdd7e1dd3dfe7446,localized,9,0.7825,False,0.3891401540973019,0.3658653846153846,0.1873685991580669,0.201771554939235
rail,Hamburg,Hamburg,bc86ef66a0008e2d58c289ca0d17f6388dff51f10ebfee38bdd7e1dd3dfe7446,localized,10,0.84,False,0.3118727351822617,0.2372596153846153,0.1873685991580669,0.1245041360241948
rail,Hamburg,Hamburg,bc86ef66a0008e2d58c289ca0d17f6388dff51f10ebfee38bdd7e1dd3dfe7446,localized,11,0.2725,False,0.4291321263274971,0.4161057692307692,0.1873685991580669,0.2417635271694301
rail,Vienna,Vienna,3de1d79bb21c398ef08e2cedac6b12281dfde45650cb873aff4cd7b357af5d5e,targeted,0,0.985,False,0.0866696924947669,0.0197945377098471,0.1858732414962474,-0.0992035490014805
rail,Vienna,Vienna,3de1d79bb21c398ef08e2cedac6b12281dfde45650cb873aff4cd7b357af5d5e,targeted,1,0.9825,False,0.0883941237222822,0.0127787521924329,0.1858732414962474,-0.0974791177739652
rail,Vienna,Vienna,3de1d79bb21c398ef08e2cedac6b12281dfde45650cb873aff4cd7b357af5d5e,targeted,2,0.9975,False,0.0822095120210027,0.0175394637935354,0.1858732414962474,-0.1036637294752447
rail,Vienna,Vienna,3de1d79bb21c398ef08e2cedac6b12281dfde45650cb873aff4cd7b357af5d5e,localized,0,0.705,False,0.3628437436844118,0.321473314958657,0.1858732414962474,0.1769705021881644
rail,Vienna,Vienna,3de1d79bb21c398ef08e2cedac6b12281dfde45650cb873aff4cd7b357af5d5e,localized,1,0.6375000000000001,False,0.3935392592714652,0.3149586569782009,0.1858732414962474,0.2076660177752178
rail,Vienna,Vienna,3de1d79bb21c398ef08e2cedac6b12281dfde45650cb873aff4cd7b357af5d5e,localized,2,0.715,False,0.3412018676451416,0.2590829366073666,0.1858732414962474,0.1553286261488942
rail,Vienna,Vienna,3de1d79bb21c398ef08e2cedac6b12281dfde45650cb873aff4cd7b357af5d5e,localized,3,0.905,False,0.4025209768400565,0.4001503382610874,0.1858732414962474,0.2166477353438091
rail,Vienna,Vienna,3de1d79bb21c398ef08e2cedac6b12281dfde45650cb873aff4cd7b357af5d5e,localized,4,0.875,False,0.405128003190932,0.3976447005762967,0.1858732414962474,0.2192547616946846
rail,Vienna,Vienna,3de1d79bb21c398ef08e2cedac6b12281dfde45650cb873aff4cd7b357af5d5e,localized,5,0.84,False,0.3187495607864309,0.257328990228013,0.1858732414962474,0.1328763192901835
rail,Vienna,Vienna,3de1d79bb21c398ef08e2cedac6b12281dfde45650cb873aff4cd7b357af5d5e,localized,6,0.5525,False,0.3849826762052141,0.2124780756702581,0.1858732414962474,0.1991094347089667
rail,Vienna,Vienna,3de1d79bb21c398ef08e2cedac6b12281dfde45650cb873aff4cd7b357af5d5e,localized,7,0.7825,False,0.3394858208532059,0.2630919569030318,0.1858732414962474,0.1536125793569585
rail,Vienna,Vienna,3de1d79bb21c398ef08e2cedac6b12281dfde45650cb873aff4cd7b357af5d5e,localized,8,0.5775,False,0.3714151570240003,0.1926835379604109,0.1858732414962474,0.1855419155277529
rail,Vienna,Vienna,3de1d79bb21c398ef08e2cedac6b12281dfde45650cb873aff4cd7b357af5d5e,localized,9,0.7525000000000001,False,0.3182608402755329,0.1581057379102981,0.1858732414962474,0.1323875987792855
rail,Vienna,Vienna,3de1d79bb21c398ef08e2cedac6b12281dfde45650cb873aff4cd7b357af5d5e,localized,10,0.945,False,0.3354355084239345,0.2272613380105236,0.1858732414962474,0.1495622669276871
rail,Vienna,Vienna,3de1d79bb21c398ef08e2cedac6b12281dfde45650cb873aff4cd7b357af5d5e,localized,11,0.545,False,0.3936749126540519,0.3069406163868705,0.1858732414962474,0.2078016711578045
rail,Madrid,Madrid,98b95ee85de230d9eb90947a37483612ccf070eb4e437048ae54a1f0e7a1a804,targeted,0,1.0,True,0.072671983756953,0.036617262423714,0.1617809189893727,-0.0891089352324197
rail,Madrid,Madrid,98b95ee85de230d9eb90947a37483612ccf070eb4e437048ae54a1f0e7a1a804,targeted,1,1.0,True,0.0586843341305374,0.020924149956408,0.1617809189893727,-0.1030965848588353
rail,Madrid,Madrid,98b95ee85de230d9eb90947a37483612ccf070eb4e437048ae54a1f0e7a1a804,targeted,2,1.0,True,0.0657384963320259,0.019180470793374,0.1617809189893727,-0.0960424226573468
rail,Madrid,Madrid,98b95ee85de230d9eb90947a37483612ccf070eb4e437048ae54a1f0e7a1a804,localized,0,0.865,False,0.211130036031173,0.2018308631211857,0.1617809189893727,0.0493491170418002
rail,Madrid,Madrid,98b95ee85de230d9eb90947a37483612ccf070eb4e437048ae54a1f0e7a1a804,localized,1,0.78,False,0.2888301619071752,0.1639058413251961,0.1617809189893727,0.1270492429178024
rail,Madrid,Madrid,98b95ee85de230d9eb90947a37483612ccf070eb4e437048ae54a1f0e7a1a804,localized,2,0.675,False,0.2775249492325496,0.1778552746294681,0.1617809189893727,0.1157440302431768
rail,Madrid,Madrid,98b95ee85de230d9eb90947a37483612ccf070eb4e437048ae54a1f0e7a1a804,localized,3,0.8075,False,0.2565430783580492,0.2175239755884917,0.1617809189893727,0.0947621593686764
rail,Madrid,Madrid,98b95ee85de230d9eb90947a37483612ccf070eb4e437048ae54a1f0e7a1a804,localized,4,0.7725,False,0.2736352887932934,0.1530078465562336,0.1617809189893727,0.1118543698039206
rail,Madrid,Madrid,98b95ee85de230d9eb90947a37483612ccf070eb4e437048ae54a1f0e7a1a804,localized,5,0.9925,False,0.3417401049061829,0.3116826503923278,0.1617809189893727,0.1799591859168101
rail,Madrid,Madrid,98b95ee85de230d9eb90947a37483612ccf070eb4e437048ae54a1f0e7a1a804,localized,6,0.995,False,0.165942010140487,0.1203138622493461,0.1617809189893727,0.0041610911511142
rail,Madrid,Madrid,98b95ee85de230d9eb90947a37483612ccf070eb4e437048ae54a1f0e7a1a804,localized,7,0.9775,False,0.1747082952887996,0.1089799476896251,0.1617809189893727,0.0129273762994268
rail,Madrid,Madrid,98b95ee85de230d9eb90947a37483612ccf070eb4e437048ae54a1f0e7a1a804,localized,8,0.78,False,0.2912574533721226,0.1678291194420226,0.1617809189893727,0.1294765343827499
rail,Madrid,Madrid,98b95ee85de230d9eb90947a37483612ccf070eb4e437048ae54a1f0e7a1a804,localized,9,0.9925,False,0.1913953492797412,0.2031386224934612,0.1617809189893727,0.0296144302903684
rail,Madrid,Madrid,98b95ee85de230d9eb90947a37483612ccf070eb4e437048ae54a1f0e7a1a804,localized,10,0.865,False,0.2479986381669104,0.2122929380993897,0.1617809189893727,0.0862177191775376
rail,Madrid,Madrid,98b95ee85de230d9eb90947a37483612ccf070eb4e437048ae54a1f0e7a1a804,localized,11,0.6925,False,0.360808305342388,0.3204010462074978,0.1617809189893727,0.1990273863530152
rail,Osaka,Osaka,9b0340572c8b4241326c87ded039c12aa6013af39c825dca82090cf882799465,targeted,0,0.9825,False,0.0602923189258635,0.0386349001931745,0.0950550226234882,-0.0347627036976247
rail,Osaka,Osaka,9b0340572c8b4241326c87ded039c12aa6013af39c825dca82090cf882799465,targeted,1,0.9875,False,0.0561792733311356,0.0373470701867353,0.0950550226234882,-0.0388757492923526
rail,Osaka,Osaka,9b0340572c8b4241326c87ded039c12aa6013af39c825dca82090cf882799465,targeted,2,0.975,False,0.0568988423565303,0.0373470701867353,0.0950550226234882,-0.0381561802669579
rail,Osaka,Osaka,9b0340572c8b4241326c87ded039c12aa6013af39c825dca82090cf882799465,localized,0,0.65,False,0.1922849671350027,0.137797810688989,0.0950550226234882,0.0972299445115144
rail,Osaka,Osaka,9b0340572c8b4241326c87ded039c12aa6013af39c825dca82090cf882799465,localized,1,0.545,False,0.2004097298603687,0.1648422408242112,0.0950550226234882,0.1053547072368804
rail,Osaka,Osaka,9b0340572c8b4241326c87ded039c12aa6013af39c825dca82090cf882799465,localized,2,0.95,False,0.129683488903335,0.0933676754668383,0.0950550226234882,0.0346284662798467
rail,Osaka,Osaka,9b0340572c8b4241326c87ded039c12aa6013af39c825dca82090cf882799465,localized,3,0.5875,False,0.1680510325747049,0.1056020605280103,0.0950550226234882,0.0729960099512166
rail,Osaka,Osaka,9b0340572c8b4241326c87ded039c12aa6013af39c825dca82090cf882799465,localized,4,0.8625,False,0.1804278252070301,0.1629104958145524,0.0950550226234882,0.0853728025835418
rail,Osaka,Osaka,9b0340572c8b4241326c87ded039c12aa6013af39c825dca82090cf882799465,localized,5,0.65,False,0.1925910064826254,0.137797810688989,0.0950550226234882,0.0975359838591371
rail,Osaka,Osaka,9b0340572c8b4241326c87ded039c12aa6013af39c825dca82090cf882799465,localized,6,0.79,False,0.1765900096296273,0.1629104958145524,0.0950550226234882,0.081534987006139
rail,Osaka,Osaka,9b0340572c8b4241326c87ded039c12aa6013af39c825dca82090cf882799465,localized,7,0.66,False,0.185889634817008,0.1358660656793303,0.0950550226234882,0.0908346121935197
rail,Osaka,Osaka,9b0340572c8b4241326c87ded039c12aa6013af39c825dca82090cf882799465,localized,8,0.9575,False,0.1358450126369603,0.0965872504829362,0.0950550226234882,0.040789990013472
rail,Osaka,Osaka,9b0340572c8b4241326c87ded039c12aa6013af39c825dca82090cf882799465,localized,9,0.47,False,0.2176906832242854,0.2762395363811977,0.0950550226234882,0.1226356606007971
rail,Osaka,Osaka,9b0340572c8b4241326c87ded039c12aa6013af39c825dca82090cf882799465,localized,10,0.5875,False,0.1680678065434225,0.1056020605280103,0.0950550226234882,0.0730127839199342
rail,Osaka,Osaka,9b0340572c8b4241326c87ded039c12aa6013af39c825dca82090cf882799465,localized,11,0.95,False,0.1462999877105004,0.1036703155183515,0.0950550226234882,0.0512449650870121
rail,Milan,Milan,6362fc5fd5cf54e3947ee158ea4edbdac82cd8d139c35c38924a9d830f82246d,targeted,0,0.9975,False,0.1328152821722163,0.0351067680057908,0.2343608490332632,-0.1015455668610469
rail,Milan,Milan,6362fc5fd5cf54e3947ee158ea4edbdac82cd8d139c35c38924a9d830f82246d,targeted,1,0.9975,False,0.123425857654412,0.0351067680057908,0.2343608490332632,-0.1109349913788512
rail,Milan,Milan,6362fc5fd5cf54e3947ee158ea4edbdac82cd8d139c35c38924a9d830f82246d,targeted,2,0.99,False,0.1381270824972233,0.0351067680057908,0.2343608490332632,-0.0962337665360399
rail,Milan,Milan,6362fc5fd5cf54e3947ee158ea4edbdac82cd8d139c35c38924a9d830f82246d,localized,0,0.6575,False,0.281025929002465,0.1581614187477379,0.2343608490332632,0.0466650799692017
rail,Milan,Milan,6362fc5fd5cf54e3947ee158ea4edbdac82cd8d139c35c38924a9d830f82246d,localized,1,0.975,False,0.3260538097060315,0.2128121606948968,0.2343608490332632,0.0916929606727682
rail,Milan,Milan,6362fc5fd5cf54e3947ee158ea4edbdac82cd8d139c35c38924a9d830f82246d,localized,2,0.51,False,0.2642227365919067,0.1226927252985884,0.2343608490332632,0.0298618875586434
rail,Milan,Milan,6362fc5fd5cf54e3947ee158ea4edbdac82cd8d139c35c38924a9d830f82246d,localized,3,0.95,False,0.2532859511742873,0.1331885631559898,0.2343608490332632,0.0189251021410241
rail,Milan,Milan,6362fc5fd5cf54e3947ee158ea4edbdac82cd8d139c35c38924a9d830f82246d,localized,4,0.5125,False,0.2633067229984434,0.1219688744118711,0.2343608490332632,0.0289458739651801
rail,Milan,Milan,6362fc5fd5cf54e3947ee158ea4edbdac82cd8d139c35c38924a9d830f82246d,localized,5,0.6775,False,0.2750909739527754,0.1556279406442273,0.2343608490332632,0.0407301249195121
rail,Milan,Milan,6362fc5fd5cf54e3947ee158ea4edbdac82cd8d139c35c38924a9d830f82246d,localized,6,0.7000000000000001,False,0.2513529167146295,0.1277596815056098,0.2343608490332632,0.0169920676813662
rail,Milan,Milan,6362fc5fd5cf54e3947ee158ea4edbdac82cd8d139c35c38924a9d830f82246d,localized,7,0.5475,False,0.3397690210487127,0.1910966340933767,0.2343608490332632,0.1054081720154495
rail,Milan,Milan,6362fc5fd5cf54e3947ee158ea4edbdac82cd8d139c35c38924a9d830f82246d,localized,8,0.7725,False,0.2464901528279444,0.1277596815056098,0.2343608490332632,0.0121293037946811
rail,Milan,Milan,6362fc5fd5cf54e3947ee158ea4edbdac82cd8d139c35c38924a9d830f82246d,localized,9,0.5825,False,0.307843567319688,0.166847629388346,0.2343608490332632,0.0734827182864247
rail,Milan,Milan,6362fc5fd5cf54e3947ee158ea4edbdac82cd8d139c35c38924a9d830f82246d,localized,10,0.5925,False,0.2966237748720038,0.166847629388346,0.2343608490332632,0.0622629258387406
rail,Milan,Milan,6362fc5fd5cf54e3947ee158ea4edbdac82cd8d139c35c38924a9d830f82246d,localized,11,0.8675,False,0.3158699121734504,0.2251176257690915,0.2343608490332632,0.0815090631401871
