cohort,domain,instance,system_id,snapshot_name,snapshot_format,snapshot_sha256,ordered_edges_sha256,n_nodes,n_edges,input_hash,seed,n_orders,n_bootstrap,p_step,method_version
reference,power,GBnetwork,GB,power_GBnetwork.npz,npz,f9183f636fba81d836842e61935d7ffa01b7c9a62b7a6e5836f67a52455c4c94,7bb67576eb02e7aa1ff9b13917745606951772491201e0a6fdaff51807bc66fb,2224,2804,ccdfb0d868d65f28d6352684eda7592caa4adfb899a5ccfb2e10dd9bbd3ebf73,20299969,8192,1000,0.0025,canonical_v2_exact_endpoint
reference,power,case1354pegase,PEGASE,power_case1354pegase.npz,npz,ef544d1742a6b2ac14eb17a33a94b950e3ffaf4d8d51009ed86a7b98492f5a94,aabeb0bd466d319f7007a71e28d35a4eac8df8ce9eed7b451112d5e31cf56512,1354,1710,08a062c71c1996d764126c4b0f619a85ed034677728971cca59705c0fd334f25,20311306,8192,1000,0.0025,canonical_v2_exact_endpoint
reference,power,case1888rte,RTE,power_case1888rte.npz,npz,3ce70a49fd366546800fcf5582de023d10980f638b3cf4e2ee13515802f74c8f,1e3798ca6e12de18144f048143f2e2b850976727108e4063b00b4ce3fba2a304,1888,2308,7ee12136b6947ef950987903f52f96418f3827375092057e817a70bd89ce5f9c,20302680,8192,1000,0.0025,canonical_v2_exact_endpoint
reference,power,case2848rte,RTE,power_case2848rte.npz,npz,4be4a9a4aa42a4696a5ccdb918e1bee2eee0def94c9df0049070c1056bc93644,ff07f585c39f39bef60c86c197ba3a294433d4fd5fecfe75e3227ed008ce3de4,2848,3442,ca13efd4eebedb4db3b4ab82085d64e3fc3dbb8165015dc27c9354d6f618c792,20302639,8192,1000,0.0025,canonical_v2_exact_endpoint
reference,power,case2869pegase,PEGASE,power_case2869pegase.npz,npz,b044b754705a319c1c8a6d5af48d203f8d8966a3044b26237640c344d37a1514,3c7b84d9332aff3992ae37dd0f68ce57a35bf2165594b8617cb7fe69db53528a,2869,3968,289385196c138ceee8a90e4eb371323a94d8cb30bc6df645e663cac429d33517,20311460,8192,1000,0.0025,canonical_v2_exact_endpoint
reference,power,case300,IEEE300,power_case300.npz,npz,841f894b820d4ed3f3a660a1e7c52e9fe52272d79b6b2e904461eb447adadc03,8abf30738f89744fcf47b733d97f0a62df6dc2a5d4673bedf04cb4cf36474a8f,300,409,d350784c04b97c77c646823f54717711d0989cabc7da184f242c27888c1fb683,20292347,8192,1000,0.0025,canonical_v2_exact_endpoint
reference,power,case3120sp,Polish,power_case3120sp.npz,npz,2b140c633ded119091073c0f61dc881b9d60fdb48cc7439def91601c0370b59e,a4a0ba04a4f54a1a3cc0ed039e61f54b0f520557334a644f57bdc541a2f98865,3120,3684,8b8093061a8c89de9a6cb628070582d42b058e4bc93b5ec34377192973fcc3a0,20299640,8192,1000,0.0025,canonical_v2_exact_endpoint
reference,power,case6470rte,RTE,power_case6470rte.npz,npz,3a73c2dc8b5c6d762d121e1d6278545ac4c23824b328c831eb331d19ae4dc82a,03c6f2c89368d8f1a7872fc45f8a822b5306768c25dec93d0187558f11f6028c,6470,8066,d5ce90f37cbbd74086c489ed67b8cc9ee1e5355380221aaf30a31ac425285cd3,20302562,8192,1000,0.0025,canonical_v2_exact_endpoint
reference,power,case9241pegase,PEGASE,power_case9241pegase.npz,npz,73a981c222789aad50c52a8310c8f88b315831f12af658a9e5e1b05791750761,cd8191bee2199ca97e83c85c06cc5a9ef7d1501fc9713a3a4633202181430c64,9241,14207,2861fa197a084e6da48288afedabba2d8541be634681c4e65ddb1b34854d25df,20311327,8192,1000,0.0025,canonical_v2_exact_endpoint
reference,power,case_illinois200,Illinois,power_case_illinois200.npz,npz,3a56334ed01a72aff9a792696e35b94f9bbe6af2774c558e262cc2abaabd392b,1d1c67fc1a49132508e9bfccfb88abbacc3f358344f5eda8d45df27c4726f327,200,245,52cb27ce6a1a8ceccead9e6b7f2b4244bcf889cc4e6f63510669f2648b4ce1ad,20317366,8192,1000,0.0025,canonical_v2_exact_endpoint
reference,rail,Berlin,Berlin,rail_Berlin.npz,npz,fcee78825e576c6af1cf6859312783469458167feada2a53a3a3609718903936,21c3479ddda328c69149e16898182eb5e17b99a34d1832d30359a9c16509fafc,4211,5193,fbc1459c615f6edb0549e2ba761fd8361759fdff4faa80f41af23328e1ce50f4,20289799,8192,1000,0.0025,canonical_v2_exact_endpoint
reference,rail,Hamburg,Hamburg,rail_Hamburg.npz,npz,5897b88ca03bbb79bd50985775dc79a6102dd6b40cd56f7839e1b3690b9198e3,f8e426000d7ce4914b13ac4ff5be5dd7ebcf8c8645b69f6c5d1eaf4d96970b2a,4160,5360,bc86ef66a0008e2d58c289ca0d17f6388dff51f10ebfee38bdd7e1dd3dfe7446,20292099,8192,1000,0.0025,canonical_v2_exact_endpoint
reference,rail,Madrid,Madrid,rail_Madrid.npz,npz,97ad9aab79fa6c0758809bc3e0e94b4645a018950a8ebcdecb8f1a5fefd26916,138a1399cc131f8ae322407eccf0ac84fe097066eae0612684a0436d259b5ad7,2294,2749,98b95ee85de230d9eb90947a37483612ccf070eb4e437048ae54a1f0e7a1a804,20289669,8192,1000,0.0025,canonical_v2_exact_endpoint
reference,rail,Milan,Milan,rail_Milan.npz,npz,5faaf889bf47dffd6f3e4d5b82b6d70def632976d7ea4b0fef72b98abb1bad63,2c0a1492663d1ae686c04098d5d045e30062c6c9e7af005492843f7d733a233d,2763,3490,6362fc5fd5cf54e3947ee158ea4edbdac82cd8d139c35c38924a9d830f82246d,20287564,8192,1000,0.0025,canonical_v2_exact_endpoint
reference,rail,Osaka,Osaka,rail_Osaka.npz,npz,ab104ef1afd0e4fb5edf82d2d44507f4ef2b7c9df6ffa37808f6086d38ebd5a5,d5536070b55ff0c8c364fbb41a75e61a5713bafa6bf1350c62cd7bf6ed969104,1553,1881,9b0340572c8b4241326c87ded039c12aa6013af39c825dca82090cf882799465,20287518,8192,1000,0.0025,canonical_v2_exact_endpoint
reference,rail,Vienna,Vienna,rail_Vienna.npz,npz,bf143814b00b6861617c0285c41e02c9eb8e63e7864b7ddbc9d9685be85b60ab,9da69a9d36f395211a159901425915e71068be28be6282b0d27d48561c387fe5,3991,5170,3de1d79bb21c398ef08e2cedac6b12281dfde45650cb873aff4cd7b357af5d5e,20289768,8192,1000,0.0025,canonical_v2_exact_endpoint
reference,road,Accra,Accra,road_Accra.npz,npz,62ab975744338ea138a62d1fc56e19a3a82dac606fb865f2134a41ba9c0073ab,4b926e0884a2002a20c96649afaf766741a98419d8b8bc1a8a856a71ed41f267,19183,25655,dfa0955a258a58843e7005452c6fe1a07d08f2c1926faaca7ec254a91c47449c,20287373,8192,1000,0.0025,canonical_v2_exact_endpoint
reference,road,Addis Ababa,Addis Ababa,road_Addis_Ababa.npz,npz,f856e4f6bf8e913821413b5c1ab26eb196e9bc1e374ba5558e9811cda3e69e7e,732c2fe56d3b3003201e755bfb19f217cdd0791d965d6ee459513512ee5ad117,51078,72263,5b2688fdf9dba468b8e0ea2752d787418903b1e395993fc66c706fc505785cbc,20300789,8192,1000,0.0025,canonical_v2_exact_endpoint
reference,road,Algiers,Algiers,road_Algiers.npz,npz,5cfd10123d92b60362c4d212de3958cf6c747b5f708ec9866c0b6a8e81fb0f53,1e99cb9e5f91afa33fc4b2b91d41d0b4fb249bee0ec07b236df2bc02703f5c6e,21703,28885,f2337da78ef2299bd72743cee9aa9ef286cd155a211feb23da8598c800015cdc,20292105,8192,1000,0.0025,canonical_v2_exact_endpoint
reference,road,Amsterdam,Amsterdam,road_Amsterdam.npz,npz,466b36bb0d48277bd28e30aebac933afdedd9cb3733ff72ea211057250dca800,26a975b7f3035c35cd20e0feedabc3bc09261ba134756f045aa842aac64f7802,23201,32887,94eb0da4e8a84316d5c10dc1994baf7252c5b3dbff678bdbcdac787b08618d8d,20296958,8192,1000,0.0025,canonical_v2_exact_endpoint
reference,road,Athens,Athens,road_Athens.npz,npz,07910fdf3870d6e0ee22feaa50931092a51375c89bdae3bcf679dfe1472ac3c2,e4af44f9e06005b94b012d6dcc8a269660e0392e406d4a04251314b8edff351e,54827,88593,cb5f090c0408b76d13f17ae643c4dc090849fa4fa114ea0a15f3d6cd5ff9a975,20289832,8192,1000,0.0025,canonical_v2_exact_endpoint
reference,road,Auckland,Auckland,road_Auckland.npz,npz,04a8fa5a988a0061d23e6f3a2ed3b53261459c235a42cda748fa1e3c4aab14de,3ba5ce2a375cb016417a97d30931ba43cacd67cb2095c2c24d0223d0c111d590,12533,16775,a1c23153a003d63a2f54cfe32bf607c36bac7aad5406555dfd4b32d8c58a79c2,20294299,8192,1000,0.0025,canonical_v2_exact_endpoint
reference,road,Bangkok,Bangkok,road_Bangkok.npz,npz,e1462165a4d58eee692be25a1afef11ac4ae74b354702427f4271d2497f2a49b,8a8155ad908d21a80474934f9b617d99d3676a3fe722b8650532b97d40cc8924,63366,71694,2c97486a7bd38d376db2087296f3bb4b56a0ad081b4a18a93b026104f682cfea,20292003,8192,1000,0.0025,canonical_v2_exact_endpoint
reference,road,Barcelona,Barcelona,road_Barcelona.npz,npz,8c644d7caf49057e92c28ae69518861f9b1fbfcf4f0feaaa5b9b30496d7e74cd,b07c5d00797b700e0b206a5b4a70a725ccd0bcb32a4c8c5eafbcc5b1064f6db0,18674,28820,fd3e1e8319c9d2a226f1cc00c8d28949f672603801ea3f8aaa49c6c7af5c657f,20296786,8192,1000,0.0025,canonical_v2_exact_endpoint
reference,road,Bengaluru,Bengaluru,road_Bengaluru.npz,npz,a0f6df009d3b8b9764dcea9e7501de04c3077f4bab9b4cde67b36bfb10b73666,fb1b120d7ca0a0de05021bda4ea07568e229572e0f7985ee0577149814122fe0,101357,136603,4f05b315e5de3f3278792023f58f9edbb4e583ba025760ffab14b2ba91993ebd,20297182,8192,1000,0.0025,canonical_v2_exact_endpoint
reference,road,Bogota,Bogota,road_Bogota.npz,npz,af1ed8028a379c90eddbf433fa52997c3e0d380b3383fe1bf1cd840ac4aa43ae,1ba1b775d1082d1135a10588dede4c8c8df16005612d17ec7b1f03d84479468a,40772,60476,8d77dcd71f2907217f5a0b1e714062beb4654b44b22e3de05279648077c67dd7,20289747,8192,1000,0.0025,canonical_v2_exact_endpoint
reference,road,Boston,Boston,road_Boston.npz,npz,3f49fe2b28a080147e98804743f9221d89d877076448d4ea1df9b1b016de297f,ab3d63731e66861be4661fcbd1408a07cf673f8dbd389898320b18a72d281d2f,24819,35843,ab1c8ef8bea3a1b1d6c8460021acdda0c4c6c3f850f7873e37bc77953dbbad0e,20289981,8192,1000,0.0025,canonical_v2_exact_endpoint
reference,road,Brisbane,Brisbane,road_Brisbane.npz,npz,907fbb829f1aa4c98befee2700573198eaa9a4c68e262fbf67608530e4f8746c,1a7d23311db74f5f77e05cf8b5dd398e3a51e988ee7e8d89b1636d7ecb9ef58b,25339,35174,6370c1a0ef0082186e72fcb0cd4d0fdfbc158a565f99d0ed55bc1e88b32f1b67,20294317,8192,1000,0.0025,canonical_v2_exact_endpoint
reference,road,Buenos Aires,Buenos Aires,road_Buenos_Aires.npz,npz,d8ce99ca71d276c27121e7f9e4d804ba63fa0194bc1d8ed347d7b6a0b0c96c9d,dd01632f57ffacdb2f04ee5407703f923490a18ed49886b9e65e06af5e2a0378,21642,37472,9d9d15a5d2f4fbba12698a26633ec7b121490021a8df53eda0a4066573a44ab9,20304440,8192,1000,0.0025,canonical_v2_exact_endpoint
reference,road,Cairo,Cairo,road_Cairo.npz,npz,a597851df664ecd713b1ded810e9237f67f19a4fac3e3c8dbc5daa1e3c6a765e,f62f474fa8e21b3672066afb76fc9cf52254315eef3ebe85fee4d301e6f4bfcf,118235,163341,1dd01752b9f1dbd0c8474162d1793e9ce47b810d0108b2f780896d0a7c7278ca,20287559,8192,1000,0.0025,canonical_v2_exact_endpoint
reference,road,Casablanca,Casablanca,road_Casablanca.npz,npz,c118235ea7e838fd4c05c894f0030a2b649c5d94aeaca74bab146b0e041f8a65,ca07fd9c127041f8e5af21787ca0190114e98cda32eafe8e95b5b300ad999fe3,36942,55764,f8c7a1f9e2b886aa40e9fa56bf4a3568975e4cdbaf1739150fb45b89f9b8490c,20299089,8192,1000,0.0025,canonical_v2_exact_endpoint
reference,road,Chennai,Chennai,road_Chennai.npz,npz,66717a5c6de7d020505851f74ec18faf30ca24b194c9e8457031ed4fa4de89fc,4bdbe52903062fb0a2b0f2e6e91114f7aafeb92e9970baa9428c709f013173c8,42444,56880,7cfca29680ba8cef2af8b744e09858e92d0014be372a6b8771952f4c230b3e17,20291901,8192,1000,0.0025,canonical_v2_exact_endpoint
reference,road,Chicago,Chicago,road_Chicago.npz,npz,ca354ea5d5c58310436730e566c4a8ee2f95582c7db7b8d88e844c119cf6bb06,53e10ec1116ae01ede8b8ff0107f056fda565d816a5d4ee25372ff8007471a54,13260,21830,6e54a03ece4f9e8613bb187ade95bb2ed96d1aa8c0ad94f557dd8312a3ff7df6,20291842,8192,1000,0.0025,canonical_v2_exact_endpoint
reference,road,Dakar,Dakar,road_Dakar.npz,npz,6cf85834892457ac3f4e0a87ddba82c9fd3d1950a3676661b5f996cba02cb387,b9e8cd0116ca1d1fa1215859989eb4ffbbf41594a753df93040c35f5950f1b56,28624,43129,d135e6c58b836e7913965c30226322d34eaf4bd8c574de7659ea7d8998805576,20287458,8192,1000,0.0025,canonical_v2_exact_endpoint
reference,road,Dar es Salaam,Dar es Salaam,road_Dar_es_Salaam.npz,npz,df7ce6128a72e93f714edbb109a0a94eed5f30c27972beb13d6d87547270ec96,4dfa7920b5535c46faeb380650bf3b4497e3812ca3f51b124683f2070cab766f,22312,29826,3dbe8788844f68a6baa9d7d70471afabf3c868af462c46dc55b3dd77ad295122,20306260,8192,1000,0.0025,canonical_v2_exact_endpoint
reference,road,Delhi,Delhi,road_Delhi.npz,npz,23d399cc9637b658a1a8e667fa96778a68c008d6e6a721f2c0be0a28799ca8cf,9bcff51bb2928ccdae3c74e5f8839f7f1cba519cf9cce0686b682050b5594aa2,59302,85866,ef9646d6b32ee8d368c13f641fcff98d043f745b57904bc921c5f3509bfa4b32,20287467,8192,1000,0.0025,canonical_v2_exact_endpoint
reference,road,Dhaka,Dhaka,road_Dhaka.npz,npz,1f5bfcaeed2a7dd660c8a0d6a917fe43ca8bbee2618ed4bec2e804504d49474e,84424277aae25dc51b700e8ff195b068fd579bfa6932a2bcc58e518d5ec8975e,35890,47996,a65144ddcc34f23972b2d202b2d2cd55ea3e782cf425f82e62474c28beb59939,20287347,8192,1000,0.0025,canonical_v2_exact_endpoint
reference,road,Dubai,Dubai,road_Dubai.npz,npz,dadf9d9d1fc57543c4154f08e806fdea0a532565f5865fe1a9e2e141422400a9,254ce95e327e8bb697545cb9a7211e1d3bb991ff51e97f3407b9322b7c809d21,15724,22720,2db898e088c7cb2fb4ac59525af70ddc3a6629bdfcf307f718dffa812066751a,20287436,8192,1000,0.0025,canonical_v2_exact_endpoint
reference,road,Hanoi,Hanoi,road_Hanoi.npz,npz,59bdb75433da2c03b444ead9619514ecd55b96a08d5a388a1d470acd639476e0,9212322353314d1a3317cb7ea480c2a01a5f164e5b9d78468017367553594cd4,29320,39886,4a321e4140484f274f5b6fa29d763d163fc4b6049743cfa5b35266e3aa4f820a,20287542,8192,1000,0.0025,canonical_v2_exact_endpoint
reference,road,Ho Chi Minh City,Ho Chi Minh City,road_Ho_Chi_Minh_City.npz,npz,d533bb1e86a336fb158ae1546226ec68d8a78271fead6a77ddaaf69bcffbd16e,5e8f31299762c704f3e2835d1656c439a80d1626b6f4b97b51b7c1eefcd8cbed,40466,51958,8687b876aad2ebf2f3544c09e61dbe0084498b8528b11b33176c5376014c9c5d,20315062,8192,1000,0.0025,canonical_v2_exact_endpoint
reference,road,Hong Kong,Hong Kong,road_Hong_Kong.npz,npz,05d9abf0c121529cc4ecbd11e1b695d24997991056f04aa9b87a2bece67069f3,a1e195d0c10926dd83071eb704b47aefc121e86f5a91929653e77976cf8676d5,9035,13245,8c450ae99e1d49537e3fe46c4f3b09a708194b8e3a26ee2ab24260144f99ea54,20296307,8192,1000,0.0025,canonical_v2_exact_endpoint
reference,road,Hyderabad,Hyderabad,road_Hyderabad.npz,npz,2aac17e2f3c7afb54183554d9e1ecec94d56bc66945e1df944b9b3f7fa1d5532,f91d1e65b8c821bd361c7c105a687af6f159b50a84a168c430d48c882a742194,98461,132094,e4231c8b15f318853b5383dfc47cc6714ae0597f46f38eb309dd665fd8221603,20296622,8192,1000,0.0025,canonical_v2_exact_endpoint
reference,road,Istanbul,Istanbul,road_Istanbul.npz,npz,4b4b92b7dd9735ab0f1d386f45a3a67329a0874144b6999adee75ea8063a2e56,a2e83c2fdc37d732ea157b142fafa057a6a4f851ae81ab429753bd55f8e630a0,48682,72909,eec3a6dbbdcd00ad23b67c1f9091e15b935660f56c8cfe1f00ddc54c0b80a322,20294598,8192,1000,0.0025,canonical_v2_exact_endpoint
reference,road,Jakarta,Jakarta,road_Jakarta.npz,npz,aa25d2c2c67690294633bee93fd20ae121aae613458473d1093a7ebc81006da1,1b980b0d62241db0514210cc4f9542475bbb5dd49951662089601cef091cf10d,50166,65445,d59d38ad96562a8ea8ea6eb9efcfc96393a754eea73f17cea49fbc37d4a9e8c2,20291978,8192,1000,0.0025,canonical_v2_exact_endpoint
reference,road,Johannesburg,Johannesburg,road_Johannesburg.npz,npz,04403ccd8364a27b2084360479e42705cb6217691186ca168e9c940f6362108f,63ac1926d713151ee33588a05e5831d34daf3d967809374cdf59a1afcec7ce4d,22312,32632,4f091fc0d64c7e37ebb8bf87212b572e814d05a9e39d7fd528eafc7620690a88,20305301,8192,1000,0.0025,canonical_v2_exact_endpoint
reference,road,Kampala,Kampala,road_Kampala.npz,npz,2779baccd4172e7a5f20071a5a9ec2c9d7f880716233ff20c73035bcc940cb4e,1a34185b92d68918929db3e2bdc97dbf3910a17995442b461f103f68189ec656,35927,41391,a3fdf2484e3d4125bab8164f7b70b3bba13444fbc8d8db4d5b040bd21d48250c,20291877,8192,1000,0.0025,canonical_v2_exact_endpoint
reference,road,Karachi,Karachi,road_Karachi.npz,npz,773036d796195c43e9eadf9469a1de08e92c02fca36352625dbb96600564cfd5,c3c606086cd77032c728f22ed73ee2b371f256b977061cbd398c8f42739c76db,52156,78992,345bd7c3f4e02b299a268bf152f0f49a4cfd3c52f69f9f4d5eff1283f4b71a48,20291854,8192,1000,0.0025,canonical_v2_exact_endpoint
reference,road,Kuala Lumpur,Kuala Lumpur,road_Kuala_Lumpur.npz,npz,ddc1abac12110f2e23fe93b4b6a2c10baa351c11af250bc9b940ec65955f130b,d68cd731b30b85dd82bd2d2ede4928e7f6b5e0eac9a294c5ac298fc8aad883b4,37213,50999,49b7553a44a7eb0148643d5a81a8b7ab648c1a4225da6cb8aaab15e1173468b7,20304828,8192,1000,0.0025,canonical_v2_exact_endpoint
reference,road,Lagos,Lagos,road_Lagos.npz,npz,17d45833df4f366621af2d097d36ad3cc2fda9a6f1d6385cb23617032ca951b6,3cd06ca4f686ac515ff7d1a2ba1ff7684fc3627608dde9657de4545401075724,13226,17952,c2a9d25f86f9b3ca4fd33a84ae643503972c6868a893966ba48b9e5af72f2436,20287610,8192,1000,0.0025,canonical_v2_exact_endpoint
reference,road,Lima,Lima,road_Lima.npz,npz,bda100542d14e90b64b4f15a13af02bdf7f44b5fc91809b2bd3de33c98d65b69,b15c9d101a2ade6fa3528e5f112e7d33a6103a6c233082e845f08c69c6b67149,49410,75796,b12039ffd98f2fe4818b976b056335d9772a079095451454f90b51260e99343a,20285416,8192,1000,0.0025,canonical_v2_exact_endpoint
reference,road,Lisbon,Lisbon,road_Lisbon.npz,npz,540eef8d47f8f8a70bf47b771a05c8c379190c6a0a9c07c79aa1f0ad7b74e596,97a47025ad777808c9dddda43316125af1c93f2b81ed17385edbdf5dec53700b,26686,36745,488bc6782067aa70f97242af41f9389b8b68e3725d7fcf1e2633d3e5eae2343f,20289837,8192,1000,0.0025,canonical_v2_exact_endpoint
reference,road,London,London,road_London.npz,npz,87efdda2d97eeed92a5ec49eef8a90e1bd365ae5629758e119ac75d4873703df,969d231b1685368ef3ca5b6a67902d347b7863348075c342efc5add7a50a4e7a,48353,62602,8f49355676baa87af47d44e42bfbf0f77547d73bc9a1e8dfbc595d3458d54992,20289857,8192,1000,0.0025,canonical_v2_exact_endpoint
reference,road,Los Angeles,Los Angeles,road_Los_Angeles.npz,npz,7493c59fdc3e036aa52decec7831e3ae1ab566fbb4fc42cc6df08c847970fa4e,e62fef1d6ea205656850374bbd0709fd93f39d5d96533c67520fdb2f2e5b5224,22280,34611,219b208ac41716e10e50a12f340935f4a88b22a4a28fb7b189651f09e882a4de,20301671,8192,1000,0.0025,canonical_v2_exact_endpoint
reference,road,Manila,Manila,road_Manila.npz,npz,415937e8807f2e4e4f91af6e2570ef8f045eb33e9b917f111f7b19e4b4843eae,2867aa0084ec156fe05f64427bee416dfc11fc5a930a2e0ee4305f1a34e6cb20,25142,36895,7645e8072f89f7935b5e2be2cde714a704cf2c1665b04dda8aaa69a16c1ce922,20289637,8192,1000,0.0025,canonical_v2_exact_endpoint
reference,road,Melbourne,Melbourne,road_Melbourne.npz,npz,1d67e580bc1dba1dafec23fedcfcce1c285cdcc1728e30c8048fe94e7f5018a6,d32608cf31e5f1cc962da89027a3861db8e33978d8ee00305b8018692ad3b37c,35052,51621,b1949e34636d16072868fc476e33eed55b5af66885f7558fdf14b8a00254fe6f,20297114,8192,1000,0.0025,canonical_v2_exact_endpoint
reference,road,Mexico City,Mexico City,road_Mexico_City.npz,npz,b73f3236bed749fee6d70390c0f6e619efcb77a3da1e5e52b5bcd499b675097a,ffa5a8654d3d5d91aaaa05113f69d58f2757f5c4e55b89885ece26c856973299,59012,90635,5ddbbd7846d723b1f438609e14bcf42b2e49075c3d4d3015c000115028bbeb71,20301736,8192,1000,0.0025,canonical_v2_exact_endpoint
reference,road,Miami,Miami,road_Miami.npz,npz,407be4d87c13132cf516582015a10f513fa5efe2734bafc33c27d8af6b2e5835,e722563dc5d1e15fa4544962ddc27143d683d9879a6dcca54781ebd82a662c04,17983,28736,fd21fa456eaea9f49daad4426115d8267bc44b46bbe9b58a5a39830d12f1f831,20287506,8192,1000,0.0025,canonical_v2_exact_endpoint
reference,road,Milan,Milan,road_Milan.npz,npz,0b238e5becad707cf499a923b017c97679f90620bc642dc5dde555edf7b62057,5e471d5b98e207f7ad26af442770ed143c97015223c44934190ef36bc0079137,25735,38172,8a510eeeeababe0918e84b94fdeca1af18464ce1e32ea599801b1d50b4e41370,20287536,8192,1000,0.0025,canonical_v2_exact_endpoint
reference,road,Montevideo,Montevideo,road_Montevideo.npz,npz,39b89bf8b77496c518ff88998a0fd192aa141132be00dd10365c76e33a190e3d,e98aa52d5a2ddc0fada61379cf0bc63aba9342ae344b139e6dedf08ef8279611,13761,22450,9ee40968652a95a09602706106415494c580fdffdece75f26c0056f87a424058,20299722,8192,1000,0.0025,canonical_v2_exact_endpoint
reference,road,Montreal,Montreal,road_Montreal.npz,npz,1640eb6f260741f3045b47dc46a490d6c2008662c0ed4808dd1c653bcd340c19,ed1ea1af49a136c09e37b1fbe675ce727a3addea496d3055846046d7e938921b,20313,32065,fa016fc802965ee9056d5b0f9428501b44c2fee6cc23f869d0f1455a654ec912,20294550,8192,1000,0.0025,canonical_v2_exact_endpoint
reference,road,Mumbai,Mumbai,road_Mumbai.npz,npz,55a0332b67eb047b7128944e5f837ff3ab6415e103b7d0ed67e5a61ab6617dfe,e27518c99a93b233a5f1ce2f1556bac1ae2424b94f5e1db6acd5395cef5551f9,18270,24999,9ca15f4021afcac446dbb4da5ffb94e7ec8bd8300ccdfc7eaecd6101b5b8879c,20289684,8192,1000,0.0025,canonical_v2_exact_endpoint
reference,road,Nairobi,Nairobi,road_Nairobi.npz,npz,3c55859481d114651bd2ca49fd017e7b553217d5fb911afd7119091711eb6b3e,d0589580cd90213b177836f4b833a36b5feb6d994cb2c393f5b55471acfc098b,22960,28157,2cbde71d4249347843419c9eefe485c3d86aa4ed6a5930244faa1b08f879ae2e,20292007,8192,1000,0.0025,canonical_v2_exact_endpoint
reference,road,New York City,New York City,road_New_York_City.npz,npz,fbf929ff88013a15c7a03310a109b0b479954aa1c4eaf79d1b850a57492f91bd,5c521404229b7969b1b398d3f6ec268a04fe86f7bed64933c8a4a57a1d4ab921,20109,34130,75627dcff916b66ff0d79a50d0661574e261bee71a3917348d72190e1cc209cd,20307046,8192,1000,0.0025,canonical_v2_exact_endpoint
reference,road,Osaka,Osaka,road_Osaka.npz,npz,9aa78724510b92e4c6f245c799b24a0fe61486d6b6b72539b3f7e4f09619e58d,c2c8834f93727889103fa01427ea43313c893dc803fd0c606b86ba148f708a0b,92460,138690,8716f7da01a6ea100c83066836fea709c34b406534acc56a2f284e9c2ad9c7db,20287490,8192,1000,0.0025,canonical_v2_exact_endpoint
reference,road,Panama City,Panama City,road_Panama_City.npz,npz,b0d859e86ecd8e5b0774edef87aa83e0b7c20f938d710d8d9e6fbed9ee1b9e15,f9edb7d63234962b01b90e52a94009be71e1824f674d8168ae40698e906327af,9245,12302,93bf1c32dfc9bec7d8b42660f7eaf8b0006c7b55199906746005ba302a9e1526,20301520,8192,1000,0.0025,canonical_v2_exact_endpoint
reference,road,Paris,Paris,road_Paris.npz,npz,c0bec782e80aac33105798b5905adcb9411b2062849911e15a39857fa31e94bb,55fd1e9f163566db0e5fc13132fc37eaf5daa880398cf38d782c037cc422f9a3,36946,55181,0fe84770577f910adb2fe64426447e4fa469ba5466935ff09e61d0ff2168942a,20287668,8192,1000,0.0025,canonical_v2_exact_endpoint
reference,road,Prague,Prague,road_Prague.npz,npz,445ab061ca43ca06e17206e8c908c5f6cbc5fd0c30cbb58253c0b97ec3ac4cea,ee35eea0a34c9d022334b4f19312afdffaf359a1fbd67feb5139b2dae077dfd9,19787,27325,8feb933105574b153905c5850a1837bc2842d9b0f9161c744cc11c708e4a5e38,20289786,8192,1000,0.0025,canonical_v2_exact_endpoint
reference,road,Quito,Quito,road_Quito.npz,npz,44be5d84d237658a07d8394b64de9fceaea520d5dec3e80f4a419d9e6e1087d0,b8ecec1f80243554e000aec4952113b0b97c40fd8ee93f4926fba112abac9ea9,26144,35253,b2a5f5615b2bac039babb0f6a8ec841b36de81f1eab4f6b184ab6e7f0ea38b26,20287801,8192,1000,0.0025,canonical_v2_exact_endpoint
reference,road,Rio de Janeiro,Rio de Janeiro,road_Rio_de_Janeiro.npz,npz,8e0fa55619e3f1823c16e3e6c29ec7c27298efaed8fc87430128f261ddd01efe,75e8aa60dd8e8f46b476de270152ddbd3c8fee4057f42365dec9324bc8bca43c,14909,20774,5cd554861366e52613b78a2de92457492fb272db3e31ad70caafa4d41839b67d,20309546,8192,1000,0.0025,canonical_v2_exact_endpoint
reference,road,Riyadh,Riyadh,road_Riyadh.npz,npz,325f5dea6ac45a29870d3009d4f25c1d7aca5102e9624c5b27d62df49186a375,f846560d918b182617b62186a8aa58f6729d53144ab1ddfd486e07cc700d326a,52112,79423,598172e9ba56032da1b853bbd215b8b8dcc7673f9afa44e34a62853b54d5f3cc,20289736,8192,1000,0.0025,canonical_v2_exact_endpoint
reference,road,Rome,Rome,road_Rome.npz,npz,24b4f77d586a019a6ff40f7dac4bcec1c179d2bbbb4cf6a550ea454a3288bc2f,be07ea6176546bb1c2214f1f63ab0ba7796360898382c95fa63851feb9a5ccd3,25843,37062,775d3fdc7167aa3c7e62f09d12d3a1af88893fcdf5757ff1db1f19ca80b81f8a,20285530,8192,1000,0.0025,canonical_v2_exact_endpoint
reference,road,San Francisco,San Francisco,road_San_Francisco.npz,npz,f34451517d1af189cf2f0ae3bfd8bd8806080b2be8314e0855a00878382c0578,d43dea023e6442cb49f5ad86bed7e444be184943c59bb93f9e43bb9d16eed390,11502,18546,9a77f5498f5072c63be911941b5ca244b84d74c1eb942d53b55cdf2a533cdffe,20307373,8192,1000,0.0025,canonical_v2_exact_endpoint
reference,road,Santiago,Santiago,road_Santiago.npz,npz,b059c64b62a7c8de800e3ddc484b21d3334383fbe3fad9be9e548fdfc0fd9121,ff60ae7161d78de0f6b31cce6e78d964b079afd0020dcc0921ef613e2596846a,60718,88302,75e7cd4f29692e9a18568e505a10786bc5bfd504bb2e77dcb249a6606cf64b92,20294465,8192,1000,0.0025,canonical_v2_exact_endpoint
reference,road,Sao Paulo,Sao Paulo,road_Sao_Paulo.npz,npz,c699b77f1c31dde3bc488d6d24367cc32c9a4d63b45a77bec936229bdbe345c6,0aa4a169e714da8530699c57f8fb9b2c323c3712879f9131cb4926b2778b0fdb,51289,77333,104118adf016eada9c8e57555d6f0b674736c2e3603ac7573fa3cfc42b04dc31,20296492,8192,1000,0.0025,canonical_v2_exact_endpoint
reference,road,Seattle,Seattle,road_Seattle.npz,npz,1924b02a54831f401171f800eedb63d899802165efcdb03f9585601377e64cef,50465565aa02c25fae477393275e5a707fa0f6ac7f0672bea42a950fb35fe9ee,17570,26501,49de4295ad5a4a67f30bef7ce88f0d68abdbc76127e2c8b428495766a106997c,20292131,8192,1000,0.0025,canonical_v2_exact_endpoint
reference,road,Seoul,Seoul,road_Seoul.npz,npz,76bf2eb13c5daf24898f54dc4bbecb16fd85f2162f8bac9d5eaab3487705fc10,a0b910400eff5f26a2fad52c24986f1bde992979f55b3ad4bec0b596255c7a9e,50914,76060,28613ed519fdcb353693f7186775e7ab7e21e61a60ec9c5a88d9cd9a2485ea67,20287728,8192,1000,0.0025,canonical_v2_exact_endpoint
reference,road,Singapore,Singapore,road_Singapore.npz,npz,f02725febb519b03ea398acae8bca45594a7657ed0562c2448aca2bdb57b7412,f2d6ca331ece446004cb2bd749591f8725a204cfcff0b1f9f3b4f6a2bf32bb43,13478,19430,6dbd2f1c403e04188df631f9bea5b7e958698cd051a6bee3adaa5b6ead8b3572,20297060,8192,1000,0.0025,canonical_v2_exact_endpoint
reference,road,Sydney,Sydney,road_Sydney.npz,npz,2dd786cd9e97ff7782d35d14aa1fbfc4e6460f8bccffd5c39f4e3532b631ae7a,a67d492127f0343d2cabbefa3c364afda65fe3f406b220625147991a4906f76e,22215,31013,f353556b450891524e6a7f264edcd83c15c72d163c28cddb4faf1861ee441b95,20290000,8192,1000,0.0025,canonical_v2_exact_endpoint
reference,road,Taipei,Taipei,road_Taipei.npz,npz,ce6ec45306cfcbcd942b932dbad213cda55aa210cd3d9d42341cfc8fcb6d9b84,e2855496b62f803c9f62d03683929bb118dbadac5c621b4bae4ab81ed4df6a66,16388,24900,310800963b10da8c0b94671f9f037020e1d31ab8be108ba2aabf497426d344eb,20289720,8192,1000,0.0025,canonical_v2_exact_endpoint
reference,road,Tehran,Tehran,road_Tehran.npz,npz,22a121314c80aecabfabfa546eb295619d49d238fcc4065ca89050b7a9d5d36d,91e46e143d1329bfc1ee8c8514c326913c0fe47b04a87463a1d5983c8c4e9a78,85612,108037,aade61c16f52640e8fe72184ac08ff6e1230f57f6c2b62218fe0711186df012a,20289773,8192,1000,0.0025,canonical_v2_exact_endpoint
reference,road,Tel Aviv,Tel Aviv,road_Tel_Aviv.npz,npz,3f710e59e4656ad616572177e8303c77380dda3f816a7d5c94799355eb94fc18,0c99206de5ca8540f38b6de43f33365e855bd338e18e3249c7d78415b555f22d,21205,30263,9f1314703ee8971beeaaeefc0921c057ca266dbb7be2bb3dba804128bde66006,20293993,8192,1000,0.0025,canonical_v2_exact_endpoint
reference,road,Tokyo,Tokyo,road_Tokyo.npz,npz,3be0a76101e8977826f98c07dab1be622c5e512550dab92218d80ee0404ed573,c800e6f93fe78a69f57b5c6dc7fd0a5c013125f7cf2294561af817cc5d99f3a7,62113,98086,15cfd4fa93fec7c9f390f2faaa129638816fdfccb3ee81702a7920d7ebae4d36,20287838,8192,1000,0.0025,canonical_v2_exact_endpoint
reference,road,Toronto,Toronto,road_Toronto.npz,npz,2d2cc88e9a88221018989a711f3caf30faa6cca0c28f652d8ecd8e706b613a0a,bb0fc2356da904dc6ccc63b0c24d3d7b2e3fe986344cde788437e7d580eed0aa,12443,18430,4200b36ec2997344a60524e4d4862d268a60559a81e548bd471fe33fdad07d94,20292446,8192,1000,0.0025,canonical_v2_exact_endpoint
reference,road,Tunis,Tunis,road_Tunis.npz,npz,1183ee912d5815a3a0880ab56a089637134cecfc37988414151fd550592ca521,2ced07ce3d59241e894f0de08caf6e3c00857b2f6da3191479dba1ca0ecb10f2,46721,67495,35e3364d1fcc0403e4638f4679bcc028c574cc7b0022685dce9d8b812e3b82f7,20287800,8192,1000,0.0025,canonical_v2_exact_endpoint
reference,road,Vancouver,Vancouver,road_Vancouver.npz,npz,3ccbb322059a9a08321e4b1efc4ed607bd7b13c7e364a7769db284db91a4079f,0c325cf842b146eb01b887d38be4c71d5fa9178490c557403092932a0f54a140,14876,22751,68bd74e36d2e9d7613baac0ed29ae6a4750ab861d07e760be6d7fd4111241454,20297278,8192,1000,0.0025,canonical_v2_exact_endpoint
reference,road,Vienna,Vienna,road_Vienna.npz,npz,c56e6b5d9384255916eaee883a67e8e28d274c497127bc575d02fe277a7bcf37,ed56799667573b0e7cf0d7e291a915737ffc13dce58dca8dd758b2ac570b7f67,17629,26142,8b68b8dd113f31905448268df59026a70688fb0f7528e92a635f9fc598b0d79f,20289740,8192,1000,0.0025,canonical_v2_exact_endpoint
reference,road,Warsaw,Warsaw,road_Warsaw.npz,npz,23f7d9798c047b3ccf2273b8bc2595372aaceb7d1cc7d670c16cd1d4bae2f0ab,210d3f21ffe600cb18b90750af86f2f3cc8b96cb94425dc33a680e0f2f70cecb,17582,24341,afc7445d54d624eecd37e4237c8a75938282f861f476831d8a7728a415c87fae,20289951,8192,1000,0.0025,canonical_v2_exact_endpoint
reference,water,Net3,Net3,water_Net3.npz,npz,c8b32e7b46758a1b7e80f9b958686218169e961700cac7ab15b12b2ad0ebf56e,7b750c10c0a42be5432189fa200a95a5f7be4420b67d6134419135da8bdef735,97,119,d54b7bd1708d6b9bf744d9ae3fa11390398871b84cd0c8df38f4473aadc59efc,20287108,8192,1000,0.0025,canonical_v2_exact_endpoint
reference,water,Net6,Net6,water_Net6.npz,npz,975fb96b27ce334fbe20c4cc251750cca502539cf6b5c303bb2b899a52ae1de7,df1ea924f0914f359bdd9a387773f121afac87301ddf658a8989825f429ade8c,3356,3830,ff1718e77cd7ee289770e36535c35daacaadfb0f97fc1b7c54aff465cc26395a,20287138,8192,1000,0.0025,canonical_v2_exact_endpoint
reference,water,ky10,ky10,water_ky10.npz,npz,3ae75154546e0dec016edc833e6bb2ee76ac6717c6cf366142ccbfa2e64a1a3a,6fc5269fe634552fb4d2538c2bcb77285026e348ff66cf35baaa218d1b1911e4,935,1059,eaa7837d92087407f1845d0f37540495590849e2b79364da83864d999f9185da,20286614,8192,1000,0.0025,canonical_v2_exact_endpoint
reference,water,ky4,ky4,water_ky4.npz,npz,ceeb558923da6181eca5794de68f93952c45343456ac128bbf2430a641ce06c1,1d31eaecf04d12b3c636b7aad00df61303327c062dcc26f930daff2382183450,964,1137,9ffe690e568e0070affcf90df7d756ed8b4a78bbd90a54ef83a5421810bef117,20285139,8192,1000,0.0025,canonical_v2_exact_endpoint
external,road_external,Abidjan,Abidjan,ER11P_simple.pkl,trusted_networkx_pickle,31124b4fbc2a5702ee65c7d9ace0b9d92aac1495beb80ae870c9ce5cd7296dc6,,21637,30812,910856138c7ea8fb3b276ebc8ee5339312dcab71a8c55e591dc00eea8b5bc2a4,20267140,8192,1000,0.0025,canonical_v2_exact_endpoint
external,road_external,Chengdu,Chengdu,ER21P_simple.pkl,trusted_networkx_pickle,cc150f61380f621dae8eb76d8c073a886772ed4d73513ea8936d475fd3959550,,14872,22969,61099a876180d3cf763e20af753f13378e8146cb5b563f6262149bdb979b7ed2,20267143,8192,1000,0.0025,canonical_v2_exact_endpoint
external,road_external,Stockholm,Stockholm,ER31P_simple.pkl,trusted_networkx_pickle,470787ee502ef8104814993a930db0b18e4d228b1beec5b84e86247717efe36f,,20210,26620,dbe2ff93ef80f646305d98c41c25c39775a0231aeb52f12146fb6d2c2b57b7f3,20267146,8192,1000,0.0025,canonical_v2_exact_endpoint
external,road_external,Medellin,Medellin,ER41P_simple.pkl,trusted_networkx_pickle,e53efe10e20fae405ad795be61eaa31c5bab79d0ab1c87f5a740aa8944e15cc5,,24333,34222,2c4102e24808bfc2c76bbef600bd8f84094704e8f6b6e1bcb7e009dfe8fe0eb3,20267149,8192,1000,0.0025,canonical_v2_exact_endpoint
external,road_external,Ankara,Ankara,ER51P_simple.pkl,trusted_networkx_pickle,f6c8e9fcfa1773ee1c47f357eb2217dbd0101abac0abdf662723949d991ad6f9,,28917,43767,1c19f281bc95baef5f4fa7fdd9f3896edbcd99e42c5606a9861858c8d92377ba,20267152,8192,1000,0.0025,canonical_v2_exact_endpoint
external,road_external,Calgary,Calgary,ER61P_simple.pkl,trusted_networkx_pickle,2cd0ee64befa8284a4b4fe9913f84fd655fc1c4e2b55dc5df2db94e486dd449b,,18363,26621,574dbe32a406155b47aed859b57ae23500a05d209203b5d69c8fd4171a019aae,20267155,8192,1000,0.0025,canonical_v2_exact_endpoint
external,road_external,Adelaide,Adelaide,ER71P_simple.pkl,trusted_networkx_pickle,35eafb65e1e568deb9aebaad4714710a0ad7023f35210c3185dfa85eb1dd69bc,,29777,43041,f4ed10e277f6c8f884173f42a751e7330692ced66227c169e4c106e8ca0dd9ca,20267158,8192,1000,0.0025,canonical_v2_exact_endpoint
external,road_external,Kigali,Kigali,ER12P_simple.pkl,trusted_networkx_pickle,42104c9c8754fbe1db5a35c91cdca73b7c8354e0fec3c32bde44e3a3e2bab4a4,,16227,21773,ca23f1344a4a40779f79985ab85a507abc270269b9bff6378726c01c0c5d919f,20267144,8192,1000,0.0025,canonical_v2_exact_endpoint
external,road_external,Sapporo,Sapporo,ER22P_simple.pkl,trusted_networkx_pickle,06effe40ba8c7594cedfe2056f387a7e408b9055203dfb5d7509de085424ccda,,48701,77596,556c3161f709326a0f885d5f89d1d737086267bf95b52244c80b9e3d3ace20fe,20267147,8192,1000,0.0025,canonical_v2_exact_endpoint
external,road_external,Munich,Munich,ER32P_simple.pkl,trusted_networkx_pickle,0b30374857d23a167defa7d94fce5eea9c633429b09d86576565efed1133296a,,16338,23849,c7cdeeac24f61664777d1e1c677c1e88bd088f6c81183b86d0387bf831f6d29b,20267150,8192,1000,0.0025,canonical_v2_exact_endpoint
external,road_external,Cordoba,Cordoba,ER42P_simple.pkl,trusted_networkx_pickle,6bbc2a50d8f6d3697229cf1b704f86ec955c02eeef867ee5b35e8626c6d12148,,30788,49140,a51dbaae5a8b8bd314a985e78dfbc9a053b138522f12f43ddf8bb6e8e14df89e,20267153,8192,1000,0.0025,canonical_v2_exact_endpoint
external,road_external,Amman,Amman,ER52P_simple.pkl,trusted_networkx_pickle,71d459644a3128c3777e4593c03fa3b7d924aa45806b63e9a16b1d484f097a98,,43301,62072,a2fb275918cfb470e2613676f313a82ac5409275141b5b91c8ad6ac3fe21c21c,20267156,8192,1000,0.0025,canonical_v2_exact_endpoint
external,road_external,Minneapolis,Minneapolis,ER62P_simple.pkl,trusted_networkx_pickle,dc3ca1a5e0bb3047ab419149fe84364d5db6e05e3fa3c34abdbbda531fef9a69,,19301,30730,27c3ffce3c8e10504bcdc1d68f3ba62f134c0e1de8bfbf2f5e7585fb191ed8dc,20267159,8192,1000,0.0025,canonical_v2_exact_endpoint
external,road_external,Perth,Perth,ER72P_simple.pkl,trusted_networkx_pickle,fa064c741ef9d87d55193a15af2637278aba5640ebc47eba1860bd7a6bd1f67a,,30045,44315,86894f7deea9fb958f8babb7a327f08d84868b25c82611c6c30f495e7e3d8489,20267162,8192,1000,0.0025,canonical_v2_exact_endpoint
external,road_external,Cape Town,Cape Town,ER13P_simple.pkl,trusted_networkx_pickle,5168788bf98088964ea0811846db2e9e419e492f81ce7f0f9800ef8848327121,,12145,17615,3f72a2643be0b66a005080d0dc8afe82940306fe64fe93e5c8063f0286a103da,20267148,8192,1000,0.0025,canonical_v2_exact_endpoint
external,road_external,Colombo,Colombo,ER23P_simple.pkl,trusted_networkx_pickle,6d03770b5f0d352b5f2dadaa7e507b24f58af441f9d6418094854f7c26ef27a1,,23540,27623,db69f89d96715d1e5bea45cdcd155e907df3d3772111d8492952427d3fda7558,20267151,8192,1000,0.0025,canonical_v2_exact_endpoint
external,road_external,Valencia,Valencia,ER33P_simple.pkl,trusted_networkx_pickle,0b5f472c17ccbe8435fda546f7b590f654da8d373f4e2a7f5fa3c795f0f5b539,,23969,36321,5e0513d8e76227790ffe22c66b488a0567141e6ee789a5d6174a0e6ec21a9efb,20267154,8192,1000,0.0025,canonical_v2_exact_endpoint
external,road_external,Recife,Recife,ER43P_simple.pkl,trusted_networkx_pickle,f67bbe2fbe7b1d4a354c611a19063b434a1e10dbeab08c54378aa7d449a36fde,,27394,38958,bebe1210ab92e2de2569d89b3db93a25f9497ef16c032a6852287405270ba26d,20267157,8192,1000,0.0025,canonical_v2_exact_endpoint
external,road_external,Muscat,Muscat,ER53P_simple.pkl,trusted_networkx_pickle,a5edaa61a6ecac8ce885ae95ed52c9355986ee601e864fb9252d1de6cc454d38,,4258,5692,e74846089ee9e67c78751bf94f3a2dfd8c576d4e6a5fb0dcf23ee0d03149bb7f,20267160,8192,1000,0.0025,canonical_v2_exact_endpoint
external,road_external,Philadelphia,Philadelphia,ER63P_simple.pkl,trusted_networkx_pickle,2116514d81ee59316526cc4c08825407a27101623babe3489925e2bed9517094,,27366,44378,28fd4d7608acd315dfbf0f3099f27861087c9b865c0542c1fc5bd84036bc3210,20267163,8192,1000,0.0025,canonical_v2_exact_endpoint
external,road_external,Wellington,Wellington,ER73P_simple.pkl,trusted_networkx_pickle,969885baf2f0e170604eb3278bdad266916a129c9c430bec55a8172dfe15d481,,4593,5645,51531baf4afd256f052cc3d160fe92fe2c6d23b1497d848c3713f978b428fed1,20267166,8192,1000,0.0025,canonical_v2_exact_endpoint
length_control,road,bengaluru_india_seed122_stage0,bengaluru_india,bengaluru_india__seed122/stage_0.npz,npz,289879126a99190b83219c57e4e82ae2985ab753c4138f5bf0d781449429ab89,fb1b120d7ca0a0de05021bda4ea07568e229572e0f7985ee0577149814122fe0,101357,136603,4f05b315e5de3f3278792023f58f9edbb4e583ba025760ffab14b2ba91993ebd,129,512,1000,0.0025,canonical_v2_exact_endpoint
length_control,road,bengaluru_india_seed122_stage1,bengaluru_india,bengaluru_india__seed122/stage_1.npz,npz,42ac6daa382328eff48be95f87870b2ef85007197c4f3edd586ab693d1143a9e,18ac9b415de0c04f2904ce810f9047e575f2d214a0667389e94e8055ac37251f,101357,136603,8a39f3736a9984aa80c340fa662764315d2351b3a9702ea205c197e08640e9e0,1148,512,1000,0.0025,canonical_v2_exact_endpoint
length_control,road,bengaluru_india_seed122_stage2,bengaluru_india,bengaluru_india__seed122/stage_2.npz,npz,aac03baf9749cb7893702ebbf3928bfd27fb31cd92db2bffab0906d623570b85,5d6aaa23172f611af3aab78919bd0419ccd8c10acbb1fb289a92dd205f96484b,101357,136603,4b5d36eec629673b4b17ec9d7d37dcf0dd7a5f6ac7bf16140b920cb1733c4933,2157,512,1000,0.0025,canonical_v2_exact_endpoint
length_control,road,bengaluru_india_seed122_stage3,bengaluru_india,bengaluru_india__seed122/stage_3.npz,npz,b2d2e45aa1ccbf3f3dd748f29f80d2c5bd63a8eba8c7a5d80b99f99c7fb30070,4d6199f1a7ae94e1875647f3138d918cc22ea497648ffe2d573127b80f8f4747,101357,136603,bea92b4b903da0879d087ec3302dc36cf95e77b16045d8bce9e00c308d3fa573,3166,512,1000,0.0025,canonical_v2_exact_endpoint
length_control,road,bengaluru_india_seed133_stage0,bengaluru_india,bengaluru_india__seed133/stage_0.npz,npz,289879126a99190b83219c57e4e82ae2985ab753c4138f5bf0d781449429ab89,fb1b120d7ca0a0de05021bda4ea07568e229572e0f7985ee0577149814122fe0,101357,136603,4f05b315e5de3f3278792023f58f9edbb4e583ba025760ffab14b2ba91993ebd,140,512,1000,0.0025,canonical_v2_exact_endpoint
length_control,road,bengaluru_india_seed133_stage1,bengaluru_india,bengaluru_india__seed133/stage_1.npz,npz,d563543755c7b8d3ca5462e62e19ff1d60838d9777e989fbb76df1e3ef0b017c,308c6ca6c96026e155ccc10ea9c10c1ad639b433120df724d5048b6b26aa9d38,101357,136603,c4b9af2e30612c0f3e226692489b5eeb8d4375c7c4191d73d35d921c37dfea8a,1159,512,1000,0.0025,canonical_v2_exact_endpoint
length_control,road,bengaluru_india_seed133_stage2,bengaluru_india,bengaluru_india__seed133/stage_2.npz,npz,6afb2589f99653fe0d8cb63e4dca6b17de856861a5f6f2f1fcd3cbaa48307e04,51869058c9f4c9af9ea4fa6beceed1e62b3ec052b81039eee206a5bf52cc7a94,101357,136603,43907cf5788104a7403b8372b729b9b9e7b304a6aea3e42fa05bd5b64a919cd6,2168,512,1000,0.0025,canonical_v2_exact_endpoint
length_control,road,bengaluru_india_seed133_stage3,bengaluru_india,bengaluru_india__seed133/stage_3.npz,npz,e98bc5f15db76e49972945ea26b8544f9a1b784763d8e1526f61e7eaea21aadc,b5f0b9f65a0762b334e524e42a30eb70abf2f9c5e8220b442d8e831a1bd2c2c0,101357,136603,6056ab2e36dd74ccc8d54b6ac2c250cb970f80629a8871cb2ea84ed3dc635ad8,3177,512,1000,0.0025,canonical_v2_exact_endpoint
length_control,road,bengaluru_india_seed111_stage0,bengaluru_india,bengaluru_india__seed111/stage_0.npz,npz,289879126a99190b83219c57e4e82ae2985ab753c4138f5bf0d781449429ab89,fb1b120d7ca0a0de05021bda4ea07568e229572e0f7985ee0577149814122fe0,101357,136603,4f05b315e5de3f3278792023f58f9edbb4e583ba025760ffab14b2ba91993ebd,118,512,1000,0.0025,canonical_v2_exact_endpoint
length_control,road,bengaluru_india_seed111_stage1,bengaluru_india,bengaluru_india__seed111/stage_1.npz,npz,0770a7915d9b56f0370a1cba2c710f904e5fb82cfa0b1c6d2085169eaafb92ef,7dd6ad57c91b66338a3f84d52f554de6c932bff2a71d40507dd63b4323c38649,101357,136603,00ab9fcdbfe4356a1ac1ade4129a451413543e893c20d513856acf7f2a39090c,1137,512,1000,0.0025,canonical_v2_exact_endpoint
length_control,road,bengaluru_india_seed111_stage2,bengaluru_india,bengaluru_india__seed111/stage_2.npz,npz,e4319260e6012aea42b7c48061a44dfbd6f00bba8b33fcefbb0b308d783fbca2,df5249817f7aa0a4d3d90487abc49a4d0e9986977c91dd55285b6208ce4babb1,101357,136603,239748c40ce9c23fffc679f0f9bcb5852b01346fccb5b4f7948a05080a74a9c9,2146,512,1000,0.0025,canonical_v2_exact_endpoint
length_control,road,bengaluru_india_seed111_stage3,bengaluru_india,bengaluru_india__seed111/stage_3.npz,npz,09c4f84f68cd7ef99eef1c0d151de5afb50a6d67d19b54077df069617d8b1b9e,400150d4dff8fddfa471b97ba55e31c75f48523e03d3326f43e04247d57c6964,101357,136603,87122dada9ec2b97b89a1810fa3de84cd47f3ea5f7e99635ef9cbde5d8a3c488,3155,512,1000,0.0025,canonical_v2_exact_endpoint
length_control,road,osaka_japan_seed222_stage0,osaka_japan,osaka_japan__seed222/stage_0.npz,npz,91700bdc35aafb574fe232413a88ec5f5729d865bbdd2e3ef341d7e01a764e94,c2c8834f93727889103fa01427ea43313c893dc803fd0c606b86ba148f708a0b,92460,138690,8716f7da01a6ea100c83066836fea709c34b406534acc56a2f284e9c2ad9c7db,229,512,1000,0.0025,canonical_v2_exact_endpoint
length_control,road,osaka_japan_seed222_stage1,osaka_japan,osaka_japan__seed222/stage_1.npz,npz,ad82428c7f28c9c7aa26e2748832588867f4f956a2da8c9eade0bf6756e4ef98,37d334ff4bae5a979ea566f15b025046194ff09c25664b1027a88bc4e2a4d52c,92460,138690,d81fcb19fb7d6e171ddc3dacadd4f223087b66a916390d08b4d063028398259f,1248,512,1000,0.0025,canonical_v2_exact_endpoint
length_control,road,osaka_japan_seed222_stage2,osaka_japan,osaka_japan__seed222/stage_2.npz,npz,8f2cd0b596355a63c3c34811a30736da6a28071e97434b0f73d290a67abb2219,9305b27741b3ab49fd010efd6022ef6005d8fd01bb815d7a8b48c07e47d3f421,92460,138690,6e9dc3427a4121a9568ced6ab4410b66fda0010df7e32d9f805d8d5161c0940f,2257,512,1000,0.0025,canonical_v2_exact_endpoint
length_control,road,osaka_japan_seed222_stage3,osaka_japan,osaka_japan__seed222/stage_3.npz,npz,7e0d0f108e667fd58e0c88af64c0f145fec92977a2e67126887d9b168e9963fc,006e3e5e8a1e1dfc097c74a765a2201d53612d9a0ade250864a4ab545b733432,92460,138690,076d1d8dc73d59129828eaaa45d190f3e9c0fdf0004eb913032320be3371b14b,3266,512,1000,0.0025,canonical_v2_exact_endpoint
length_control,road,osaka_japan_seed233_stage0,osaka_japan,osaka_japan__seed233/stage_0.npz,npz,91700bdc35aafb574fe232413a88ec5f5729d865bbdd2e3ef341d7e01a764e94,c2c8834f93727889103fa01427ea43313c893dc803fd0c606b86ba148f708a0b,92460,138690,8716f7da01a6ea100c83066836fea709c34b406534acc56a2f284e9c2ad9c7db,240,512,1000,0.0025,canonical_v2_exact_endpoint
length_control,road,osaka_japan_seed233_stage1,osaka_japan,osaka_japan__seed233/stage_1.npz,npz,f548f013a80ae0faafa68c96297b896237bb22f97ebe166abbf91f980fdb39b2,49118cfa853e129f8de43f0cfa7fcc4bfe81c292a849cb814b2cc61e8145c11c,92460,138690,58bff779b2d3519c34158eb481c683cbfbffe24337ecfeea9f2ada2979434661,1259,512,1000,0.0025,canonical_v2_exact_endpoint
length_control,road,osaka_japan_seed233_stage2,osaka_japan,osaka_japan__seed233/stage_2.npz,npz,bc0913ef19d10e51bbd1ff114878d949f632cf538a073ba3ff525135158df505,eb77379cb01a67389ef88fb23e8b363d28e4e99c7e074251410a30c0b6a01e95,92460,138690,819c1bcf441ff3bbfed1a5f5717c4bade3a98b59a988d4233ac441787d05e9ba,2268,512,1000,0.0025,canonical_v2_exact_endpoint
length_control,road,osaka_japan_seed233_stage3,osaka_japan,osaka_japan__seed233/stage_3.npz,npz,d58e8aee04633227c2a197390b959021253b90f7fbf420ffdf0496c55391053c,f83d1355e171a87488b892120b241b29def4ccb9a1dda8557ba8c1e6345b413d,92460,138690,cdfbadbd0be2b77a50222f40b274e6ba7579a82165fc1a06393b5f6e5f615415,3277,512,1000,0.0025,canonical_v2_exact_endpoint
length_control,road,osaka_japan_seed211_stage0,osaka_japan,osaka_japan__seed211/stage_0.npz,npz,91700bdc35aafb574fe232413a88ec5f5729d865bbdd2e3ef341d7e01a764e94,c2c8834f93727889103fa01427ea43313c893dc803fd0c606b86ba148f708a0b,92460,138690,8716f7da01a6ea100c83066836fea709c34b406534acc56a2f284e9c2ad9c7db,218,512,1000,0.0025,canonical_v2_exact_endpoint
length_control,road,osaka_japan_seed211_stage1,osaka_japan,osaka_japan__seed211/stage_1.npz,npz,9ee979f46dfa61ffd2022bd4527fcd468af23b4b80f342f02e7e4bda8bf1123e,5d58f41fd9863286e0cc94f80ce46fb8eede71d7e4fe57a503c38c2cbd4d9643,92460,138690,a6bd5df56c01636a2a9011c3231a642ffca7d11b88b9fa92c1ed0d5d95fb6d30,1237,512,1000,0.0025,canonical_v2_exact_endpoint
length_control,road,osaka_japan_seed211_stage2,osaka_japan,osaka_japan__seed211/stage_2.npz,npz,f3a11ed1369aa8efaee5ba33a24d4d3bf83d232261aab446f5d5742774b217af,f93b971673835aedc98a078afed48bd9bf81ae05148c715245579f0c5da26cb0,92460,138690,e31abd5ada31ce085c4e0edd338fc32cd646cf97260503ca69e60a1e504c667a,2246,512,1000,0.0025,canonical_v2_exact_endpoint
length_control,road,osaka_japan_seed211_stage3,osaka_japan,osaka_japan__seed211/stage_3.npz,npz,660e8d3553d68d1cb4910d14c09e059868edc7ec127d2b5ecb5a3d5e68527995,22a37a640b025fc31bd7318be0d64fa669d8f5078aa3cb0463ee4c78ae8bce47,92460,138690,9b889be15ad87563b031c8b6caf9a4b4e49676e498f58b2bf8f77f401caf5d5a,3255,512,1000,0.0025,canonical_v2_exact_endpoint
length_control,road,tehran_iran_seed311_stage0,tehran_iran,tehran_iran__seed311/stage_0.npz,npz,f94e8aa375c5b7c7408017ab6be449b33357e13fc762a04d858c662f228744c5,91e46e143d1329bfc1ee8c8514c326913c0fe47b04a87463a1d5983c8c4e9a78,85612,108037,aade61c16f52640e8fe72184ac08ff6e1230f57f6c2b62218fe0711186df012a,318,512,1000,0.0025,canonical_v2_exact_endpoint
length_control,road,tehran_iran_seed311_stage1,tehran_iran,tehran_iran__seed311/stage_1.npz,npz,d6ba621a597857e0e0e14c1acb3705dfc06c70406c8db661a7a0cf93bf76dc8d,264902b268b8e34407f675e4147daae98e4f4235a061ccaa4f0debea169655ed,85612,108037,81d4754272567a4dce9fd3cde97f4ae403c586d7ab50ddf1f19e45f0045f9b8b,1337,512,1000,0.0025,canonical_v2_exact_endpoint
length_control,road,tehran_iran_seed311_stage2,tehran_iran,tehran_iran__seed311/stage_2.npz,npz,dda556272455b68f21d22d612377c3d1197f8623e713b22ba0b97574855df7d5,2c7b39a4dcd54adbe1afaf0a5e94788d3f2016d42832befbd2bd6b6cd85ec1e8,85612,108037,a2c56f3d42a3c2fd6ac7612057c87f65fcb77892ab58eb40dafee8f4bba5a864,2346,512,1000,0.0025,canonical_v2_exact_endpoint
length_control,road,tehran_iran_seed311_stage3,tehran_iran,tehran_iran__seed311/stage_3.npz,npz,71b2bfe7dd88d891592f66d97350fa33db6fba0ccaf0bb044a0a601dc482e098,b8f306b859b5b1dae42b7e60253f6736e4e07caf89dc191ab8fd87d53f055ba5,85612,108037,b389e7484bd55b229aa634b40c84698470406ee5d30023481b3c0ceebc16e4eb,3355,512,1000,0.0025,canonical_v2_exact_endpoint
length_control,road,tehran_iran_seed322_stage0,tehran_iran,tehran_iran__seed322/stage_0.npz,npz,f94e8aa375c5b7c7408017ab6be449b33357e13fc762a04d858c662f228744c5,91e46e143d1329bfc1ee8c8514c326913c0fe47b04a87463a1d5983c8c4e9a78,85612,108037,aade61c16f52640e8fe72184ac08ff6e1230f57f6c2b62218fe0711186df012a,329,512,1000,0.0025,canonical_v2_exact_endpoint
length_control,road,tehran_iran_seed322_stage1,tehran_iran,tehran_iran__seed322/stage_1.npz,npz,04fac4dfd1172b1f6ddd3b7d79012f7c36524f94c63e4e49001daaca93afdb86,05aa3b322ab6860f7eceaa92ddde9a89b4f3edef1c0e243a65d5da78f1942b31,85612,108037,042dad61993d351847e1d8130fb073a97c3b3587a841cf9a8384a6e92d863130,1348,512,1000,0.0025,canonical_v2_exact_endpoint
length_control,road,tehran_iran_seed322_stage2,tehran_iran,tehran_iran__seed322/stage_2.npz,npz,2bffb0f3ff79bcbdadb496ba580d7243b34528714fa2d6341c1e8d1108c871ce,eb70a9167c0a4c5056f0c1ea581234110dfc151fd9fe9ebeab467a1840cb9c5e,85612,108037,d856cededc835878a2e5032488a9a5dd1fef13fd5753c38b6a02ede1e611b16d,2357,512,1000,0.0025,canonical_v2_exact_endpoint
length_control,road,tehran_iran_seed322_stage3,tehran_iran,tehran_iran__seed322/stage_3.npz,npz,f1596c85c5e7f9b2c9af946046db3c545407ef5cd64e9f92dc51acfa0feb1cd9,ee16e7dbcb23b52d745b21345f69223db7ffe3f870008c5f7671162bffd8b20b,85612,108037,096f375b06614caf13c4ef127d1c3c02eb162c49c12a352982d61bea2aa2e3aa,3366,512,1000,0.0025,canonical_v2_exact_endpoint
length_control,road,tehran_iran_seed333_stage0,tehran_iran,tehran_iran__seed333/stage_0.npz,npz,f94e8aa375c5b7c7408017ab6be449b33357e13fc762a04d858c662f228744c5,91e46e143d1329bfc1ee8c8514c326913c0fe47b04a87463a1d5983c8c4e9a78,85612,108037,aade61c16f52640e8fe72184ac08ff6e1230f57f6c2b62218fe0711186df012a,340,512,1000,0.0025,canonical_v2_exact_endpoint
length_control,road,tehran_iran_seed333_stage1,tehran_iran,tehran_iran__seed333/stage_1.npz,npz,8bd8efaef8001d73aa6ff9ee4c98e51fc1f4190fb2da4f66166355c069810e9c,ce773906efc3ceb4cc7865be8e757e6a42ddf06dab3c2b54b068f2cc2a870db8,85612,108037,e61a017abd259900ac9d260b856c9269d7a1cec603e2c20f7e8c01c3bd88cc31,1359,512,1000,0.0025,canonical_v2_exact_endpoint
length_control,road,tehran_iran_seed333_stage2,tehran_iran,tehran_iran__seed333/stage_2.npz,npz,2248610c5e7542fd80b285ec5fbcb8ff0a0eda948c7f2c0e2e45312f62db226d,a744c8d6ae600d4bfc8c866a9425e0315411d7ec1e53d96c8ec6856ecc50afc3,85612,108037,e1c647a2cb6f8f0549d7f458bb9ab67a58e22291f1a4532e7dcea48ee59ec853,2368,512,1000,0.0025,canonical_v2_exact_endpoint
length_control,road,tehran_iran_seed333_stage3,tehran_iran,tehran_iran__seed333/stage_3.npz,npz,0c036cf0e45e8f2fd5405b0a2bc99465f10c94598b57f11f83979d26d58892e1,8fc022b67ddf397f9e55a82af6442f17a4f3875ff64759ec6dd90a7a6a96cc7c,85612,108037,97131d52a760bab17dd18d9b514110376d0f9a25c09c3ab05b878eeeff742018,3377,512,1000,0.0025,canonical_v2_exact_endpoint
