domain,instance,n_nodes,n_edges,input_hash,pc_nonbacktracking_checked,rho_lr,relative_eigen_residual,pc_nonbacktracking,absolute_check_difference
power,GBnetwork,2224,2804,ccdfb0d868d65f28d6352684eda7592caa4adfb899a5ccfb2e10dd9bbd3ebf73,0.3899985157712399,2.5641123223827,6.384207046108171e-10,0.3899985157689301,2.309819002732638e-12
power,case1354pegase,1354,1710,08a062c71c1996d764126c4b0f619a85ed034677728971cca59705c0fd334f25,0.3286169096618853,3.043057038753429,8.743728661046476e-10,0.3286169096591294,2.755906614027026e-12
power,case1888rte,1888,2308,7ee12136b6947ef950987903f52f96418f3827375092057e817a70bd89ce5f9c,0.3305117433585363,3.02561110185791,3.2482487991427007e-10,0.3305117433566046,1.93167704054531e-12
power,case2848rte,2848,3442,ca13efd4eebedb4db3b4ab82085d64e3fc3dbb8165015dc27c9354d6f618c792,0.2954829484748645,3.384290041647076,2.2573085470212137e-10,0.2954829484744632,4.0129011225076283e-13
power,case2869pegase,2869,3968,289385196c138ceee8a90e4eb371323a94d8cb30bc6df645e663cac429d33517,0.1054403246423509,9.4840375671448,8.626789296920079e-11,0.1054403246423509,0.0
power,case300,300,409,d350784c04b97c77c646823f54717711d0989cabc7da184f242c27888c1fb683,0.3708452027326739,2.6965429042393634,1.8093268629433635e-10,0.370845202741391,8.71708261129811e-12
power,case3120sp,3120,3684,8b8093061a8c89de9a6cb628070582d42b058e4bc93b5ec34377192973fcc3a0,0.4404856634561961,2.2702214463773225,3.4322896851144684e-10,0.4404856634549043,1.2918000003026009e-12
power,case6470rte,6470,8066,d5ce90f37cbbd74086c489ed67b8cc9ee1e5355380221aaf30a31ac425285cd3,0.2769454131810517,3.610819867040928,7.070685101125481e-10,0.2769454131861749,5.123179658284016e-12
power,case9241pegase,9241,14207,2861fa197a084e6da48288afedabba2d8541be634681c4e65ddb1b34854d25df,0.036156819181731,27.657300134002657,9.967445771788179e-12,0.036156819181731,0.0
power,case_illinois200,200,245,52cb27ce6a1a8ceccead9e6b7f2b4244bcf889cc4e6f63510669f2648b4ce1ad,0.4073488328556849,2.454898404862446,8.780338356573461e-11,0.4073488328489638,6.721123657627004e-12
rail,Berlin,4211,5193,fbc1459c615f6edb0549e2ba761fd8361759fdff4faa80f41af23328e1ce50f4,0.4265220758448426,2.344544530360425,3.901422116618576e-10,0.426522075843189,1.6535661728767082e-12
rail,Hamburg,4160,5360,bc86ef66a0008e2d58c289ca0d17f6388dff51f10ebfee38bdd7e1dd3dfe7446,0.4131024309417513,2.4207071299975067,1.8542584442683148e-10,0.4131024309344087,7.342626506812167e-12
rail,Madrid,2294,2749,98b95ee85de230d9eb90947a37483612ccf070eb4e437048ae54a1f0e7a1a804,0.4136282724356411,2.4176297091867576,1.076233940940662e-09,0.4136282724377573,2.116196107238011e-12
rail,Milan,2763,3490,6362fc5fd5cf54e3947ee158ea4edbdac82cd8d139c35c38924a9d830f82246d,0.3791755095122747,2.6373011307778773,1.1092492908379927e-09,0.3791755095114495,8.251732630526476e-13
rail,Osaka,1553,1881,9b0340572c8b4241326c87ded039c12aa6013af39c825dca82090cf882799465,0.478234995401596,2.091022216306554,3.8780959908405366e-10,0.4782349954017137,1.1773915176149785e-13
rail,Vienna,3991,5170,3de1d79bb21c398ef08e2cedac6b12281dfde45650cb873aff4cd7b357af5d5e,0.397701890577081,2.514446181155842,1.094649782185658e-10,0.3977018905777982,7.172040739078511e-13
road,Accra,19183,25655,dfa0955a258a58843e7005452c6fe1a07d08f2c1926faaca7ec254a91c47449c,0.3763936223411822,2.6567931565364025,8.416642713241321e-10,0.3763936223281964,1.2985779118679375e-11
road,Addis Ababa,51078,72263,5b2688fdf9dba468b8e0ea2752d787418903b1e395993fc66c706fc505785cbc,0.3591630859208278,2.7842504956660137,1.3509686876307495e-09,0.3591630859224937,1.6658896484500474e-12
road,Algiers,21703,28885,f2337da78ef2299bd72743cee9aa9ef286cd155a211feb23da8598c800015cdc,0.4012985353113297,2.491910415830933,7.228789785345916e-10,0.4012985353085895,2.74019695822858e-12
road,Amsterdam,23201,32887,94eb0da4e8a84316d5c10dc1994baf7252c5b3dbff678bdbcdac787b08618d8d,0.351838478838324,2.842213288613942,5.232939041705905e-10,0.3518384788551165,1.679251182551411e-11
road,Athens,54827,88593,cb5f090c0408b76d13f17ae643c4dc090849fa4fa114ea0a15f3d6cd5ff9a975,0.3499601670640744,2.8574680609776637,1.2921182780131956e-09,0.3499601670649745,9.001133172148457e-13
road,Auckland,12533,16775,a1c23153a003d63a2f54cfe32bf607c36bac7aad5406555dfd4b32d8c58a79c2,0.4032651375020007,2.479758121900727,2.813331883924297e-10,0.4032651375017537,2.4702462297909733e-13
road,Bangkok,63366,71694,2c97486a7bd38d376db2087296f3bb4b56a0ad081b4a18a93b026104f682cfea,0.3801789772262713,2.6303400763920446,2.980588071036924e-10,0.3801789772248296,1.4417356197782283e-12
road,Barcelona,18674,28820,fd3e1e8319c9d2a226f1cc00c8d28949f672603801ea3f8aaa49c6c7af5c657f,0.355702685570243,2.811336659988538,4.478009655204426e-10,0.3557026855707151,4.721223412218478e-13
road,Bengaluru,101357,136603,4f05b315e5de3f3278792023f58f9edbb4e583ba025760ffab14b2ba91993ebd,0.3688201271605669,2.7113487750755185,4.320768175918039e-10,0.368820127160595,2.808864252301646e-14
road,Bogota,40772,60476,8d77dcd71f2907217f5a0b1e714062beb4654b44b22e3de05279648077c67dd7,0.3597175111648796,2.779959187312517,2.016024363250073e-09,0.3597175111662048,1.3252177133438181e-12
road,Boston,24819,35843,ab1c8ef8bea3a1b1d6c8460021acdda0c4c6c3f850f7873e37bc77953dbbad0e,0.3752036629371377,2.66521918302152,3.441642843736557e-10,0.3752036629386207,1.4829804051430528e-12
road,Brisbane,25339,35174,6370c1a0ef0082186e72fcb0cd4d0fdfbc158a565f99d0ed55bc1e88b32f1b67,0.3778586238378338,2.646492462824327,3.80209421543611e-10,0.3778586238374735,3.6032288264209456e-13
road,Buenos Aires,21642,37472,9d9d15a5d2f4fbba12698a26633ec7b121490021a8df53eda0a4066573a44ab9,0.3326767844389632,3.005920601542521,1.947822103430097e-09,0.332676784442898,3.9347969327252486e-12
road,Cairo,118235,163341,1dd01752b9f1dbd0c8474162d1793e9ce47b810d0108b2f780896d0a7c7278ca,0.3564738633417184,2.805254754515881,1.1726168272175261e-09,0.3564738633416712,4.718447854656915e-14
road,Casablanca,36942,55764,f8c7a1f9e2b886aa40e9fa56bf4a3568975e4cdbaf1739150fb45b89f9b8490c,0.367196700256043,2.723336019367028,6.6889292257831e-10,0.3671967002592981,3.2551183970497277e-12
road,Chennai,42444,56880,7cfca29680ba8cef2af8b744e09858e92d0014be372a6b8771952f4c230b3e17,0.3984179127610716,2.5099273099191524,1.141346091424442e-09,0.3984179127616969,6.253331186201194e-13
road,Chicago,13260,21830,6e54a03ece4f9e8613bb187ade95bb2ed96d1aa8c0ad94f557dd8312a3ff7df6,0.3513664304489152,2.8460317017831582,2.303467867534263e-09,0.3513664304485737,3.4150460237469815e-13
road,Dakar,28624,43129,d135e6c58b836e7913965c30226322d34eaf4bd8c574de7659ea7d8998805576,0.3565314582699833,2.8048015870811334,2.465607583467931e-09,0.3565314582686812,1.3020695632803836e-12
road,Dar es Salaam,22312,29826,3dbe8788844f68a6baa9d7d70471afabf3c868af462c46dc55b3dd77ad295122,0.3761808633525343,2.658295775834985,1.6488640848751292e-09,0.3761808633566279,4.093614336397877e-12
road,Delhi,59302,85866,ef9646d6b32ee8d368c13f641fcff98d043f745b57904bc921c5f3509bfa4b32,0.3754731958711366,2.663305958977702,6.61570134786863e-10,0.3754731958732658,2.1291857166261252e-12
road,Dhaka,35890,47996,a65144ddcc34f23972b2d202b2d2cd55ea3e782cf425f82e62474c28beb59939,0.3759001214832055,2.6602811301423803,1.652487008260427e-09,0.3759001214863942,3.188671549025912e-12
road,Dubai,15724,22720,2db898e088c7cb2fb4ac59525af70ddc3a6629bdfcf307f718dffa812066751a,0.353176202898497,2.831447848957706,2.045954218139235e-09,0.3531762029031313,4.6342929493903284e-12
road,Hanoi,29320,39886,4a321e4140484f274f5b6fa29d763d163fc4b6049743cfa5b35266e3aa4f820a,0.3432466722643189,2.913356722159115,4.6080398001805663e-10,0.3432466722655197,1.2008172234345693e-12
road,Ho Chi Minh City,40466,51958,8687b876aad2ebf2f3544c09e61dbe0084498b8528b11b33176c5376014c9c5d,0.3422357547141606,2.9219623789314824,2.343060343637311e-10,0.3422357547141961,3.547162563677375e-14
road,Hong Kong,9035,13245,8c450ae99e1d49537e3fe46c4f3b09a708194b8e3a26ee2ab24260144f99ea54,0.3874254522092351,2.5811417249374067,8.705108938697318e-10,0.3874254522081708,1.064259791405675e-12
road,Hyderabad,98461,132094,e4231c8b15f318853b5383dfc47cc6714ae0597f46f38eb309dd665fd8221603,0.3669880338398826,2.724884486114611,2.292962486867366e-09,0.3669880338425164,2.633782081318259e-12
road,Istanbul,48682,72909,eec3a6dbbdcd00ad23b67c1f9091e15b935660f56c8cfe1f00ddc54c0b80a322,0.3826701360392194,2.6132167258996954,2.508246982795749e-09,0.3826701360384961,7.233103005432895e-13
road,Jakarta,50166,65445,d59d38ad96562a8ea8ea6eb9efcfc96393a754eea73f17cea49fbc37d4a9e8c2,0.385844851542146,2.5917152866059934,5.988970785901934e-10,0.3858448515413127,8.332778911324112e-13
road,Johannesburg,22312,32632,4f091fc0d64c7e37ebb8bf87212b572e814d05a9e39d7fd528eafc7620690a88,0.3595873204332664,2.780965688097959,2.080276713842473e-09,0.3595873204317505,1.5158985178231887e-12
road,Kampala,35927,41391,a3fdf2484e3d4125bab8164f7b70b3bba13444fbc8d8db4d5b040bd21d48250c,0.4049696977836243,2.469320557742819,4.5844522621153606e-10,0.4049696977833597,2.6462165791940606e-13
road,Karachi,52156,78992,345bd7c3f4e02b299a268bf152f0f49a4cfd3c52f69f9f4d5eff1283f4b71a48,0.3377403408969578,2.9608544757911903,1.900760734196895e-09,0.3377403408966729,2.8493873927004643e-13
road,Kuala Lumpur,37213,50999,49b7553a44a7eb0148643d5a81a8b7ab648c1a4225da6cb8aaab15e1173468b7,0.3918899306807195,2.551736908021553,8.090115045732511e-10,0.3918899306737779,6.941558439166329e-12
road,Lagos,13226,17952,c2a9d25f86f9b3ca4fd33a84ae643503972c6868a893966ba48b9e5af72f2436,0.3719276551104473,2.688694928326965,1.401677732954091e-09,0.3719276551057825,4.664768571416289e-12
road,Lima,49410,75796,b12039ffd98f2fe4818b976b056335d9772a079095451454f90b51260e99343a,0.3549180441962542,2.817551872474096,1.3232012741857527e-09,0.3549180441969052,6.509792704889605e-13
road,Lisbon,26686,36745,488bc6782067aa70f97242af41f9389b8b68e3725d7fcf1e2633d3e5eae2343f,0.3711948140368862,2.694003154636283,1.1356748575141976e-09,0.3711948140380789,1.1927125953548057e-12
road,London,48353,62602,8f49355676baa87af47d44e42bfbf0f77547d73bc9a1e8dfbc595d3458d54992,0.3867522317328761,2.5856347241214754,3.2347001201507883e-10,0.3867522317329722,9.60898027813073e-14
road,Los Angeles,22280,34611,219b208ac41716e10e50a12f340935f4a88b22a4a28fb7b189651f09e882a4de,0.3524400726607337,2.837361802959964,2.639928257056372e-09,0.352440072661276,5.42343947529389e-13
road,Manila,25142,36895,7645e8072f89f7935b5e2be2cde714a704cf2c1665b04dda8aaa69a16c1ce922,0.3596983782561488,2.7801070576078013,1.6877249234078435e-09,0.3596983782588286,2.6798008256889716e-12
road,Melbourne,35052,51621,b1949e34636d16072868fc476e33eed55b5af66885f7558fdf14b8a00254fe6f,0.3760994649031071,2.65887110543384,7.305102541511783e-10,0.3760994648995985,3.508582313571651e-12
road,Mexico City,59012,90635,5ddbbd7846d723b1f438609e14bcf42b2e49075c3d4d3015c000115028bbeb71,0.3323389560040783,3.0089761730723144,1.935948243600661e-09,0.3323389560006679,3.410438598194787e-12
road,Miami,17983,28736,fd21fa456eaea9f49daad4426115d8267bc44b46bbe9b58a5a39830d12f1f831,0.349894995740503,2.8580002920123,7.31307440110355e-10,0.3498949957415056,1.0026424135389789e-12
road,Milan,25735,38172,8a510eeeeababe0918e84b94fdeca1af18464ce1e32ea599801b1d50b4e41370,0.368724882471655,2.7120491389047308,6.251632379476327e-10,0.3687248824684473,3.2077118738982335e-12
road,Montevideo,13761,22450,9ee40968652a95a09602706106415494c580fdffdece75f26c0056f87a424058,0.3445383969948761,2.902434122646922,1.684248000072425e-09,0.3445383969938771,9.989786775577159e-13
road,Montreal,20313,32065,fa016fc802965ee9056d5b0f9428501b44c2fee6cc23f869d0f1455a654ec912,0.3553237036552367,2.8143351814498687,2.2266096278787092e-09,0.3553237036561043,8.675837825933286e-13
road,Mumbai,18270,24999,9ca15f4021afcac446dbb4da5ffb94e7ec8bd8300ccdfc7eaecd6101b5b8879c,0.3735649044237406,2.676910995005259,1.8607017390083414e-09,0.3735649044290428,5.302203121004823e-12
road,Nairobi,22960,28157,2cbde71d4249347843419c9eefe485c3d86aa4ed6a5930244faa1b08f879ae2e,0.3848257329666873,2.598578822395345,2.185480010964361e-09,0.38482573295509,1.1597334204083154e-11
road,New York City,20109,34130,75627dcff916b66ff0d79a50d0661574e261bee71a3917348d72190e1cc209cd,0.3408411939748519,2.933917665109994,1.5785288255746802e-09,0.3408411939753452,4.932720898409571e-13
road,Osaka,92460,138690,8716f7da01a6ea100c83066836fea709c34b406534acc56a2f284e9c2ad9c7db,0.3416670076995025,2.9268263468959343,8.530855842369259e-10,0.3416670077092082,9.705736214726812e-12
road,Panama City,9245,12302,93bf1c32dfc9bec7d8b42660f7eaf8b0006c7b55199906746005ba302a9e1526,0.3713437322261863,2.692922791520008,1.115860403207188e-09,0.3713437322275375,1.351252443271278e-12
road,Paris,36946,55181,0fe84770577f910adb2fe64426447e4fa469ba5466935ff09e61d0ff2168942a,0.3579905934197764,2.793369486184821,1.9651307038100154e-09,0.3579905934292532,9.476808227049105e-12
road,Prague,19787,27325,8feb933105574b153905c5850a1837bc2842d9b0f9161c744cc11c708e4a5e38,0.3770069106057982,2.6524712727231914,1.264191410405451e-09,0.3770069106008816,4.916622664552506e-12
road,Quito,26144,35253,b2a5f5615b2bac039babb0f6a8ec841b36de81f1eab4f6b184ab6e7f0ea38b26,0.3668531906082681,2.725886064509703,2.3177022539289903e-09,0.3668531906108477,2.5796031977165512e-12
road,Rio de Janeiro,14909,20774,5cd554861366e52613b78a2de92457492fb272db3e31ad70caafa4d41839b67d,0.3720007877448006,2.6881663505670272,2.130930433630294e-09,0.3720007877521894,7.388811784636573e-12
road,Riyadh,52112,79423,598172e9ba56032da1b853bbd215b8b8dcc7673f9afa44e34a62853b54d5f3cc,0.3154630842755144,3.16994301344824,4.518639210724425e-10,0.315463084275893,3.785860513971784e-13
road,Rome,25843,37062,775d3fdc7167aa3c7e62f09d12d3a1af88893fcdf5757ff1db1f19ca80b81f8a,0.3664102243417946,2.729181484486035,1.2688308440766044e-09,0.3664102243403352,1.4593881658697683e-12
road,San Francisco,11502,18546,9a77f5498f5072c63be911941b5ca244b84d74c1eb942d53b55cdf2a533cdffe,0.3341022498126862,2.9930956782261955,1.6487585092690842e-09,0.3341022498145567,1.8705037518884637e-12
road,Santiago,60718,88302,75e7cd4f29692e9a18568e505a10786bc5bfd504bb2e77dcb249a6606cf64b92,0.350061947028559,2.856637256600808,3.83853722656164e-10,0.3500619470289323,3.733124920302089e-13
road,Sao Paulo,51289,77333,104118adf016eada9c8e57555d6f0b674736c2e3603ac7573fa3cfc42b04dc31,0.3617715208599832,2.764175570323655,1.864965075327707e-09,0.3617715208623981,2.4149016120134092e-12
road,Seattle,17570,26501,49de4295ad5a4a67f30bef7ce88f0d68abdbc76127e2c8b428495766a106997c,0.3517632025232869,2.8428215140945543,9.257343250957811e-10,0.3517632025258865,2.599587212159804e-12
road,Seoul,50914,76060,28613ed519fdcb353693f7186775e7ab7e21e61a60ec9c5a88d9cd9a2485ea67,0.3709977389989352,2.695434216656696,1.1677735966811083e-09,0.3709977389908357,8.099465542699136e-12
road,Singapore,13478,19430,6dbd2f1c403e04188df631f9bea5b7e958698cd051a6bee3adaa5b6ead8b3572,0.4082427085201737,2.449523234903249,1.4550083743582415e-09,0.4082427085215113,1.3375967000683886e-12
road,Sydney,22215,31013,f353556b450891524e6a7f264edcd83c15c72d163c28cddb4faf1861ee441b95,0.3736943262778711,2.6759838982848816,7.123306214931111e-10,0.3736943262858676,7.996492357165152e-12
road,Taipei,16388,24900,310800963b10da8c0b94671f9f037020e1d31ab8be108ba2aabf497426d344eb,0.3458895141973313,2.891096604418878,1.609240479762669e-09,0.3458895141982296,8.982814492242142e-13
road,Tehran,85612,108037,aade61c16f52640e8fe72184ac08ff6e1230f57f6c2b62218fe0711186df012a,0.367773676890522,2.719063551407127,1.01709743541634e-09,0.3677736768925504,2.0284329771413923e-12
road,Tel Aviv,21205,30263,9f1314703ee8971beeaaeefc0921c057ca266dbb7be2bb3dba804128bde66006,0.3986566357015631,2.5084243191893245,7.715797178087281e-10,0.3986566357017453,1.821875983409882e-13
road,Tokyo,62113,98086,15cfd4fa93fec7c9f390f2faaa129638816fdfccb3ee81702a7920d7ebae4d36,0.3606809074825752,2.772533780564226,8.903237400477593e-10,0.3606809074834553,8.801293027715928e-13
road,Toronto,12443,18430,4200b36ec2997344a60524e4d4862d268a60559a81e548bd471fe33fdad07d94,0.3770531221832049,2.6521461862185927,1.942596687557314e-09,0.3770531221767562,6.448730438535222e-12
road,Tunis,46721,67495,35e3364d1fcc0403e4638f4679bcc028c574cc7b0022685dce9d8b812e3b82f7,0.3797012751463684,2.6336493065884934,8.95207127822872e-10,0.379701275147661,1.2925771564198385e-12
road,Vancouver,14876,22751,68bd74e36d2e9d7613baac0ed29ae6a4750ab861d07e760be6d7fd4111241454,0.3566906901187842,2.803549483354844,2.278021083675053e-09,0.3566906901200258,1.2416179195895438e-12
road,Vienna,17629,26142,8b68b8dd113f31905448268df59026a70688fb0f7528e92a635f9fc598b0d79f,0.3180432369294765,3.144226582694924,1.688044994654678e-09,0.3180432369241895,5.286993065567458e-12
road,Warsaw,17582,24341,afc7445d54d624eecd37e4237c8a75938282f861f476831d8a7728a415c87fae,0.3999705405469818,2.500184135142665,1.7993730597973064e-09,0.3999705405468777,1.0408340855860843e-13
water,Net3,97,119,d54b7bd1708d6b9bf744d9ae3fa11390398871b84cd0c8df38f4473aadc59efc,0.5346396111379078,1.8704188376009696,1.5683963385198911e-09,0.534639611068046,6.986178302526014e-11
water,Net6,3356,3830,ff1718e77cd7ee289770e36535c35daacaadfb0f97fc1b7c54aff465cc26395a,0.567715397023229,1.761445973182023,1.7152608618280363e-09,0.5677153969848678,3.8361203102965646e-11
water,ky10,935,1059,eaa7837d92087407f1845d0f37540495590849e2b79364da83864d999f9185da,0.4753488021802205,2.1037183546343865,5.11229737756025e-10,0.4753488021775284,2.692124301262311e-12
water,ky4,964,1137,9ffe690e568e0070affcf90df7d756ed8b4a78bbd90a54ef83a5421810bef117,0.5159312414926907,1.9382427726353677,1.9381343006012807e-10,0.5159312414933132,6.225020499073253e-13
