city,country,macro_region,target,model_group,observed,predicted_cv,predicted_fit
Lisbon,Portugal,Europe,road_gap,graph_only,0.2544838513923538,0.22385027528200482,0.2325095337119366
Vienna,Austria,Europe,road_gap,graph_only,0.2293014969141065,0.20433615703921856,0.2091264794557622
Athens,Greece,Europe,road_gap,graph_only,0.2114430357292901,0.19111198827759923,0.197402702639848
Istanbul,Turkey,Middle East,road_gap,graph_only,0.2136966149952546,0.21266879837945665,0.21627006883330874
Dubai,United Arab Emirates,Middle East,road_gap,graph_only,0.2341388324763428,0.20554272606987864,0.2098986834523916
Cairo,Egypt,Africa,road_gap,graph_only,0.2094187185016547,0.23083960310131454,0.22039403535926605
Nairobi,Kenya,Africa,road_gap,graph_only,0.2816907863000482,0.24222953652924545,0.2505219311566302
Accra,Ghana,Africa,road_gap,graph_only,0.2219213271629146,0.2328222973418231,0.23500067078103845
Johannesburg,South Africa,Africa,road_gap,graph_only,0.195749404902766,0.2166970326538148,0.21606990927080277
Casablanca,Morocco,Africa,road_gap,graph_only,0.2151172715801975,0.21916224716120503,0.21684027724752494
Mexico City,Mexico,Latin America,road_gap,graph_only,0.1984000442438305,0.20013848170889093,0.19872907599488282
Bogota,Colombia,Latin America,road_gap,graph_only,0.2006048806586807,0.21289689940566892,0.21211130874496062
Lima,Peru,Latin America,road_gap,graph_only,0.2071654757801135,0.20464732841750624,0.2081716536655712
Santiago,Chile,Latin America,road_gap,graph_only,0.1956594220795258,0.19349724546055844,0.19592593358447555
Sao Paulo,Brazil,Latin America,road_gap,graph_only,0.2224532431356944,0.1984156910664771,0.20897220728909605
Tokyo,Japan,Asia,road_gap,graph_only,0.1973733830921686,0.18193838065195217,0.19021558420073595
Seoul,South Korea,Asia,road_gap,graph_only,0.2233346100630051,0.21633650422616435,0.21503314712206115
Taipei,Taiwan,Asia,road_gap,graph_only,0.1683153898164039,0.20599928027861633,0.19935973570590196
Bangkok,Thailand,Asia,road_gap,graph_only,0.2810948175304116,0.25222709299337764,0.2596860942674031
Kuala Lumpur,Malaysia,Asia,road_gap,graph_only,0.2030983884482723,0.22711608710524342,0.22223871938935552
Jakarta,Indonesia,Asia,road_gap,graph_only,0.1876742784227459,0.22600527276368249,0.22374194935172756
Manila,Philippines,Asia,road_gap,graph_only,0.2007020470791676,0.21580444430360124,0.21538867470594497
Mumbai,India,Asia,road_gap,graph_only,0.2424962845727741,0.2179860720330856,0.2256436260064813
Bengaluru,India,Asia,road_gap,graph_only,0.2123759548797029,0.21810271019939753,0.22140288500070535
Los Angeles,United States,North America,road_gap,graph_only,0.1750696737916047,0.19842639789867852,0.1953538560210195
New York City,United States,North America,road_gap,graph_only,0.1873573172809358,0.17587569806209138,0.18144567017510593
Montreal,Canada,North America,road_gap,graph_only,0.2018337424446379,0.19336837244070704,0.19785757996791392
Vancouver,Canada,North America,road_gap,graph_only,0.1972933468689489,0.20330405306522167,0.20361375471128051
London,United Kingdom,Europe,road_gap,graph_only,0.2550152834075354,0.2302695976083906,0.23400975725050954
Paris,France,Europe,road_gap,graph_only,0.196025947956002,0.2069143221741765,0.20367621591320406
Amsterdam,Netherlands,Europe,road_gap,graph_only,0.2333191428976869,0.22021626473417336,0.2180372893458904
Barcelona,Spain,Europe,road_gap,graph_only,0.1861858032492349,0.20477252222593306,0.2017895893925552
Warsaw,Poland,Europe,road_gap,graph_only,0.2199203187250994,0.21754804290241897,0.21834756995077875
Prague,Czechia,Europe,road_gap,graph_only,0.2231987994904814,0.22547070794132662,0.22354597635247006
Rome,Italy,Europe,road_gap,graph_only,0.2044670289211081,0.21553174704044875,0.21913576271161864
Milan,Italy,Europe,road_gap,graph_only,0.1851227591582229,0.2090873186440602,0.20728901641556632
Lagos,Nigeria,Africa,road_gap,graph_only,0.2546630980630208,0.23180106489602595,0.23072787715305876
Addis Ababa,Ethiopia,Africa,road_gap,graph_only,0.2177258105420519,0.23103845601303113,0.22733931159925064
Dakar,Senegal,Africa,road_gap,graph_only,0.2399622404027691,0.2182802014178206,0.22630983087447792
Kampala,Uganda,Africa,road_gap,graph_only,0.2505478606026119,0.2602413276012599,0.25857478954157803
Dar es Salaam,Tanzania,Africa,road_gap,graph_only,0.2674011640769924,0.23753814156863343,0.2398664726253615
Tunis,Tunisia,Africa,road_gap,graph_only,0.2198067701589378,0.21647769898737648,0.22276037121539333
Algiers,Algeria,Africa,road_gap,graph_only,0.2434144758764622,0.23910824621162355,0.24235048928907682
Buenos Aires,Argentina,Latin America,road_gap,graph_only,0.1943842622218158,0.18246603605781622,0.18253950034042302
Rio de Janeiro,Brazil,Latin America,road_gap,graph_only,0.2206516221330009,0.22552483360951073,0.22489929234700967
Quito,Ecuador,Latin America,road_gap,graph_only,0.2438223411225157,0.22792840806802636,0.23345614617573063
Montevideo,Uruguay,Latin America,road_gap,graph_only,0.1930316873323181,0.21636155777923613,0.20873185342993358
Panama City,Panama,Latin America,road_gap,graph_only,0.2313600979093936,0.2341477857559192,0.23470066403618323
Delhi,India,Asia,road_gap,graph_only,0.231035462077478,0.22012704778996617,0.2214253848914061
Chennai,India,Asia,road_gap,graph_only,0.2265510804984489,0.22946872216404468,0.22855632171444207
Hyderabad,India,Asia,road_gap,graph_only,0.2618441377985055,0.2225268137794335,0.22765259730882081
Karachi,Pakistan,Asia,road_gap,graph_only,0.2283793945699003,0.21190668285799338,0.21363388908105854
Dhaka,Bangladesh,Asia,road_gap,graph_only,0.2238723688606749,0.22220971441534357,0.22645337686896153
Hanoi,Vietnam,Asia,road_gap,graph_only,0.2610331976658657,0.22557355425927278,0.23020983230493353
Ho Chi Minh City,Vietnam,Asia,road_gap,graph_only,0.2190502853136501,0.2447664368897605,0.24112087620493147
Singapore,Singapore,Asia,road_gap,graph_only,0.2081795684974292,0.21607735162189137,0.2142616208525734
Hong Kong,China,Asia,road_gap,graph_only,0.2098224633863661,0.209557477739015,0.2029920736855723
Osaka,Japan,Asia,road_gap,graph_only,0.1782642727378145,0.20508869604183438,0.19060942392796174
Sydney,Australia,Oceania,road_gap,graph_only,0.2127036751881589,0.2262534815271917,0.22392688016331966
Melbourne,Australia,Oceania,road_gap,graph_only,0.2313912743513861,0.2075347704925714,0.21135005526614217
Auckland,New Zealand,Oceania,road_gap,graph_only,0.2205494075900642,0.2266238479626656,0.229764777203951
Brisbane,Australia,Oceania,road_gap,graph_only,0.208880201061156,0.2192600033716438,0.22320620437711045
Chicago,United States,North America,road_gap,graph_only,0.2040052968599778,0.16397093736527868,0.1784321322223268
Toronto,Canada,North America,road_gap,graph_only,0.1996750232126277,0.19966644726494034,0.20610388475464056
Seattle,United States,North America,road_gap,graph_only,0.2082283123291324,0.21020915804118392,0.2116190279872119
San Francisco,United States,North America,road_gap,graph_only,0.1980232784966512,0.20493962856490067,0.1995477561444604
Boston,United States,North America,road_gap,graph_only,0.2120018730220242,0.21589503596564696,0.2148140147004294
Miami,United States,North America,road_gap,graph_only,0.1811689258125637,0.20424236870367118,0.19879557962715944
Riyadh,Saudi Arabia,Middle East,road_gap,graph_only,0.2084371144921578,0.20375096177575686,0.2034775614762968
Tel Aviv,Israel,Middle East,road_gap,graph_only,0.2045443592892564,0.21922920243617725,0.21729193395990024
Tehran,Iran,Middle East,road_gap,graph_only,0.1904347744059465,0.23700959823511114,0.2251071734112338
Lisbon,Portugal,Europe,road_gap,ghsl_only,0.2544838513923538,0.21465950840944653,0.21939232271397607
Vienna,Austria,Europe,road_gap,ghsl_only,0.2293014969141065,0.21424866143674973,0.2155418452474793
Athens,Greece,Europe,road_gap,ghsl_only,0.2114430357292901,0.21135084078171118,0.21450963583295002
Istanbul,Turkey,Middle East,road_gap,ghsl_only,0.2136966149952546,0.21126945532404778,0.2140094379861958
Dubai,United Arab Emirates,Middle East,road_gap,ghsl_only,0.2341388324763428,0.21187302709105102,0.21494767007254292
Cairo,Egypt,Africa,road_gap,ghsl_only,0.2094187185016547,0.2265745100793609,0.2221734529179765
Nairobi,Kenya,Africa,road_gap,ghsl_only,0.2816907863000482,0.2247405622885587,0.23297925667030436
Accra,Ghana,Africa,road_gap,ghsl_only,0.2219213271629146,0.2274423932083009,0.226698461375318
Johannesburg,South Africa,Africa,road_gap,ghsl_only,0.195749404902766,0.22328230296560667,0.22188599299162529
Casablanca,Morocco,Africa,road_gap,ghsl_only,0.2151172715801975,0.22772157380848002,0.22786824264191824
Mexico City,Mexico,Latin America,road_gap,ghsl_only,0.1984000442438305,0.2165668267077497,0.21569085389216705
Bogota,Colombia,Latin America,road_gap,ghsl_only,0.2006048806586807,0.21872967274022054,0.21488295093345192
Lima,Peru,Latin America,road_gap,ghsl_only,0.2071654757801135,0.21468850696783714,0.21530258276471265
Santiago,Chile,Latin America,road_gap,ghsl_only,0.1956594220795258,0.20759401165550587,0.2092285064384584
Sao Paulo,Brazil,Latin America,road_gap,ghsl_only,0.2224532431356944,0.21291895109961587,0.2124353229976051
Tokyo,Japan,Asia,road_gap,ghsl_only,0.1973733830921686,0.19208916089497086,0.19404074169547167
Seoul,South Korea,Asia,road_gap,ghsl_only,0.2233346100630051,0.1948580765096648,0.20254037115750448
Taipei,Taiwan,Asia,road_gap,ghsl_only,0.1683153898164039,0.2160085948345121,0.21347444814760697
Bangkok,Thailand,Asia,road_gap,ghsl_only,0.2810948175304116,0.20714973174351445,0.212673381506889
Kuala Lumpur,Malaysia,Asia,road_gap,ghsl_only,0.2030983884482723,0.21607986186780898,0.2130454102206176
Jakarta,Indonesia,Asia,road_gap,ghsl_only,0.1876742784227459,0.21999046969549926,0.2177950576041722
Manila,Philippines,Asia,road_gap,ghsl_only,0.2007020470791676,0.22710805273720708,0.22343369574930586
Mumbai,India,Asia,road_gap,ghsl_only,0.2424962845727741,0.21813931827125227,0.22316413271425023
Bengaluru,India,Asia,road_gap,ghsl_only,0.2123759548797029,0.2256748948764032,0.22431610014287456
Los Angeles,United States,North America,road_gap,ghsl_only,0.1750696737916047,0.20471414750166383,0.2009600366115158
New York City,United States,North America,road_gap,ghsl_only,0.1873573172809358,0.1921240412008849,0.19923921485999757
Montreal,Canada,North America,road_gap,ghsl_only,0.2018337424446379,0.2096183104264719,0.21133318497060374
Vancouver,Canada,North America,road_gap,ghsl_only,0.1972933468689489,0.20897672288037095,0.21163965713991006
London,United Kingdom,Europe,road_gap,ghsl_only,0.2550152834075354,0.20444602094321992,0.20702485962325812
Paris,France,Europe,road_gap,ghsl_only,0.196025947956002,0.20905885769251856,0.2042968455334007
Amsterdam,Netherlands,Europe,road_gap,ghsl_only,0.2333191428976869,0.21140997229336272,0.21390553837990015
Barcelona,Spain,Europe,road_gap,ghsl_only,0.1861858032492349,0.21890275843435616,0.21494126289874496
Warsaw,Poland,Europe,road_gap,ghsl_only,0.2199203187250994,0.21357099265303253,0.21368301631112044
Prague,Czechia,Europe,road_gap,ghsl_only,0.2231987994904814,0.21301085045845114,0.21316380061566523
Rome,Italy,Europe,road_gap,ghsl_only,0.2044670289211081,0.21315805335264523,0.21690733661044825
Milan,Italy,Europe,road_gap,ghsl_only,0.1851227591582229,0.21779782263354183,0.21302287797904731
Lagos,Nigeria,Africa,road_gap,ghsl_only,0.2546630980630208,0.2257806852519781,0.22715320061838418
Addis Ababa,Ethiopia,Africa,road_gap,ghsl_only,0.2177258105420519,0.23120013946992912,0.23009844221825182
Dakar,Senegal,Africa,road_gap,ghsl_only,0.2399622404027691,0.23469596069319743,0.23493834574917255
Kampala,Uganda,Africa,road_gap,ghsl_only,0.2505478606026119,0.2356983178757204,0.23626972818240177
Dar es Salaam,Tanzania,Africa,road_gap,ghsl_only,0.2674011640769924,0.2325151308674046,0.23173527827189333
Tunis,Tunisia,Africa,road_gap,ghsl_only,0.2198067701589378,0.21902305335346928,0.22524109928090086
Algiers,Algeria,Africa,road_gap,ghsl_only,0.2434144758764622,0.2275865076511289,0.22715197638247833
Buenos Aires,Argentina,Latin America,road_gap,ghsl_only,0.1943842622218158,0.21210509586408927,0.20852517829664027
Rio de Janeiro,Brazil,Latin America,road_gap,ghsl_only,0.2206516221330009,0.21872584866466874,0.2190816248937441
Quito,Ecuador,Latin America,road_gap,ghsl_only,0.2438223411225157,0.21830728990541404,0.22474478022301927
Montevideo,Uruguay,Latin America,road_gap,ghsl_only,0.1930316873323181,0.229921012343746,0.2240375967989177
Panama City,Panama,Latin America,road_gap,ghsl_only,0.2313600979093936,0.22846436772727233,0.2258664729810917
Delhi,India,Asia,road_gap,ghsl_only,0.231035462077478,0.220434089123565,0.22145609161282914
Chennai,India,Asia,road_gap,ghsl_only,0.2265510804984489,0.22730031581685728,0.2251332147018601
Hyderabad,India,Asia,road_gap,ghsl_only,0.2618441377985055,0.2202800690379931,0.22752051950140362
Karachi,Pakistan,Asia,road_gap,ghsl_only,0.2283793945699003,0.24097605267229436,0.23621653163606987
Dhaka,Bangladesh,Asia,road_gap,ghsl_only,0.2238723688606749,0.2211273883514676,0.2274323259322664
Hanoi,Vietnam,Asia,road_gap,ghsl_only,0.2610331976658657,0.21990240861905228,0.2262813416811848
Ho Chi Minh City,Vietnam,Asia,road_gap,ghsl_only,0.2190502853136501,0.22512291921046784,0.2235415359133761
Singapore,Singapore,Asia,road_gap,ghsl_only,0.2081795684974292,0.2075457937139568,0.20590335007757057
Hong Kong,China,Asia,road_gap,ghsl_only,0.2098224633863661,0.21618902295690592,0.21518925683326198
Osaka,Japan,Asia,road_gap,ghsl_only,0.1782642727378145,0.20932932655957506,0.2050867797106754
Sydney,Australia,Oceania,road_gap,ghsl_only,0.2127036751881589,0.21092468422696722,0.20620418148608038
Melbourne,Australia,Oceania,road_gap,ghsl_only,0.2313912743513861,0.20307115181516736,0.20429389416894175
Auckland,New Zealand,Oceania,road_gap,ghsl_only,0.2205494075900642,0.20906869024047836,0.21186295857195384
Brisbane,Australia,Oceania,road_gap,ghsl_only,0.208880201061156,0.20789896942648375,0.21085277308570236
Chicago,United States,North America,road_gap,ghsl_only,0.2040052968599778,0.20506969970225344,0.20699028197281985
Toronto,Canada,North America,road_gap,ghsl_only,0.1996750232126277,0.20381600823189172,0.20495093405830958
Seattle,United States,North America,road_gap,ghsl_only,0.2082283123291324,0.21317566998111323,0.21104710612079736
San Francisco,United States,North America,road_gap,ghsl_only,0.1980232784966512,0.2089719016782387,0.20599281484560553
Boston,United States,North America,road_gap,ghsl_only,0.2120018730220242,0.21013372047297924,0.20836641629370972
Miami,United States,North America,road_gap,ghsl_only,0.1811689258125637,0.211619811502801,0.208417771726094
Riyadh,Saudi Arabia,Middle East,road_gap,ghsl_only,0.2084371144921578,0.21764229425191062,0.21453817532367878
Tel Aviv,Israel,Middle East,road_gap,ghsl_only,0.2045443592892564,0.21312733569777298,0.2144106818155605
Tehran,Iran,Middle East,road_gap,ghsl_only,0.1904347744059465,0.22216196776862565,0.2186857349924129
Lisbon,Portugal,Europe,road_gap,wdi_only,0.2544838513923538,0.21500080436221794,0.219433092301036
Vienna,Austria,Europe,road_gap,wdi_only,0.2293014969141065,0.2108766441946002,0.21308624834402132
Athens,Greece,Europe,road_gap,wdi_only,0.2114430357292901,0.2103146274882296,0.21098149251262727
Istanbul,Turkey,Middle East,road_gap,wdi_only,0.2136966149952546,0.2048176056653335,0.20611934728102926
Dubai,United Arab Emirates,Middle East,road_gap,wdi_only,0.2341388324763428,0.22196965833363472,0.22248697569808815
Cairo,Egypt,Africa,road_gap,wdi_only,0.2094187185016547,0.23103639671748127,0.23136087465463825
Nairobi,Kenya,Africa,road_gap,wdi_only,0.2816907863000482,0.2262000679351431,0.23458535476594264
Accra,Ghana,Africa,road_gap,wdi_only,0.2219213271629146,0.22622495127559697,0.22486647730020243
Johannesburg,South Africa,Africa,road_gap,wdi_only,0.195749404902766,0.21323433167651923,0.21478339811519156
Casablanca,Morocco,Africa,road_gap,wdi_only,0.2151172715801975,0.2202089591946594,0.21939536780607902
Mexico City,Mexico,Latin America,road_gap,wdi_only,0.1984000442438305,0.21300307170958246,0.21200223252669267
Bogota,Colombia,Latin America,road_gap,wdi_only,0.2006048806586807,0.21406938002224618,0.20977998984191717
Lima,Peru,Latin America,road_gap,wdi_only,0.2071654757801135,0.21317398364711124,0.21292634546816155
Santiago,Chile,Latin America,road_gap,wdi_only,0.1956594220795258,0.20741869327178436,0.2071375152133181
Sao Paulo,Brazil,Latin America,road_gap,wdi_only,0.2224532431356944,0.20673772866382328,0.2053451647509243
Tokyo,Japan,Asia,road_gap,wdi_only,0.1973733830921686,0.2016276175010495,0.20309651059077322
Seoul,South Korea,Asia,road_gap,wdi_only,0.2233346100630051,0.2060336722932772,0.2078959108084037
Taipei,Taiwan,Asia,road_gap,wdi_only,0.1683153898164039,0.2178971893949844,0.21547191098228394
Bangkok,Thailand,Asia,road_gap,wdi_only,0.2810948175304116,0.21999023884618904,0.22214092232192664
Kuala Lumpur,Malaysia,Asia,road_gap,wdi_only,0.2030983884482723,0.2185856374381903,0.2154615366760683
Jakarta,Indonesia,Asia,road_gap,wdi_only,0.1876742784227459,0.22426195614788963,0.22389749546840154
Manila,Philippines,Asia,road_gap,wdi_only,0.2007020470791676,0.22339242132272188,0.22247604639514626
Mumbai,India,Asia,road_gap,wdi_only,0.2424962845727741,0.22263954925334184,0.23152403541473948
Bengaluru,India,Asia,road_gap,wdi_only,0.2123759548797029,0.23428466504622703,0.23152403541473948
Los Angeles,United States,North America,road_gap,wdi_only,0.1750696737916047,0.20941485340296748,0.2032315263343313
New York City,United States,North America,road_gap,wdi_only,0.1873573172809358,0.20477896716379318,0.2032315263343313
Montreal,Canada,North America,road_gap,wdi_only,0.2018337424446379,0.21309105498301367,0.21607667922217655
Vancouver,Canada,North America,road_gap,wdi_only,0.1972933468689489,0.21501398023919902,0.21607667922217655
London,United Kingdom,Europe,road_gap,wdi_only,0.2550152834075354,0.20660849656272587,0.2090274567123019
Paris,France,Europe,road_gap,wdi_only,0.196025947956002,0.21263117792979536,0.20897582567278195
Amsterdam,Netherlands,Europe,road_gap,wdi_only,0.2333191428976869,0.20322233553859276,0.20654098057353937
Barcelona,Spain,Europe,road_gap,wdi_only,0.1861858032492349,0.21508142306352937,0.21246335879936018
Warsaw,Poland,Europe,road_gap,wdi_only,0.2199203187250994,0.21455156291837166,0.2175526133296932
Prague,Czechia,Europe,road_gap,wdi_only,0.2231987994904814,0.2135063451177989,0.2162090163140064
Rome,Italy,Europe,road_gap,wdi_only,0.2044670289211081,0.2077817617694493,0.2111046575262005
Milan,Italy,Europe,road_gap,wdi_only,0.1851227591582229,0.214975969118498,0.2111046575262005
Lagos,Nigeria,Africa,road_gap,wdi_only,0.2546630980630208,0.22887550554511565,0.2277209940884254
Addis Ababa,Ethiopia,Africa,road_gap,wdi_only,0.2177258105420519,0.25052217859818443,0.24639617432247948
Dakar,Senegal,Africa,road_gap,wdi_only,0.2399622404027691,0.2298651958986398,0.2297268783622862
Kampala,Uganda,Africa,road_gap,wdi_only,0.2505478606026119,0.24406573574965942,0.24027866726557334
Dar es Salaam,Tanzania,Africa,road_gap,wdi_only,0.2674011640769924,0.23924963087962503,0.2389306237914151
Tunis,Tunisia,Africa,road_gap,wdi_only,0.2198067701589378,0.2148539764259501,0.21864521052231542
Algiers,Algeria,Africa,road_gap,wdi_only,0.2434144758764622,0.22405649489592724,0.22201134045283802
Buenos Aires,Argentina,Latin America,road_gap,wdi_only,0.1943842622218158,0.2108763149483018,0.20554111652422846
Rio de Janeiro,Brazil,Latin America,road_gap,wdi_only,0.2206516221330009,0.20382550735887428,0.2053451647509243
Quito,Ecuador,Latin America,road_gap,wdi_only,0.2438223411225157,0.21180111511565047,0.21643952916922043
Montevideo,Uruguay,Latin America,road_gap,wdi_only,0.1930316873323181,0.2038861262232437,0.2032040655343237
Panama City,Panama,Latin America,road_gap,wdi_only,0.2313600979093936,0.21280519792264474,0.21417078801113032
Delhi,India,Asia,road_gap,wdi_only,0.231035462077478,0.23428466504622703,0.23152403541473948
Chennai,India,Asia,road_gap,wdi_only,0.2265510804984489,0.2335118459503015,0.23152403541473948
Hyderabad,India,Asia,road_gap,wdi_only,0.2618441377985055,0.22263954925334184,0.23152403541473948
Karachi,Pakistan,Asia,road_gap,wdi_only,0.2283793945699003,0.2315117367770313,0.23251789597849135
Dhaka,Bangladesh,Asia,road_gap,wdi_only,0.2238723688606749,0.2290143193863575,0.23739839650151362
Hanoi,Vietnam,Asia,road_gap,wdi_only,0.2610331976658657,0.22158631523238614,0.229294072558186
Ho Chi Minh City,Vietnam,Asia,road_gap,wdi_only,0.2190502853136501,0.23008502184260685,0.229294072558186
Singapore,Singapore,Asia,road_gap,wdi_only,0.2081795684974292,0.244175804778222,0.20803556834066358
Hong Kong,China,Asia,road_gap,wdi_only,0.2098224633863661,0.21607849845921404,0.2127806397861371
Osaka,Japan,Asia,road_gap,wdi_only,0.1782642727378145,0.20880010074642827,0.20309651059077322
Sydney,Australia,Oceania,road_gap,wdi_only,0.2127036751881589,0.21343411210310648,0.20818871309455717
Melbourne,Australia,Oceania,road_gap,wdi_only,0.2313912743513861,0.20800880410425765,0.20818871309455717
Auckland,New Zealand,Oceania,road_gap,wdi_only,0.2205494075900642,0.20845885849998413,0.21068785871801368
Brisbane,Australia,Oceania,road_gap,wdi_only,0.208880201061156,0.20800880410425765,0.20818871309455717
Chicago,United States,North America,road_gap,wdi_only,0.2040052968599778,0.20477896716379318,0.2032315263343313
Toronto,Canada,North America,road_gap,wdi_only,0.1996750232126277,0.2165389761397487,0.21607667922217655
Seattle,United States,North America,road_gap,wdi_only,0.2082283123291324,0.2046805503522682,0.2032315263343313
San Francisco,United States,North America,road_gap,wdi_only,0.1980232784966512,0.20941485340296748,0.2032315263343313
Boston,United States,North America,road_gap,wdi_only,0.2120018730220242,0.2046805503522682,0.2032315263343313
Miami,United States,North America,road_gap,wdi_only,0.1811689258125637,0.20941485340296748,0.2032315263343313
Riyadh,Saudi Arabia,Middle East,road_gap,wdi_only,0.2084371144921578,0.224452476856421,0.22245730836549735
Tel Aviv,Israel,Middle East,road_gap,wdi_only,0.2045443592892564,0.2051656375175329,0.20602216893281214
Tehran,Iran,Middle East,road_gap,wdi_only,0.1904347744059465,0.21985295439039804,0.21662504214143774
Lisbon,Portugal,Europe,road_gap,graph_plus_ghsl,0.2544838513923538,0.2220506161493252,0.22852923106802964
Vienna,Austria,Europe,road_gap,graph_plus_ghsl,0.2293014969141065,0.20832015355949637,0.21204504589477807
Athens,Greece,Europe,road_gap,graph_plus_ghsl,0.2114430357292901,0.19107608227339332,0.1995017240296658
Istanbul,Turkey,Middle East,road_gap,graph_plus_ghsl,0.2136966149952546,0.21224707762321365,0.21497969634319852
Dubai,United Arab Emirates,Middle East,road_gap,graph_plus_ghsl,0.2341388324763428,0.20932258644776844,0.21338170260923975
Cairo,Egypt,Africa,road_gap,graph_plus_ghsl,0.2094187185016547,0.2300632483109326,0.22049053446235023
Nairobi,Kenya,Africa,road_gap,graph_plus_ghsl,0.2816907863000482,0.24038012658818603,0.24872744465012514
Accra,Ghana,Africa,road_gap,graph_plus_ghsl,0.2219213271629146,0.23295636798264197,0.23278797884482108
Johannesburg,South Africa,Africa,road_gap,graph_plus_ghsl,0.195749404902766,0.21878425527599826,0.217512416340657
Casablanca,Morocco,Africa,road_gap,graph_plus_ghsl,0.2151172715801975,0.21714066181585523,0.21767403536389043
Mexico City,Mexico,Latin America,road_gap,graph_plus_ghsl,0.1984000442438305,0.2048739562964787,0.2037989223932364
Bogota,Colombia,Latin America,road_gap,graph_plus_ghsl,0.2006048806586807,0.2147951618519507,0.21236716902449657
Lima,Peru,Latin America,road_gap,graph_plus_ghsl,0.2071654757801135,0.20345971006004862,0.2077841787099576
Santiago,Chile,Latin America,road_gap,graph_plus_ghsl,0.1956594220795258,0.1980811742494164,0.20266232519898844
Sao Paulo,Brazil,Latin America,road_gap,graph_plus_ghsl,0.2224532431356944,0.20566801600722004,0.20992063472234343
Tokyo,Japan,Asia,road_gap,graph_plus_ghsl,0.1973733830921686,0.1869556634455554,0.19041194156918012
Seoul,South Korea,Asia,road_gap,graph_plus_ghsl,0.2233346100630051,0.20372651005619197,0.2077612468534558
Taipei,Taiwan,Asia,road_gap,graph_plus_ghsl,0.1683153898164039,0.2083934777699296,0.20522619490400212
Bangkok,Thailand,Asia,road_gap,graph_plus_ghsl,0.2810948175304116,0.2373741882671493,0.24688479906704544
Kuala Lumpur,Malaysia,Asia,road_gap,graph_plus_ghsl,0.2030983884482723,0.22556952757293622,0.22090865265071694
Jakarta,Indonesia,Asia,road_gap,graph_plus_ghsl,0.1876742784227459,0.23216194170789242,0.22551311211675729
Manila,Philippines,Asia,road_gap,graph_plus_ghsl,0.2007020470791676,0.2208633072184391,0.2172289410548467
Mumbai,India,Asia,road_gap,graph_plus_ghsl,0.2424962845727741,0.2212400368702941,0.2272241451638895
Bengaluru,India,Asia,road_gap,graph_plus_ghsl,0.2123759548797029,0.22257622362915128,0.22491137649943194
Los Angeles,United States,North America,road_gap,graph_plus_ghsl,0.1750696737916047,0.20059628135624852,0.1964633254071459
New York City,United States,North America,road_gap,graph_plus_ghsl,0.1873573172809358,0.17716328874938334,0.18347006218672968
Montreal,Canada,North America,road_gap,graph_plus_ghsl,0.2018337424446379,0.1953026232400475,0.20004623296045884
Vancouver,Canada,North America,road_gap,graph_plus_ghsl,0.1972933468689489,0.2040272798468089,0.20492283104368306
London,United Kingdom,Europe,road_gap,graph_plus_ghsl,0.2550152834075354,0.22372273879949534,0.2262244564714571
Paris,France,Europe,road_gap,graph_plus_ghsl,0.196025947956002,0.20825281353470876,0.2039723671553723
Amsterdam,Netherlands,Europe,road_gap,graph_plus_ghsl,0.2333191428976869,0.2160493041890199,0.21820636664681348
Barcelona,Spain,Europe,road_gap,graph_plus_ghsl,0.1861858032492349,0.20925409374515458,0.20604039675814756
Warsaw,Poland,Europe,road_gap,graph_plus_ghsl,0.2199203187250994,0.22042289556234354,0.22052479904833408
Prague,Czechia,Europe,road_gap,graph_plus_ghsl,0.2231987994904814,0.22397571549009682,0.22288599178583435
Rome,Italy,Europe,road_gap,graph_plus_ghsl,0.2044670289211081,0.21498726588562575,0.21831465741883332
Milan,Italy,Europe,road_gap,graph_plus_ghsl,0.1851227591582229,0.21347026551246687,0.21002307371639842
Lagos,Nigeria,Africa,road_gap,graph_plus_ghsl,0.2546630980630208,0.23150559658385317,0.23181226658281542
Addis Ababa,Ethiopia,Africa,road_gap,graph_plus_ghsl,0.2177258105420519,0.230388096720476,0.2285551445899077
Dakar,Senegal,Africa,road_gap,graph_plus_ghsl,0.2399622404027691,0.2229613425766939,0.22582846896472783
Kampala,Uganda,Africa,road_gap,graph_plus_ghsl,0.2505478606026119,0.2565161925232979,0.25700542240244434
Dar es Salaam,Tanzania,Africa,road_gap,graph_plus_ghsl,0.2674011640769924,0.2394916863369861,0.23851295893924446
Tunis,Tunisia,Africa,road_gap,graph_plus_ghsl,0.2198067701589378,0.21689786712847803,0.22181486600653894
Algiers,Algeria,Africa,road_gap,graph_plus_ghsl,0.2434144758764622,0.2386293158287991,0.23847937768921357
Buenos Aires,Argentina,Latin America,road_gap,graph_plus_ghsl,0.1943842622218158,0.18460624900442368,0.18545612755630145
Rio de Janeiro,Brazil,Latin America,road_gap,graph_plus_ghsl,0.2206516221330009,0.22377438225105,0.2238693866265915
Quito,Ecuador,Latin America,road_gap,graph_plus_ghsl,0.2438223411225157,0.22666690757760974,0.23237702803988813
Montevideo,Uruguay,Latin America,road_gap,graph_plus_ghsl,0.1930316873323181,0.2130638342295935,0.20738368056158332
Panama City,Panama,Latin America,road_gap,graph_plus_ghsl,0.2313600979093936,0.23362772851224378,0.23326031235033018
Delhi,India,Asia,road_gap,graph_plus_ghsl,0.231035462077478,0.21814255997844753,0.21928889119083134
Chennai,India,Asia,road_gap,graph_plus_ghsl,0.2265510804984489,0.2287049084597165,0.2276538305726205
Hyderabad,India,Asia,road_gap,graph_plus_ghsl,0.2618441377985055,0.22361238131228112,0.22954017951718003
Karachi,Pakistan,Asia,road_gap,graph_plus_ghsl,0.2283793945699003,0.22195721476543318,0.22129913368781956
Dhaka,Bangladesh,Asia,road_gap,graph_plus_ghsl,0.2238723688606749,0.22291834907646965,0.22811202250633164
Hanoi,Vietnam,Asia,road_gap,graph_plus_ghsl,0.2610331976658657,0.22448174445664829,0.22959494275451384
Ho Chi Minh City,Vietnam,Asia,road_gap,graph_plus_ghsl,0.2190502853136501,0.2414636727029191,0.23661777446661988
Singapore,Singapore,Asia,road_gap,graph_plus_ghsl,0.2081795684974292,0.21504333177764653,0.2113526975501737
Hong Kong,China,Asia,road_gap,graph_plus_ghsl,0.2098224633863661,0.2163537712643486,0.21092761081556044
Osaka,Japan,Asia,road_gap,graph_plus_ghsl,0.1782642727378145,0.20582655884217402,0.19743944166412541
Sydney,Australia,Oceania,road_gap,graph_plus_ghsl,0.2127036751881589,0.22131119033126978,0.21758882269859398
Melbourne,Australia,Oceania,road_gap,graph_plus_ghsl,0.2313912743513861,0.20430022021498415,0.2069103332357687
Auckland,New Zealand,Oceania,road_gap,graph_plus_ghsl,0.2205494075900642,0.22309751017291488,0.2259147370885229
Brisbane,Australia,Oceania,road_gap,graph_plus_ghsl,0.208880201061156,0.2153522854700006,0.21924814414771068
Chicago,United States,North America,road_gap,graph_plus_ghsl,0.2040052968599778,0.17851401230742459,0.1848477074632771
Toronto,Canada,North America,road_gap,graph_plus_ghsl,0.1996750232126277,0.20051298012100974,0.20408189918189287
Seattle,United States,North America,road_gap,graph_plus_ghsl,0.2082283123291324,0.20926999687518202,0.2090417677244186
San Francisco,United States,North America,road_gap,graph_plus_ghsl,0.1980232784966512,0.20193240499180362,0.1980855769230535
Boston,United States,North America,road_gap,graph_plus_ghsl,0.2120018730220242,0.21416498446748317,0.21298793532255633
Miami,United States,North America,road_gap,graph_plus_ghsl,0.1811689258125637,0.20128073093839463,0.19765342254809443
Riyadh,Saudi Arabia,Middle East,road_gap,graph_plus_ghsl,0.2084371144921578,0.20449457645028155,0.20298145951268343
Tel Aviv,Israel,Middle East,road_gap,graph_plus_ghsl,0.2045443592892564,0.21692330271477175,0.21626411486815256
Tehran,Iran,Middle East,road_gap,graph_plus_ghsl,0.1904347744059465,0.2358358835862314,0.22625040602364727
Lisbon,Portugal,Europe,road_gap,graph_plus_ghsl_wdi,0.2544838513923538,0.22230997253844587,0.22957413700824245
Vienna,Austria,Europe,road_gap,graph_plus_ghsl_wdi,0.2293014969141065,0.2082415855170834,0.21256346215271948
Athens,Greece,Europe,road_gap,graph_plus_ghsl_wdi,0.2114430357292901,0.19070074953025773,0.19979290610583764
Istanbul,Turkey,Middle East,road_gap,graph_plus_ghsl_wdi,0.2136966149952546,0.21030430510189466,0.21269211878533203
Dubai,United Arab Emirates,Middle East,road_gap,graph_plus_ghsl_wdi,0.2341388324763428,0.21280596256117865,0.21643870999858614
Cairo,Egypt,Africa,road_gap,graph_plus_ghsl_wdi,0.2094187185016547,0.22957944740586383,0.22069458515734852
Nairobi,Kenya,Africa,road_gap,graph_plus_ghsl_wdi,0.2816907863000482,0.24057264715503135,0.24969698365085174
Accra,Ghana,Africa,road_gap,graph_plus_ghsl_wdi,0.2219213271629146,0.232173509432395,0.2326049197199722
Johannesburg,South Africa,Africa,road_gap,graph_plus_ghsl_wdi,0.195749404902766,0.21558935493961556,0.21407664974464607
Casablanca,Morocco,Africa,road_gap,graph_plus_ghsl_wdi,0.2151172715801975,0.21522374149331927,0.2162236316902466
Mexico City,Mexico,Latin America,road_gap,graph_plus_ghsl_wdi,0.1984000442438305,0.20047633176213758,0.20165114934279832
Bogota,Colombia,Latin America,road_gap,graph_plus_ghsl_wdi,0.2006048806586807,0.21231337880296225,0.20836250263811185
Lima,Peru,Latin America,road_gap,graph_plus_ghsl_wdi,0.2071654757801135,0.19932823771613242,0.2063749040559395
Santiago,Chile,Latin America,road_gap,graph_plus_ghsl_wdi,0.1956594220795258,0.18937004282795242,0.19960399087431466
Sao Paulo,Brazil,Latin America,road_gap,graph_plus_ghsl_wdi,0.2224532431356944,0.19753024523111656,0.20663348529465012
Tokyo,Japan,Asia,road_gap,graph_plus_ghsl_wdi,0.1973733830921686,0.18424918782040772,0.18921179770450336
Seoul,South Korea,Asia,road_gap,graph_plus_ghsl_wdi,0.2233346100630051,0.20321451660041512,0.20709054310593183
Taipei,Taiwan,Asia,road_gap,graph_plus_ghsl_wdi,0.1683153898164039,0.20928689317003396,0.20451339980873753
Bangkok,Thailand,Asia,road_gap,graph_plus_ghsl_wdi,0.2810948175304116,0.23626250799692644,0.24734409352884343
Kuala Lumpur,Malaysia,Asia,road_gap,graph_plus_ghsl_wdi,0.2030983884482723,0.2246635727234822,0.2197658555250789
Jakarta,Indonesia,Asia,road_gap,graph_plus_ghsl_wdi,0.1876742784227459,0.2316348927209131,0.22489108249731424
Manila,Philippines,Asia,road_gap,graph_plus_ghsl_wdi,0.2007020470791676,0.21781556225696524,0.2159631851009577
Mumbai,India,Asia,road_gap,graph_plus_ghsl_wdi,0.2424962845727741,0.22348956534189376,0.23120505400704905
Bengaluru,India,Asia,road_gap,graph_plus_ghsl_wdi,0.2123759548797029,0.22675101611321272,0.22784674185273998
Los Angeles,United States,North America,road_gap,graph_plus_ghsl_wdi,0.1750696737916047,0.19972767252849158,0.1955631422450505
New York City,United States,North America,road_gap,graph_plus_ghsl_wdi,0.1873573172809358,0.17863649054577635,0.18392319335151652
Montreal,Canada,North America,road_gap,graph_plus_ghsl_wdi,0.2018337424446379,0.19804178306690567,0.20217332996528775
Vancouver,Canada,North America,road_gap,graph_plus_ghsl_wdi,0.1972933468689489,0.20581986318677054,0.20640777739646712
London,United Kingdom,Europe,road_gap,graph_plus_ghsl_wdi,0.2550152834075354,0.222068823977295,0.22582804594431075
Paris,France,Europe,road_gap,graph_plus_ghsl_wdi,0.196025947956002,0.2085443808075811,0.20378494647370013
Amsterdam,Netherlands,Europe,road_gap,graph_plus_ghsl_wdi,0.2333191428976869,0.219417114709332,0.21876628682318336
Barcelona,Spain,Europe,road_gap,graph_plus_ghsl_wdi,0.1861858032492349,0.20985846911208933,0.2063647203564952
Warsaw,Poland,Europe,road_gap,graph_plus_ghsl_wdi,0.2199203187250994,0.22074178213457404,0.22130221009637208
Prague,Czechia,Europe,road_gap,graph_plus_ghsl_wdi,0.2231987994904814,0.22435411860061552,0.2239849284358763
Rome,Italy,Europe,road_gap,graph_plus_ghsl_wdi,0.2044670289211081,0.21451188724486756,0.21790365969351475
Milan,Italy,Europe,road_gap,graph_plus_ghsl_wdi,0.1851227591582229,0.21322781165122873,0.2095018839972221
Lagos,Nigeria,Africa,road_gap,graph_plus_ghsl_wdi,0.2546630980630208,0.23428839979585697,0.23377309510963837
Addis Ababa,Ethiopia,Africa,road_gap,graph_plus_ghsl_wdi,0.2177258105420519,0.2390870075717961,0.23346858993975436
Dakar,Senegal,Africa,road_gap,graph_plus_ghsl_wdi,0.2399622404027691,0.22318912134858343,0.22708254908590345
Kampala,Uganda,Africa,road_gap,graph_plus_ghsl_wdi,0.2505478606026119,0.26211731138726024,0.2588830078403963
Dar es Salaam,Tanzania,Africa,road_gap,graph_plus_ghsl_wdi,0.2674011640769924,0.2408110082608182,0.24067011781653427
Tunis,Tunisia,Africa,road_gap,graph_plus_ghsl_wdi,0.2198067701589378,0.21643093919471765,0.2210689955923605
Algiers,Algeria,Africa,road_gap,graph_plus_ghsl_wdi,0.2434144758764622,0.23803297995257303,0.2394182226922989
Buenos Aires,Argentina,Latin America,road_gap,graph_plus_ghsl_wdi,0.1943842622218158,0.18575720429844267,0.1840432559621116
Rio de Janeiro,Brazil,Latin America,road_gap,graph_plus_ghsl_wdi,0.2206516221330009,0.21970741530675547,0.22015255777386772
Quito,Ecuador,Latin America,road_gap,graph_plus_ghsl_wdi,0.2438223411225157,0.2248852574089418,0.23055621561865608
Montevideo,Uruguay,Latin America,road_gap,graph_plus_ghsl_wdi,0.1930316873323181,0.2106765788075594,0.20526306684891327
Panama City,Panama,Latin America,road_gap,graph_plus_ghsl_wdi,0.2313600979093936,0.23004826918937932,0.23070600502043226
Delhi,India,Asia,road_gap,graph_plus_ghsl_wdi,0.231035462077478,0.22331194801516144,0.22333751605996482
Chennai,India,Asia,road_gap,graph_plus_ghsl_wdi,0.2265510804984489,0.23421043386979168,0.23101654384313233
Hyderabad,India,Asia,road_gap,graph_plus_ghsl_wdi,0.2618441377985055,0.22496838022276455,0.23287444243330777
Karachi,Pakistan,Asia,road_gap,graph_plus_ghsl_wdi,0.2283793945699003,0.22244674509799223,0.2218126531284948
Dhaka,Bangladesh,Asia,road_gap,graph_plus_ghsl_wdi,0.2238723688606749,0.22442227994220956,0.22931535819049945
Hanoi,Vietnam,Asia,road_gap,graph_plus_ghsl_wdi,0.2610331976658657,0.22471915011737845,0.23026729256799558
Ho Chi Minh City,Vietnam,Asia,road_gap,graph_plus_ghsl_wdi,0.2190502853136501,0.24349655084238253,0.2371623904004151
Singapore,Singapore,Asia,road_gap,graph_plus_ghsl_wdi,0.2081795684974292,0.2213353692831618,0.21043253231311412
Hong Kong,China,Asia,road_gap,graph_plus_ghsl_wdi,0.2098224633863661,0.21664569241118634,0.21105386496988665
Osaka,Japan,Asia,road_gap,graph_plus_ghsl_wdi,0.1782642727378145,0.2052883247798686,0.19489800100809754
Sydney,Australia,Oceania,road_gap,graph_plus_ghsl_wdi,0.2127036751881589,0.22414986218486613,0.21849325565809743
Melbourne,Australia,Oceania,road_gap,graph_plus_ghsl_wdi,0.2313912743513861,0.20502827070406257,0.20734575957990212
Auckland,New Zealand,Oceania,road_gap,graph_plus_ghsl_wdi,0.2205494075900642,0.22381742144581904,0.22658419542291824
Brisbane,Australia,Oceania,road_gap,graph_plus_ghsl_wdi,0.208880201061156,0.21578055491051265,0.21939677175603295
Chicago,United States,North America,road_gap,graph_plus_ghsl_wdi,0.2040052968599778,0.17826625432867144,0.18365766081190968
Toronto,Canada,North America,road_gap,graph_plus_ghsl_wdi,0.1996750232126277,0.20204764620342086,0.2056571230436274
Seattle,United States,North America,road_gap,graph_plus_ghsl_wdi,0.2082283123291324,0.20836307042907717,0.20812863146171523
San Francisco,United States,North America,road_gap,graph_plus_ghsl_wdi,0.1980232784966512,0.2030930907380913,0.19800294194836054
Boston,United States,North America,road_gap,graph_plus_ghsl_wdi,0.2120018730220242,0.21323935179079245,0.21297253572209907
Miami,United States,North America,road_gap,graph_plus_ghsl_wdi,0.1811689258125637,0.20099723155195637,0.19678346062046104
Riyadh,Saudi Arabia,Middle East,road_gap,graph_plus_ghsl_wdi,0.2084371144921578,0.2028451960488834,0.203794491593948
Tel Aviv,Israel,Middle East,road_gap,graph_plus_ghsl_wdi,0.2045443592892564,0.2149497569666736,0.2147930779529703
Tehran,Iran,Middle East,road_gap,graph_plus_ghsl_wdi,0.1904347744059465,0.23365845063445065,0.2241797079904807
Lisbon,Portugal,Europe,road_minus_spatial,graph_only,0.125,0.09190430955379722,0.09842137912315006
Vienna,Austria,Europe,road_minus_spatial,graph_only,0.075,0.08409895974169118,0.08380380892993711
Athens,Greece,Europe,road_minus_spatial,graph_only,0.0999999999999999,0.08575517088553565,0.09064003082687168
Istanbul,Turkey,Middle East,road_minus_spatial,graph_only,0.1,0.09372443849512861,0.09526597137884883
Dubai,United Arab Emirates,Middle East,road_minus_spatial,graph_only,0.0749999999999999,0.07355608289946909,0.07371100408566258
Cairo,Egypt,Africa,road_minus_spatial,graph_only,0.0999999999999999,0.12183862544373521,0.11630672912667553
Nairobi,Kenya,Africa,road_minus_spatial,graph_only,0.1499999999999999,0.10871260113437875,0.11677988187970052
Accra,Ghana,Africa,road_minus_spatial,graph_only,0.0999999999999999,0.10639827069152419,0.10769169580448047
Johannesburg,South Africa,Africa,road_minus_spatial,graph_only,0.075,0.09036526043236143,0.09110919357111065
Casablanca,Morocco,Africa,road_minus_spatial,graph_only,0.1,0.09691906616827768,0.09898665144176509
Mexico City,Mexico,Latin America,road_minus_spatial,graph_only,0.0999999999999999,0.09431062724102018,0.09452336229368852
Bogota,Colombia,Latin America,road_minus_spatial,graph_only,0.0999999999999999,0.09912488779457135,0.1017610453146883
Lima,Peru,Latin America,road_minus_spatial,graph_only,0.0999999999999999,0.09424725116546159,0.09863044935804792
Santiago,Chile,Latin America,road_minus_spatial,graph_only,0.0999999999999999,0.0955688617693931,0.09396627195945358
Sao Paulo,Brazil,Latin America,road_minus_spatial,graph_only,0.1,0.08796572527566254,0.09311593784238262
Tokyo,Japan,Asia,road_minus_spatial,graph_only,0.0999999999999999,0.08256294224227959,0.08479896993700689
Seoul,South Korea,Asia,road_minus_spatial,graph_only,0.125,0.09882125111466541,0.09804114218366394
Taipei,Taiwan,Asia,road_minus_spatial,graph_only,0.0499999999999999,0.08010420653767777,0.07323775578856005
Bangkok,Thailand,Asia,road_minus_spatial,graph_only,0.125,0.14144498801532066,0.13468314028740908
Kuala Lumpur,Malaysia,Asia,road_minus_spatial,graph_only,0.0749999999999999,0.10025535341623369,0.09602043077421911
Jakarta,Indonesia,Asia,road_minus_spatial,graph_only,0.0749999999999999,0.10815188400906453,0.10579996647996573
Manila,Philippines,Asia,road_minus_spatial,graph_only,0.075,0.09426280330922134,0.09431394625895627
Mumbai,India,Asia,road_minus_spatial,graph_only,0.0999999999999999,0.08843226538120623,0.09451057519361152
Bengaluru,India,Asia,road_minus_spatial,graph_only,0.125,0.11693536977997054,0.11832959149623301
Los Angeles,United States,North America,road_minus_spatial,graph_only,0.0749999999999999,0.08436233396909638,0.08306489849586844
New York City,United States,North America,road_minus_spatial,graph_only,0.0749999999999999,0.06642172161131521,0.07098524743164554
Montreal,Canada,North America,road_minus_spatial,graph_only,0.0999999999999999,0.07782429645117311,0.08311136047172614
Vancouver,Canada,North America,road_minus_spatial,graph_only,0.0749999999999999,0.08889260857551211,0.08765075575041197
London,United Kingdom,Europe,road_minus_spatial,graph_only,0.125,0.11070857852515502,0.1138050470283674
Paris,France,Europe,road_minus_spatial,graph_only,0.075,0.08392762871989437,0.08228580489967018
Amsterdam,Netherlands,Europe,road_minus_spatial,graph_only,0.0999999999999999,0.09014639284246735,0.09112447125921933
Barcelona,Spain,Europe,road_minus_spatial,graph_only,0.0749999999999999,0.07690713857611373,0.07651782320565666
Warsaw,Poland,Europe,road_minus_spatial,graph_only,0.0999999999999999,0.08695969821933379,0.08918845026576937
Prague,Czechia,Europe,road_minus_spatial,graph_only,0.0749999999999999,0.09324207500020312,0.0927274582306632
Rome,Italy,Europe,road_minus_spatial,graph_only,0.075,0.08732612704453807,0.09017845397475416
Milan,Italy,Europe,road_minus_spatial,graph_only,0.05,0.07889326093979876,0.07861889340095066
Lagos,Nigeria,Africa,road_minus_spatial,graph_only,0.125,0.09626169912070867,0.09824415940272695
Addis Ababa,Ethiopia,Africa,road_minus_spatial,graph_only,0.0999999999999999,0.11373023609263738,0.1098064782065584
Dakar,Senegal,Africa,road_minus_spatial,graph_only,0.125,0.10065920130976734,0.10964709855129362
Kampala,Uganda,Africa,road_minus_spatial,graph_only,0.125,0.1259914698663905,0.12565134093082742
Dar es Salaam,Tanzania,Africa,road_minus_spatial,graph_only,0.15,0.10707073772644751,0.10980460756747339
Tunis,Tunisia,Africa,road_minus_spatial,graph_only,0.0999999999999999,0.10148086497793557,0.10440790380655535
Algiers,Algeria,Africa,road_minus_spatial,graph_only,0.0999999999999999,0.1063683667819512,0.10933885805610925
Buenos Aires,Argentina,Latin America,road_minus_spatial,graph_only,0.0749999999999999,0.07478179394337825,0.07424032718257402
Rio de Janeiro,Brazil,Latin America,road_minus_spatial,graph_only,0.0999999999999999,0.09315741275100264,0.0918316461378012
Quito,Ecuador,Latin America,road_minus_spatial,graph_only,0.125,0.10296401051834236,0.10788994761684931
Montevideo,Uruguay,Latin America,road_minus_spatial,graph_only,0.0749999999999999,0.10424511586851633,0.09375239702811225
Panama City,Panama,Latin America,road_minus_spatial,graph_only,0.0999999999999999,0.10080259859321138,0.09862188265851106
Delhi,India,Asia,road_minus_spatial,graph_only,0.0999999999999999,0.11191119408940443,0.1087229536531388
Chennai,India,Asia,road_minus_spatial,graph_only,0.125,0.11396453859794885,0.11521275880477116
Hyderabad,India,Asia,road_minus_spatial,graph_only,0.125,0.12061447729897143,0.12201231449346897
Karachi,Pakistan,Asia,road_minus_spatial,graph_only,0.1,0.1069229006441644,0.10461293372919264
Dhaka,Bangladesh,Asia,road_minus_spatial,graph_only,0.0999999999999999,0.10472667025415855,0.10666046923298196
Hanoi,Vietnam,Asia,road_minus_spatial,graph_only,0.15,0.10020190305031505,0.10523272402784468
Ho Chi Minh City,Vietnam,Asia,road_minus_spatial,graph_only,0.125,0.11788240438092064,0.119319825744536
Singapore,Singapore,Asia,road_minus_spatial,graph_only,0.075,0.08571787439705993,0.08205166257486027
Hong Kong,China,Asia,road_minus_spatial,graph_only,0.075,0.07405217319389182,0.06847471700260252
Osaka,Japan,Asia,road_minus_spatial,graph_only,0.0999999999999999,0.09826254204487903,0.093189202057269
Sydney,Australia,Oceania,road_minus_spatial,graph_only,0.0749999999999999,0.09691653093047302,0.09582329335468324
Melbourne,Australia,Oceania,road_minus_spatial,graph_only,0.0999999999999999,0.09414656775981933,0.09346586936800635
Auckland,New Zealand,Oceania,road_minus_spatial,graph_only,0.0749999999999999,0.09734148332493028,0.09641140793126102
Brisbane,Australia,Oceania,road_minus_spatial,graph_only,0.0749999999999999,0.09442069549180453,0.0952235656084108
Chicago,United States,North America,road_minus_spatial,graph_only,0.0999999999999999,0.060406423004346656,0.07465788107909507
Toronto,Canada,North America,road_minus_spatial,graph_only,0.075,0.08235002722157121,0.08931295648484386
Seattle,United States,North America,road_minus_spatial,graph_only,0.0999999999999999,0.09020490573971136,0.09198715864076457
San Francisco,United States,North America,road_minus_spatial,graph_only,0.0749999999999999,0.09029284480522758,0.08385832429842752
Boston,United States,North America,road_minus_spatial,graph_only,0.1,0.09301419552813432,0.09259045248297382
Miami,United States,North America,road_minus_spatial,graph_only,0.0749999999999999,0.09086892531049251,0.08638148485518461
Riyadh,Saudi Arabia,Middle East,road_minus_spatial,graph_only,0.1,0.09396463788147144,0.09713194195366627
Tel Aviv,Israel,Middle East,road_minus_spatial,graph_only,0.075,0.08608997194806317,0.08668377240359029
Tehran,Iran,Middle East,road_minus_spatial,graph_only,0.0999999999999999,0.11996218958662695,0.11403808732223693
Lisbon,Portugal,Europe,road_minus_spatial,ghsl_only,0.125,0.09223806237785383,0.09552734146509535
Vienna,Austria,Europe,road_minus_spatial,ghsl_only,0.075,0.09269379158959944,0.09200614576965847
Athens,Greece,Europe,road_minus_spatial,ghsl_only,0.0999999999999999,0.08680163155111646,0.09094976963019182
Istanbul,Turkey,Middle East,road_minus_spatial,ghsl_only,0.1,0.09591513340755885,0.09852622235330313
Dubai,United Arab Emirates,Middle East,road_minus_spatial,ghsl_only,0.0749999999999999,0.0916981177735133,0.09252055430737645
Cairo,Egypt,Africa,road_minus_spatial,ghsl_only,0.0999999999999999,0.10622315524564051,0.10428857661914649
Nairobi,Kenya,Africa,road_minus_spatial,ghsl_only,0.1499999999999999,0.10557915653737864,0.11121476414631251
Accra,Ghana,Africa,road_minus_spatial,ghsl_only,0.0999999999999999,0.10411905450532419,0.10444151328140068
Johannesburg,South Africa,Africa,road_minus_spatial,ghsl_only,0.075,0.10477518719029315,0.10193118914763621
Casablanca,Morocco,Africa,road_minus_spatial,ghsl_only,0.1,0.10139473427043488,0.1031718788714894
Mexico City,Mexico,Latin America,road_minus_spatial,ghsl_only,0.0999999999999999,0.10034392349439557,0.09985179182893335
Bogota,Colombia,Latin America,road_minus_spatial,ghsl_only,0.0999999999999999,0.0974419416448922,0.09598165799049538
Lima,Peru,Latin America,road_minus_spatial,ghsl_only,0.0999999999999999,0.09560649207628573,0.09652509840084589
Santiago,Chile,Latin America,road_minus_spatial,ghsl_only,0.0999999999999999,0.08794518560095944,0.08992931349655224
Sao Paulo,Brazil,Latin America,road_minus_spatial,ghsl_only,0.1,0.09595056396790762,0.09686475425980996
Tokyo,Japan,Asia,road_minus_spatial,ghsl_only,0.0999999999999999,0.08255128134583277,0.0851425398544596
Seoul,South Korea,Asia,road_minus_spatial,ghsl_only,0.125,0.08091661461789791,0.0884358692686464
Taipei,Taiwan,Asia,road_minus_spatial,ghsl_only,0.0499999999999999,0.0950912614234869,0.0934713977605562
Bangkok,Thailand,Asia,road_minus_spatial,ghsl_only,0.125,0.09164581547373585,0.09515637778528846
Kuala Lumpur,Malaysia,Asia,road_minus_spatial,ghsl_only,0.0749999999999999,0.09453754264202908,0.09293404379639288
Jakarta,Indonesia,Asia,road_minus_spatial,ghsl_only,0.0749999999999999,0.10619206120875078,0.10488789596728457
Manila,Philippines,Asia,road_minus_spatial,ghsl_only,0.075,0.11289120688417675,0.10793851290688573
Mumbai,India,Asia,road_minus_spatial,ghsl_only,0.0999999999999999,0.10220640337202684,0.10379250193257493
Bengaluru,India,Asia,road_minus_spatial,ghsl_only,0.125,0.10868185970778145,0.10578125852298981
Los Angeles,United States,North America,road_minus_spatial,ghsl_only,0.0749999999999999,0.09173779310617602,0.08725805852243781
New York City,United States,North America,road_minus_spatial,ghsl_only,0.0749999999999999,0.08143122621827581,0.08669206056864018
Montreal,Canada,North America,road_minus_spatial,ghsl_only,0.0999999999999999,0.0901120506829315,0.09124151409638125
Vancouver,Canada,North America,road_minus_spatial,ghsl_only,0.0749999999999999,0.08880840655932479,0.09014106864876353
London,United Kingdom,Europe,road_minus_spatial,ghsl_only,0.125,0.08564528823698037,0.08852491267282854
Paris,France,Europe,road_minus_spatial,ghsl_only,0.075,0.09050981247205114,0.08599860948621417
Amsterdam,Netherlands,Europe,road_minus_spatial,ghsl_only,0.0999999999999999,0.08791522172921291,0.08924880642967774
Barcelona,Spain,Europe,road_minus_spatial,ghsl_only,0.0749999999999999,0.09529069908890901,0.09233012205098719
Warsaw,Poland,Europe,road_minus_spatial,ghsl_only,0.0999999999999999,0.09341152581942412,0.09164331066328774
Prague,Czechia,Europe,road_minus_spatial,ghsl_only,0.0749999999999999,0.08941450063461462,0.08832653768628376
Rome,Italy,Europe,road_minus_spatial,ghsl_only,0.075,0.09077920102768518,0.09178582114272983
Milan,Italy,Europe,road_minus_spatial,ghsl_only,0.05,0.09491748724742287,0.09093247180796153
Lagos,Nigeria,Africa,road_minus_spatial,ghsl_only,0.125,0.10774341478995063,0.10968604913356593
Addis Ababa,Ethiopia,Africa,road_minus_spatial,ghsl_only,0.0999999999999999,0.10715904974418639,0.10813940012770008
Dakar,Senegal,Africa,road_minus_spatial,ghsl_only,0.125,0.10980507410092671,0.11097435475531979
Kampala,Uganda,Africa,road_minus_spatial,ghsl_only,0.125,0.11230890604418918,0.11491689161606258
Dar es Salaam,Tanzania,Africa,road_minus_spatial,ghsl_only,0.15,0.11011715174006849,0.11049067636326458
Tunis,Tunisia,Africa,road_minus_spatial,ghsl_only,0.0999999999999999,0.09703953731858506,0.1009104207316567
Algiers,Algeria,Africa,road_minus_spatial,ghsl_only,0.0999999999999999,0.10343264846942135,0.10309002716009051
Buenos Aires,Argentina,Latin America,road_minus_spatial,ghsl_only,0.0749999999999999,0.0945145923530283,0.09298144592595965
Rio de Janeiro,Brazil,Latin America,road_minus_spatial,ghsl_only,0.0999999999999999,0.09999257055436869,0.10039549463180149
Quito,Ecuador,Latin America,road_minus_spatial,ghsl_only,0.125,0.09714396132007504,0.10120823046463852
Montevideo,Uruguay,Latin America,road_minus_spatial,ghsl_only,0.0749999999999999,0.09899122496114615,0.09593299871249172
Panama City,Panama,Latin America,road_minus_spatial,ghsl_only,0.0999999999999999,0.10216618543558181,0.10000386013315343
Delhi,India,Asia,road_minus_spatial,ghsl_only,0.0999999999999999,0.10569186158321338,0.1045460164095353
Chennai,India,Asia,road_minus_spatial,ghsl_only,0.125,0.10480544952856054,0.10466190292237816
Hyderabad,India,Asia,road_minus_spatial,ghsl_only,0.125,0.10218705947663936,0.106776552925735
Karachi,Pakistan,Asia,road_minus_spatial,ghsl_only,0.1,0.12647878374342966,0.11889256435975044
Dhaka,Bangladesh,Asia,road_minus_spatial,ghsl_only,0.0999999999999999,0.10703930355823235,0.11163032675608495
Hanoi,Vietnam,Asia,road_minus_spatial,ghsl_only,0.15,0.09995433924232688,0.10450900169783403
Ho Chi Minh City,Vietnam,Asia,road_minus_spatial,ghsl_only,0.125,0.10565836282758109,0.10475670607537853
Singapore,Singapore,Asia,road_minus_spatial,ghsl_only,0.075,0.08310269451793958,0.08050963973548608
Hong Kong,China,Asia,road_minus_spatial,ghsl_only,0.075,0.0897727765930332,0.087691046668377
Osaka,Japan,Asia,road_minus_spatial,ghsl_only,0.0999999999999999,0.09066240662902336,0.08898820746733277
Sydney,Australia,Oceania,road_minus_spatial,ghsl_only,0.0749999999999999,0.0912410874917884,0.08615499475602392
Melbourne,Australia,Oceania,road_minus_spatial,ghsl_only,0.0999999999999999,0.0858720257424812,0.08525134117960001
Auckland,New Zealand,Oceania,road_minus_spatial,ghsl_only,0.0749999999999999,0.08574436392580428,0.0885967414055959
Brisbane,Australia,Oceania,road_minus_spatial,ghsl_only,0.0749999999999999,0.08649253409954723,0.08662255117262828
Chicago,United States,North America,road_minus_spatial,ghsl_only,0.0999999999999999,0.08971629616075051,0.09031833315940008
Toronto,Canada,North America,road_minus_spatial,ghsl_only,0.075,0.08714091271111296,0.08834837435948743
Seattle,United States,North America,road_minus_spatial,ghsl_only,0.0999999999999999,0.09135130307766551,0.09046609035665246
San Francisco,United States,North America,road_minus_spatial,ghsl_only,0.0749999999999999,0.09268592704637557,0.0888789539931707
Boston,United States,North America,road_minus_spatial,ghsl_only,0.1,0.08750591145812682,0.0867517673589274
Miami,United States,North America,road_minus_spatial,ghsl_only,0.0749999999999999,0.09516989042963206,0.09153883163103715
Riyadh,Saudi Arabia,Middle East,road_minus_spatial,ghsl_only,0.1,0.0945734376436794,0.09294220610189617
Tel Aviv,Israel,Middle East,road_minus_spatial,ghsl_only,0.075,0.08858324272343404,0.08882130853095978
Tehran,Iran,Middle East,road_minus_spatial,ghsl_only,0.0999999999999999,0.09990953406159689,0.09822242808149888
Lisbon,Portugal,Europe,road_minus_spatial,wdi_only,0.125,0.09545449986517514,0.09846327527114203
Vienna,Austria,Europe,road_minus_spatial,wdi_only,0.075,0.08930727688467917,0.09114563175088569
Athens,Greece,Europe,road_minus_spatial,wdi_only,0.0999999999999999,0.09003406180810485,0.09163415368407497
Istanbul,Turkey,Middle East,road_minus_spatial,wdi_only,0.1,0.08946144452544592,0.09098576530508441
Dubai,United Arab Emirates,Middle East,road_minus_spatial,wdi_only,0.0749999999999999,0.09826393694508408,0.09256875201564672
Cairo,Egypt,Africa,road_minus_spatial,wdi_only,0.0999999999999999,0.10662303107422133,0.10773601612091478
Nairobi,Kenya,Africa,road_minus_spatial,wdi_only,0.1499999999999999,0.10555824205586117,0.11364335716790692
Accra,Ghana,Africa,road_minus_spatial,wdi_only,0.0999999999999999,0.10649671404553798,0.1060537201319712
Johannesburg,South Africa,Africa,road_minus_spatial,wdi_only,0.075,0.10565635908479387,0.10268998791570785
Casablanca,Morocco,Africa,road_minus_spatial,wdi_only,0.1,0.10140801505542386,0.10156423624862153
Mexico City,Mexico,Latin America,road_minus_spatial,wdi_only,0.0999999999999999,0.09509561868698618,0.09564056107680509
Bogota,Colombia,Latin America,road_minus_spatial,wdi_only,0.0999999999999999,0.0997791411825172,0.09794567909852014
Lima,Peru,Latin America,road_minus_spatial,wdi_only,0.0999999999999999,0.09300555592026866,0.09487894655867002
Santiago,Chile,Latin America,road_minus_spatial,wdi_only,0.0999999999999999,0.08976147173463586,0.09138652630916036
Sao Paulo,Brazil,Latin America,road_minus_spatial,wdi_only,0.1,0.09249417852899745,0.09329175859260966
Tokyo,Japan,Asia,road_minus_spatial,wdi_only,0.0999999999999999,0.08155406181621609,0.08399588252371311
Seoul,South Korea,Asia,road_minus_spatial,wdi_only,0.125,0.08644522172562709,0.08798545657271375
Taipei,Taiwan,Asia,road_minus_spatial,wdi_only,0.0499999999999999,0.0957999449469608,0.09497183960683103
Bangkok,Thailand,Asia,road_minus_spatial,wdi_only,0.125,0.10094481165585537,0.10121816487127397
Kuala Lumpur,Malaysia,Asia,road_minus_spatial,wdi_only,0.0749999999999999,0.0986656209683552,0.09698379624731542
Jakarta,Indonesia,Asia,road_minus_spatial,wdi_only,0.0749999999999999,0.10281427578095366,0.10336416017084524
Manila,Philippines,Asia,road_minus_spatial,wdi_only,0.075,0.10437205037807916,0.10407140658482922
Mumbai,India,Asia,road_minus_spatial,wdi_only,0.0999999999999999,0.10672313210659773,0.1101618578497048
Bengaluru,India,Asia,road_minus_spatial,wdi_only,0.125,0.1087450707321386,0.1101618578497048
Los Angeles,United States,North America,road_minus_spatial,wdi_only,0.0749999999999999,0.09175561997837978,0.08590545960465722
New York City,United States,North America,road_minus_spatial,wdi_only,0.0749999999999999,0.08626859429726406,0.08590545960465722
Montreal,Canada,North America,road_minus_spatial,wdi_only,0.0999999999999999,0.0871599977983643,0.09098541122590337
Vancouver,Canada,North America,road_minus_spatial,wdi_only,0.0749999999999999,0.09425125005494643,0.09098541122590337
London,United Kingdom,Europe,road_minus_spatial,wdi_only,0.125,0.08441145795057675,0.08719500424774959
Paris,France,Europe,road_minus_spatial,wdi_only,0.075,0.09329541807427622,0.088557516902151
Amsterdam,Netherlands,Europe,road_minus_spatial,wdi_only,0.0999999999999999,0.07783146051512743,0.08190230927565915
Barcelona,Spain,Europe,road_minus_spatial,wdi_only,0.0749999999999999,0.09302810142768891,0.09147046547671196
Warsaw,Poland,Europe,road_minus_spatial,wdi_only,0.0999999999999999,0.09488966977009147,0.0968482583876666
Prague,Czechia,Europe,road_minus_spatial,wdi_only,0.0749999999999999,0.0910198881241358,0.0932727471681085
Rome,Italy,Europe,road_minus_spatial,wdi_only,0.075,0.08997603599261844,0.09207509999882732
Milan,Italy,Europe,road_minus_spatial,wdi_only,0.05,0.09863747271705368,0.09207509999882732
Lagos,Nigeria,Africa,road_minus_spatial,wdi_only,0.125,0.10139516303676006,0.10458066784509834
Addis Ababa,Ethiopia,Africa,road_minus_spatial,wdi_only,0.0999999999999999,0.12123099673378729,0.11906259349276532
Dakar,Senegal,Africa,road_minus_spatial,wdi_only,0.125,0.10690868706250553,0.10714572449965304
Kampala,Uganda,Africa,road_minus_spatial,wdi_only,0.125,0.11951432438231137,0.11763497326811774
Dar es Salaam,Tanzania,Africa,road_minus_spatial,wdi_only,0.15,0.11574752788328067,0.11577299192370372
Tunis,Tunisia,Africa,road_minus_spatial,wdi_only,0.0999999999999999,0.09567754811782223,0.09850855754828035
Algiers,Algeria,Africa,road_minus_spatial,wdi_only,0.0999999999999999,0.0991897457585978,0.09790457163682915
Buenos Aires,Argentina,Latin America,road_minus_spatial,wdi_only,0.0749999999999999,0.09298320665863742,0.09017186318889944
Rio de Janeiro,Brazil,Latin America,road_minus_spatial,wdi_only,0.0999999999999999,0.09472877052402896,0.09329175859260966
Quito,Ecuador,Latin America,road_minus_spatial,wdi_only,0.125,0.09535371407843804,0.10139082769763957
Montevideo,Uruguay,Latin America,road_minus_spatial,wdi_only,0.0749999999999999,0.08725103397850414,0.0872397416890304
Panama City,Panama,Latin America,road_minus_spatial,wdi_only,0.0999999999999999,0.10199877048397604,0.0997221010070848
Delhi,India,Asia,road_minus_spatial,wdi_only,0.0999999999999999,0.1087450707321386,0.1101618578497048
Chennai,India,Asia,road_minus_spatial,wdi_only,0.125,0.10837863529832323,0.1101618578497048
Hyderabad,India,Asia,road_minus_spatial,wdi_only,0.125,0.10672313210659773,0.1101618578497048
Karachi,Pakistan,Asia,road_minus_spatial,wdi_only,0.1,0.11112303708994008,0.11046871981877301
Dhaka,Bangladesh,Asia,road_minus_spatial,wdi_only,0.0999999999999999,0.10600149032932604,0.11257492997849128
Hanoi,Vietnam,Asia,road_minus_spatial,wdi_only,0.15,0.10172703052668487,0.10917200601269794
Ho Chi Minh City,Vietnam,Asia,road_minus_spatial,wdi_only,0.125,0.11025084766790968,0.10917200601269794
Singapore,Singapore,Asia,road_minus_spatial,wdi_only,0.075,0.12620641778386682,0.07885848315790764
Hong Kong,China,Asia,road_minus_spatial,wdi_only,0.075,0.10064307724538137,0.09802637984035585
Osaka,Japan,Asia,road_minus_spatial,wdi_only,0.0999999999999999,0.08774711795912003,0.08399588252371311
Sydney,Australia,Oceania,road_minus_spatial,wdi_only,0.0749999999999999,0.08813641974118593,0.0852408333294968
Melbourne,Australia,Oceania,road_minus_spatial,wdi_only,0.0999999999999999,0.08892496894511495,0.0852408333294968
Auckland,New Zealand,Oceania,road_minus_spatial,wdi_only,0.0749999999999999,0.08601904577752949,0.08896901229164904
Brisbane,Australia,Oceania,road_minus_spatial,wdi_only,0.0749999999999999,0.08892496894511495,0.0852408333294968
Chicago,United States,North America,road_minus_spatial,wdi_only,0.0999999999999999,0.08626859429726406,0.08590545960465722
Toronto,Canada,North America,road_minus_spatial,wdi_only,0.075,0.09103020464823051,0.09098541122590337
Seattle,United States,North America,road_minus_spatial,wdi_only,0.0999999999999999,0.08557425659791935,0.08590545960465722
San Francisco,United States,North America,road_minus_spatial,wdi_only,0.0749999999999999,0.09175561997837978,0.08590545960465722
Boston,United States,North America,road_minus_spatial,wdi_only,0.1,0.08557425659791935,0.08590545960465722
Miami,United States,North America,road_minus_spatial,wdi_only,0.0749999999999999,0.09175561997837978,0.08590545960465722
Riyadh,Saudi Arabia,Middle East,road_minus_spatial,wdi_only,0.1,0.09042986105049693,0.09648180789674964
Tel Aviv,Israel,Middle East,road_minus_spatial,wdi_only,0.075,0.08623191503250557,0.08638854149615466
Tehran,Iran,Middle East,road_minus_spatial,wdi_only,0.0999999999999999,0.09879682618522978,0.09702404315282323
Lisbon,Portugal,Europe,road_minus_spatial,graph_plus_ghsl,0.125,0.09146510830364359,0.09722414626512642
Vienna,Austria,Europe,road_minus_spatial,graph_plus_ghsl,0.075,0.08778916416164484,0.0871892897458994
Athens,Greece,Europe,road_minus_spatial,graph_plus_ghsl,0.0999999999999999,0.08240063245943269,0.08922769922763615
Istanbul,Turkey,Middle East,road_minus_spatial,graph_plus_ghsl,0.1,0.09706412595166973,0.09987059290808142
Dubai,United Arab Emirates,Middle East,road_minus_spatial,graph_plus_ghsl,0.0749999999999999,0.078718259608811,0.07963437545220256
Cairo,Egypt,Africa,road_minus_spatial,graph_plus_ghsl,0.0999999999999999,0.11953930833175619,0.11487519584395076
Nairobi,Kenya,Africa,road_minus_spatial,graph_plus_ghsl,0.1499999999999999,0.11160237402346777,0.11872023056876324
Accra,Ghana,Africa,road_minus_spatial,graph_plus_ghsl,0.0999999999999999,0.10689022501938206,0.10732480152052071
Johannesburg,South Africa,Africa,road_minus_spatial,graph_plus_ghsl,0.075,0.09552770007759508,0.09398131716436073
Casablanca,Morocco,Africa,road_minus_spatial,graph_plus_ghsl,0.1,0.09572463631759268,0.09810561620600088
Mexico City,Mexico,Latin America,road_minus_spatial,graph_plus_ghsl,0.0999999999999999,0.09754324792743811,0.09786029776408174
Bogota,Colombia,Latin America,road_minus_spatial,graph_plus_ghsl,0.0999999999999999,0.09794965644878253,0.09856401897306216
Lima,Peru,Latin America,road_minus_spatial,graph_plus_ghsl,0.0999999999999999,0.0927922626325617,0.09597800326119232
Santiago,Chile,Latin America,road_minus_spatial,graph_plus_ghsl,0.0999999999999999,0.09136815778698432,0.09268758817695055
Sao Paulo,Brazil,Latin America,road_minus_spatial,graph_plus_ghsl,0.1,0.09082207727017322,0.0944553144202301
Tokyo,Japan,Asia,road_minus_spatial,graph_plus_ghsl,0.0999999999999999,0.0823235990795087,0.08448534752769575
Seoul,South Korea,Asia,road_minus_spatial,graph_plus_ghsl,0.125,0.08880924726721992,0.09348559368895729
Taipei,Taiwan,Asia,road_minus_spatial,graph_plus_ghsl,0.0499999999999999,0.083591339969328,0.07921865272313341
Bangkok,Thailand,Asia,road_minus_spatial,graph_plus_ghsl,0.125,0.12195044669304772,0.12338904647518585
Kuala Lumpur,Malaysia,Asia,road_minus_spatial,graph_plus_ghsl,0.0749999999999999,0.09808739374103424,0.09503735186904098
Jakarta,Indonesia,Asia,road_minus_spatial,graph_plus_ghsl,0.0749999999999999,0.11326735509852309,0.10955888246222487
Manila,Philippines,Asia,road_minus_spatial,graph_plus_ghsl,0.075,0.10458484901970684,0.09948176306078979
Mumbai,India,Asia,road_minus_spatial,graph_plus_ghsl,0.0999999999999999,0.09559201869352067,0.0986314263607225
Bengaluru,India,Asia,road_minus_spatial,graph_plus_ghsl,0.125,0.11963606213824739,0.11881247761377314
Los Angeles,United States,North America,road_minus_spatial,graph_plus_ghsl,0.0749999999999999,0.0862426223405303,0.08249051825575614
New York City,United States,North America,road_minus_spatial,graph_plus_ghsl,0.0749999999999999,0.0692808119711952,0.07394553866226339
Montreal,Canada,North America,road_minus_spatial,graph_plus_ghsl,0.0999999999999999,0.08029650563329035,0.08344338982155049
Vancouver,Canada,North America,road_minus_spatial,graph_plus_ghsl,0.0749999999999999,0.08693193556168108,0.08677667646654244
London,United Kingdom,Europe,road_minus_spatial,graph_plus_ghsl,0.125,0.1014982840958374,0.10484821170832016
Paris,France,Europe,road_minus_spatial,graph_plus_ghsl,0.075,0.08644141219721384,0.08183376604614134
Amsterdam,Netherlands,Europe,road_minus_spatial,graph_plus_ghsl,0.0999999999999999,0.08802713338932902,0.08923618693181502
Barcelona,Spain,Europe,road_minus_spatial,graph_plus_ghsl,0.0749999999999999,0.08422878433742677,0.0812150319686495
Warsaw,Poland,Europe,road_minus_spatial,graph_plus_ghsl,0.0999999999999999,0.09408329667512531,0.09298659160826213
Prague,Czechia,Europe,road_minus_spatial,graph_plus_ghsl,0.0749999999999999,0.09403533166504237,0.09216249705937762
Rome,Italy,Europe,road_minus_spatial,graph_plus_ghsl,0.075,0.08682038716240305,0.0886538533134812
Milan,Italy,Europe,road_minus_spatial,graph_plus_ghsl,0.05,0.08622045593140472,0.08168006589719021
Lagos,Nigeria,Africa,road_minus_spatial,graph_plus_ghsl,0.125,0.10627341428772774,0.10745578738274687
Addis Ababa,Ethiopia,Africa,road_minus_spatial,graph_plus_ghsl,0.0999999999999999,0.11194211404627108,0.11136900275392911
Dakar,Senegal,Africa,road_minus_spatial,graph_plus_ghsl,0.125,0.10413258818392608,0.10823563707689403
Kampala,Uganda,Africa,road_minus_spatial,graph_plus_ghsl,0.125,0.12690626162700966,0.12908661250254763
Dar es Salaam,Tanzania,Africa,road_minus_spatial,graph_plus_ghsl,0.15,0.10959669345672905,0.11124497836002377
Tunis,Tunisia,Africa,road_minus_spatial,graph_plus_ghsl,0.0999999999999999,0.10006448083585967,0.10315211203207413
Algiers,Algeria,Africa,road_minus_spatial,graph_plus_ghsl,0.0999999999999999,0.10700220528877254,0.10659749793805852
Buenos Aires,Argentina,Latin America,road_minus_spatial,graph_plus_ghsl,0.0749999999999999,0.07792485820981268,0.07682677242703186
Rio de Janeiro,Brazil,Latin America,road_minus_spatial,graph_plus_ghsl,0.0999999999999999,0.09455528797170223,0.09472771936211474
Quito,Ecuador,Latin America,road_minus_spatial,graph_plus_ghsl,0.125,0.10228587841802458,0.10691323767526911
Montevideo,Uruguay,Latin America,road_minus_spatial,graph_plus_ghsl,0.0749999999999999,0.09390709613630946,0.0886254938005219
Panama City,Panama,Latin America,road_minus_spatial,graph_plus_ghsl,0.0999999999999999,0.10199578504741781,0.10056238601966531
Delhi,India,Asia,road_minus_spatial,graph_plus_ghsl,0.0999999999999999,0.10604441974262718,0.10484283185785528
Chennai,India,Asia,road_minus_spatial,graph_plus_ghsl,0.125,0.11039465825906725,0.11190757059184253
Hyderabad,India,Asia,road_minus_spatial,graph_plus_ghsl,0.125,0.11760219569548797,0.12059371296619834
Karachi,Pakistan,Asia,road_minus_spatial,graph_plus_ghsl,0.1,0.116273781542357,0.11292775563029972
Dhaka,Bangladesh,Asia,road_minus_spatial,graph_plus_ghsl,0.0999999999999999,0.10714321360827676,0.1101355327997326
Hanoi,Vietnam,Asia,road_minus_spatial,graph_plus_ghsl,0.15,0.10078249717841745,0.10561939835323421
Ho Chi Minh City,Vietnam,Asia,road_minus_spatial,graph_plus_ghsl,0.125,0.11699952464444402,0.11576703928205061
Singapore,Singapore,Asia,road_minus_spatial,graph_plus_ghsl,0.075,0.08069279552705465,0.07872741723203372
Hong Kong,China,Asia,road_minus_spatial,graph_plus_ghsl,0.075,0.07768028384054514,0.07382632581700423
Osaka,Japan,Asia,road_minus_spatial,graph_plus_ghsl,0.0999999999999999,0.0958625781479823,0.09378542094699455
Sydney,Australia,Oceania,road_minus_spatial,graph_plus_ghsl,0.0749999999999999,0.09423659909280689,0.08989998502635471
Melbourne,Australia,Oceania,road_minus_spatial,graph_plus_ghsl,0.0999999999999999,0.0885324601485474,0.0880376888280084
Auckland,New Zealand,Oceania,road_minus_spatial,graph_plus_ghsl,0.0749999999999999,0.09210121233879211,0.09380969535612275
Brisbane,Australia,Oceania,road_minus_spatial,graph_plus_ghsl,0.0749999999999999,0.08871010286943413,0.08976463885435404
Chicago,United States,North America,road_minus_spatial,graph_plus_ghsl,0.0999999999999999,0.07405476907330116,0.07882845623367299
Toronto,Canada,North America,road_minus_spatial,graph_plus_ghsl,0.075,0.0849199792861606,0.08803538859205974
Seattle,United States,North America,road_minus_spatial,graph_plus_ghsl,0.0999999999999999,0.08874667537249395,0.08988447517376766
San Francisco,United States,North America,road_minus_spatial,graph_plus_ghsl,0.0749999999999999,0.08646536536195881,0.08295230101813537
Boston,United States,North America,road_minus_spatial,graph_plus_ghsl,0.1,0.08933169429185042,0.09074885315058503
Miami,United States,North America,road_minus_spatial,graph_plus_ghsl,0.0749999999999999,0.08886405057372385,0.08634348315822228
Riyadh,Saudi Arabia,Middle East,road_minus_spatial,graph_plus_ghsl,0.1,0.09329882789925774,0.09339299874936703
Tel Aviv,Israel,Middle East,road_minus_spatial,graph_plus_ghsl,0.075,0.0869375857315426,0.08564052195441967
Tehran,Iran,Middle East,road_minus_spatial,graph_plus_ghsl,0.0999999999999999,0.11648694080510259,0.11265991407786997
Lisbon,Portugal,Europe,road_minus_spatial,graph_plus_ghsl_wdi,0.125,0.09178460364651911,0.09759151914952965
Vienna,Austria,Europe,road_minus_spatial,graph_plus_ghsl_wdi,0.075,0.08772723296194665,0.08726934653103077
Athens,Greece,Europe,road_minus_spatial,graph_plus_ghsl_wdi,0.0999999999999999,0.0826390725703764,0.08910278476540276
Istanbul,Turkey,Middle East,road_minus_spatial,graph_plus_ghsl_wdi,0.1,0.095383955400264,0.09843759775735238
Dubai,United Arab Emirates,Middle East,road_minus_spatial,graph_plus_ghsl_wdi,0.0749999999999999,0.08195313338322285,0.0806914139292858
Cairo,Egypt,Africa,road_minus_spatial,graph_plus_ghsl_wdi,0.0999999999999999,0.1179619157197636,0.1145156741720334
Nairobi,Kenya,Africa,road_minus_spatial,graph_plus_ghsl_wdi,0.1499999999999999,0.11116345351752947,0.11847180712390758
Accra,Ghana,Africa,road_minus_spatial,graph_plus_ghsl_wdi,0.0999999999999999,0.10725468226212927,0.1074420895146921
Johannesburg,South Africa,Africa,road_minus_spatial,graph_plus_ghsl_wdi,0.075,0.09727761768159293,0.0952116141941696
Casablanca,Morocco,Africa,road_minus_spatial,graph_plus_ghsl_wdi,0.1,0.09592045918292702,0.09801906057466767
Mexico City,Mexico,Latin America,road_minus_spatial,graph_plus_ghsl_wdi,0.0999999999999999,0.09685995238978917,0.09739108561704488
Bogota,Colombia,Latin America,road_minus_spatial,graph_plus_ghsl_wdi,0.0999999999999999,0.0980583010912844,0.09839711416681646
Lima,Peru,Latin America,road_minus_spatial,graph_plus_ghsl_wdi,0.0999999999999999,0.09208573178020596,0.09539120422214821
Santiago,Chile,Latin America,road_minus_spatial,graph_plus_ghsl_wdi,0.0999999999999999,0.09102313240429935,0.09277480470702028
Sao Paulo,Brazil,Latin America,road_minus_spatial,graph_plus_ghsl_wdi,0.1,0.09104659766410177,0.09446616982506537
Tokyo,Japan,Asia,road_minus_spatial,graph_plus_ghsl_wdi,0.0999999999999999,0.08166936758099481,0.08403898379390927
Seoul,South Korea,Asia,road_minus_spatial,graph_plus_ghsl_wdi,0.125,0.08814064082450244,0.09261606136872647
Taipei,Taiwan,Asia,road_minus_spatial,graph_plus_ghsl_wdi,0.0499999999999999,0.08485853155981074,0.08019926098825626
Bangkok,Thailand,Asia,road_minus_spatial,graph_plus_ghsl_wdi,0.125,0.12082973204847196,0.12197548817935674
Kuala Lumpur,Malaysia,Asia,road_minus_spatial,graph_plus_ghsl_wdi,0.0749999999999999,0.09852197960212593,0.09547859373462125
Jakarta,Indonesia,Asia,road_minus_spatial,graph_plus_ghsl_wdi,0.0749999999999999,0.11254584538716124,0.10897736951633148
Manila,Philippines,Asia,road_minus_spatial,graph_plus_ghsl_wdi,0.075,0.10452119904412181,0.09957024025885415
Mumbai,India,Asia,road_minus_spatial,graph_plus_ghsl_wdi,0.0999999999999999,0.09829720017939794,0.10052364263854104
Bengaluru,India,Asia,road_minus_spatial,graph_plus_ghsl_wdi,0.125,0.11974411386234723,0.11934839655609447
Los Angeles,United States,North America,road_minus_spatial,graph_plus_ghsl_wdi,0.0749999999999999,0.08666804177127557,0.08311874474927455
New York City,United States,North America,road_minus_spatial,graph_plus_ghsl_wdi,0.0749999999999999,0.07100733956769506,0.07520034087461583
Montreal,Canada,North America,road_minus_spatial,graph_plus_ghsl_wdi,0.0999999999999999,0.07957829681166331,0.0838747640129825
Vancouver,Canada,North America,road_minus_spatial,graph_plus_ghsl_wdi,0.0749999999999999,0.08801056522280198,0.08689599986885702
London,United Kingdom,Europe,road_minus_spatial,graph_plus_ghsl_wdi,0.125,0.10040520255270152,0.10320739044879111
Paris,France,Europe,road_minus_spatial,graph_plus_ghsl_wdi,0.075,0.08616932769847728,0.08234259661206995
Amsterdam,Netherlands,Europe,road_minus_spatial,graph_plus_ghsl_wdi,0.0999999999999999,0.0861373842558871,0.08763551082891241
Barcelona,Spain,Europe,road_minus_spatial,graph_plus_ghsl_wdi,0.0749999999999999,0.08386271486532033,0.08176142171542013
Warsaw,Poland,Europe,road_minus_spatial,graph_plus_ghsl_wdi,0.0999999999999999,0.09387773246618049,0.0932045892424645
Prague,Czechia,Europe,road_minus_spatial,graph_plus_ghsl_wdi,0.0749999999999999,0.09338721253532575,0.09196879800356612
Rome,Italy,Europe,road_minus_spatial,graph_plus_ghsl_wdi,0.075,0.08662199991539742,0.0889081636941803
Milan,Italy,Europe,road_minus_spatial,graph_plus_ghsl_wdi,0.05,0.08667185128751004,0.0827387453964201
Lagos,Nigeria,Africa,road_minus_spatial,graph_plus_ghsl_wdi,0.125,0.10525571585082677,0.10674537914612381
Addis Ababa,Ethiopia,Africa,road_minus_spatial,graph_plus_ghsl_wdi,0.0999999999999999,0.11524139291718263,0.11292116534232424
Dakar,Senegal,Africa,road_minus_spatial,graph_plus_ghsl_wdi,0.125,0.10409528299574695,0.10733847877595716
Kampala,Uganda,Africa,road_minus_spatial,graph_plus_ghsl_wdi,0.125,0.12919889263100864,0.12901100249663824
Dar es Salaam,Tanzania,Africa,road_minus_spatial,graph_plus_ghsl_wdi,0.15,0.10986360650189242,0.11219739063006053
Tunis,Tunisia,Africa,road_minus_spatial,graph_plus_ghsl_wdi,0.0999999999999999,0.09911291574675411,0.10232775896446292
Algiers,Algeria,Africa,road_minus_spatial,graph_plus_ghsl_wdi,0.0999999999999999,0.10581182915597576,0.10484917177233227
Buenos Aires,Argentina,Latin America,road_minus_spatial,graph_plus_ghsl_wdi,0.0749999999999999,0.0792531935747088,0.0773813779571204
Rio de Janeiro,Brazil,Latin America,road_minus_spatial,graph_plus_ghsl_wdi,0.0999999999999999,0.09479493001745204,0.09449162787292589
Quito,Ecuador,Latin America,road_minus_spatial,graph_plus_ghsl_wdi,0.125,0.10103073205106942,0.10651344442931349
Montevideo,Uruguay,Latin America,road_minus_spatial,graph_plus_ghsl_wdi,0.0749999999999999,0.09204273733789999,0.0872466702294612
Panama City,Panama,Latin America,road_minus_spatial,graph_plus_ghsl_wdi,0.0999999999999999,0.10271096681731598,0.10080588920554624
Delhi,India,Asia,road_minus_spatial,graph_plus_ghsl_wdi,0.0999999999999999,0.10712768100596762,0.10640905328982618
Chennai,India,Asia,road_minus_spatial,graph_plus_ghsl_wdi,0.125,0.11194848390216702,0.112832071460607
Hyderabad,India,Asia,road_minus_spatial,graph_plus_ghsl_wdi,0.125,0.11832842592756608,0.1209357322734085
Karachi,Pakistan,Asia,road_minus_spatial,graph_plus_ghsl_wdi,0.1,0.1142683804147982,0.11171800555038819
Dhaka,Bangladesh,Asia,road_minus_spatial,graph_plus_ghsl_wdi,0.0999999999999999,0.10754973054293304,0.11060508551380288
Hanoi,Vietnam,Asia,road_minus_spatial,graph_plus_ghsl_wdi,0.15,0.10094763308702384,0.1064214229426633
Ho Chi Minh City,Vietnam,Asia,road_minus_spatial,graph_plus_ghsl_wdi,0.125,0.1174436927978692,0.11548382260915506
Singapore,Singapore,Asia,road_minus_spatial,graph_plus_ghsl_wdi,0.075,0.08771344494320453,0.07751305558467522
Hong Kong,China,Asia,road_minus_spatial,graph_plus_ghsl_wdi,0.075,0.08054948515593308,0.07652558445432699
Osaka,Japan,Asia,road_minus_spatial,graph_plus_ghsl_wdi,0.0999999999999999,0.0946929974315578,0.09257624228628664
Sydney,Australia,Oceania,road_minus_spatial,graph_plus_ghsl_wdi,0.0749999999999999,0.09384216454698992,0.08965795751515579
Melbourne,Australia,Oceania,road_minus_spatial,graph_plus_ghsl_wdi,0.0999999999999999,0.08903283580223632,0.08796882051032745
Auckland,New Zealand,Oceania,road_minus_spatial,graph_plus_ghsl_wdi,0.0749999999999999,0.09164096765349648,0.093552662032579
Brisbane,Australia,Oceania,road_minus_spatial,graph_plus_ghsl_wdi,0.0749999999999999,0.08921994172720982,0.08954907510083411
Chicago,United States,North America,road_minus_spatial,graph_plus_ghsl_wdi,0.0999999999999999,0.07502945839798686,0.07929932927342222
Toronto,Canada,North America,road_minus_spatial,graph_plus_ghsl_wdi,0.075,0.08532308132199003,0.08811032787371516
Seattle,United States,North America,road_minus_spatial,graph_plus_ghsl_wdi,0.0999999999999999,0.08807117286950504,0.08969375281890707
San Francisco,United States,North America,road_minus_spatial,graph_plus_ghsl_wdi,0.0749999999999999,0.08754169450138954,0.08319405642418996
Boston,United States,North America,road_minus_spatial,graph_plus_ghsl_wdi,0.1,0.08881449496677223,0.09079358561120913
Miami,United States,North America,road_minus_spatial,graph_plus_ghsl_wdi,0.0749999999999999,0.08971333518755238,0.08625731653816192
Riyadh,Saudi Arabia,Middle East,road_minus_spatial,graph_plus_ghsl_wdi,0.1,0.09171123128806319,0.09361074238621386
Tel Aviv,Israel,Middle East,road_minus_spatial,graph_plus_ghsl_wdi,0.075,0.08665395500440509,0.08541776105957835
Tehran,Iran,Middle East,road_minus_spatial,graph_plus_ghsl_wdi,0.0999999999999999,0.11439694812349996,0.11128679133588198
